player,team,gp,g,a,tp,ppg,pim,+/-,season,league,position,link,playername
Felix Unger Sörum (RW/LW),Chicago Wolves,72,17,49,66,0.92,20,13,2025-2026,ahl,RW/LW,https://www.eliteprospects.com/player/618598/felix-unger-sorum,Felix Unger Sorum
Curtis McKenzie (W/C),Texas Stars,72,11,18,29,0.4,71,-4,2025-2026,ahl,W/C,https://www.eliteprospects.com/player/19277/curtis-mckenzie,Curtis Mckenzie
Trey Fix-Wolansky (RW/LW),Hartford Wolf Pack,72,31,24,55,0.76,121,-9,2025-2026,ahl,RW/LW,https://www.eliteprospects.com/player/257717/trey-fix-wolansky,Trey Fixwolansky
Matyas Sapovaliv (C/LW),Henderson Silver Knights,72,18,17,35,0.49,8,-9,2025-2026,ahl,C/LW,https://www.eliteprospects.com/player/559506/matyas-sapovaliv,Matyas Sapovaliv
Samuel Fagemo (LW/RW),Manitoba Moose,72,19,16,35,0.49,22,-22,2025-2026,ahl,LW/RW,https://www.eliteprospects.com/player/288459/samuel-fagemo,Samuel Fagemo
Jaret Anderson-Dolan (C/W),Manitoba Moose,72,13,23,36,0.5,58,-5,2025-2026,ahl,C/W,https://www.eliteprospects.com/player/278859/jaret-anderson-dolan,Jaret Andersondolan
Sean Farrell (C/LW),Laval Rocket,72,17,36,53,0.74,20,-2,2025-2026,ahl,C/LW,https://www.eliteprospects.com/player/386329/sean-farrell,Sean Farrell
Logan Shaw (RW/C),Toronto Marlies,72,23,31,54,0.75,45,-1,2025-2026,ahl,RW/C,https://www.eliteprospects.com/player/37280/logan-shaw,Logan Shaw
Matthew Seminoff (RW/C),Texas Stars,72,24,26,50,0.69,24,13,2025-2026,ahl,RW/C,https://www.eliteprospects.com/player/538928/matthew-seminoff,Matthew Seminoff
Clark Bishop (C/LW),Calgary Wranglers,72,14,13,27,0.38,63,-7,2025-2026,ahl,C/LW,https://www.eliteprospects.com/player/191376/clark-bishop,Clark Bishop
Jack Williams (RW/C),Cleveland Monsters,72,15,23,38,0.53,14,0,2025-2026,ahl,RW/C,https://www.eliteprospects.com/player/498800/jack-williams,Jack Williams
Dylan Roobroeck (C/LW),Hartford Wolf Pack,72,11,15,26,0.36,90,-17,2025-2026,ahl,C/LW,https://www.eliteprospects.com/player/603612/dylan-roobroeck,Dylan Roobroeck
Braden Haché (D),San Jose Barracuda,72,3,8,11,0.15,120,3,2025-2026,ahl,D,https://www.eliteprospects.com/player/614397/braden-hache,Braden Hache
Jérémy Davies (D),Henderson Silver Knights,72,9,38,47,0.65,74,1,2025-2026,ahl,D,https://www.eliteprospects.com/player/213454/jeremy-davies,Jeremy Davies
Riley Duran (RW/C),Providence Bruins,72,7,12,19,0.26,22,19,2025-2026,ahl,RW/C,manual_riley_duran_rw,Riley Duran
Tyson Jugnauth (D),Coachella Valley Firebirds,72,9,36,45,0.63,44,-2,2025-2026,ahl,D,manual_tyson_jugnauth_d,Tyson Jugnauth
Ben Steeves (LW/RW),Charlotte Checkers,72,23,22,45,0.63,100,3,2025-2026,ahl,LW/RW,https://www.eliteprospects.com/player/510338/ben-steeves,Ben Steeves
Phil Di Giuseppe (LW/RW),Manitoba Moose,72,15,20,35,0.49,74,-12,2025-2026,ahl,LW/RW,https://www.eliteprospects.com/player/62746/phil-di-giuseppe,Phil Di Giuseppe
Harrison Scott (C/LW),Texas Stars,72,18,14,32,0.44,38,-3,2025-2026,ahl,C/LW,https://www.eliteprospects.com/player/393183/harrison-scott,Harrison Scott
Andrew Cristall (LW),Hershey Bears,72,20,40,60,0.83,24,-6,2025-2026,ahl,LW,manual_andrew_cristall_lw,Andrew Cristall
Viljami Marjala (LW/C),Bakersfield Condors,72,17,43,60,0.83,22,-8,2025-2026,ahl,LW/C,https://www.eliteprospects.com/player/525657/viljami-marjala,Viljami Marjala
Dylan Duke (LW/C),Syracuse Crunch,72,32,27,59,0.82,42,-6,2025-2026,ahl,LW/C,https://www.eliteprospects.com/player/512163/dylan-duke,Dylan Duke
Noel Gunler (RW/LW),Chicago Wolves,71,15,20,35,0.49,56,-15,2025-2026,ahl,RW/LW,https://www.eliteprospects.com/player/393444/noel-gunler,Noel Gunler
Patrick Brown (C/RW),Providence Bruins,71,20,34,54,0.76,56,36,2025-2026,ahl,C/RW,https://www.eliteprospects.com/player/75038/patrick-brown,Patrick Brown
Jack Becker (C/RW),Texas Stars,71,14,26,40,0.56,36,16,2025-2026,ahl,C/RW,https://www.eliteprospects.com/player/248382/jack-becker,Jack Becker
Glenn Gawdin (C/RW),Ontario Reign,71,16,35,51,0.72,73,3,2025-2026,ahl,C/RW,https://www.eliteprospects.com/player/192245/glenn-gawdin,Glenn Gawdin
Mitch McLain (C/LW),Henderson Silver Knights,71,22,18,40,0.56,107,-5,2025-2026,ahl,C/LW,https://www.eliteprospects.com/player/193228/mitch-mclain,Mitch Mclain
Filip Mesar (RW),Laval Rocket,71,9,18,27,0.38,26,1,2025-2026,ahl,RW,https://www.eliteprospects.com/player/527430/filip-mesar,Filip Mesar
Jagger Joshua (LW/RW),Rochester Americans,71,8,18,26,0.37,101,-8,2025-2026,ahl,LW/RW,https://www.eliteprospects.com/player/317021/jagger-joshua,Jagger Joshua
Judd Caulfield (RW/LW),San Diego Gulls,71,17,21,38,0.54,14,0,2025-2026,ahl,RW/LW,https://www.eliteprospects.com/player/444997/judd-caulfield,Judd Caulfield
Corey Schueneman (D),Multiple Teams,71,6,25,31,0.44,27,9,2025-2026,ahl,D,https://www.eliteprospects.com/player/118661/corey-schueneman,Corey Schueneman
Justin Bailey (RW/LW),San Diego Gulls,71,25,17,42,0.59,40,1,2025-2026,ahl,RW/LW,https://www.eliteprospects.com/player/116970/justin-bailey,Justin Bailey
Sasha Pastujov (RW/LW),San Diego Gulls,71,21,36,57,0.8,26,3,2025-2026,ahl,RW/LW,https://www.eliteprospects.com/player/512165/sasha-pastujov,Sasha Pastujov
Martin Chromiak (RW/LW),Ontario Reign,71,28,28,56,0.79,14,1,2025-2026,ahl,RW/LW,https://www.eliteprospects.com/player/292067/martin-chromiak,Martin Chromiak
Seth Griffith (RW/C),Bakersfield Condors,71,18,49,67,0.94,50,-1,2025-2026,ahl,RW/C,https://www.eliteprospects.com/player/45606/seth-griffith,Seth Griffith
Riley Heidt (C/LW),Iowa Wild,71,8,17,25,0.35,38,-14,2025-2026,ahl,C/LW,https://www.eliteprospects.com/player/565748/riley-heidt,Riley Heidt
Mason Shaw (C/LW),Manitoba Moose,71,15,29,44,0.62,67,7,2025-2026,ahl,C/LW,https://www.eliteprospects.com/player/162926/mason-shaw,Mason Shaw
Casey Fitzgerald (D),Hartford Wolf Pack,71,4,19,23,0.32,85,-5,2025-2026,ahl,D,https://www.eliteprospects.com/player/177660/casey-fitzgerald,Casey Fitzgerald
Roland McKeown (D),San Diego Gulls,71,5,20,25,0.35,44,-19,2025-2026,ahl,D,https://www.eliteprospects.com/player/189364/roland-mckeown,Roland Mckeown
Stian Solberg (D),San Diego Gulls,71,12,12,24,0.34,102,-16,2025-2026,ahl,D,https://www.eliteprospects.com/player/619175/stian-solberg,Stian Solberg
Andrew Gibson (D),Milwaukee Admirals,71,2,11,13,0.18,80,-3,2025-2026,ahl,D,manual_andrew_gibson_d,Andrew Gibson
Samuel Poulin (W/C),Multiple Teams,71,21,28,49,0.69,55,15,2025-2026,ahl,W/C,https://www.eliteprospects.com/player/290171/samuel-poulin,Samuel Poulin
Ryan Carpenter (C/RW),San Diego Gulls,71,17,31,48,0.68,22,-9,2025-2026,ahl,C/RW,https://www.eliteprospects.com/player/46952/ryan-carpenter,Ryan Carpenter
Jimmy Huntington (C/LW),San Jose Barracuda,71,15,33,48,0.68,60,-3,2025-2026,ahl,C/LW,https://www.eliteprospects.com/player/254885/jimmy-huntington,Jimmy Huntington
Brian Pinho (C/RW),Charlotte Checkers,71,14,20,34,0.48,16,12,2025-2026,ahl,C/RW,https://www.eliteprospects.com/player/132024/brian-pinho,Brian Pinho
Matthew Phillips (RW/C),San Diego Gulls,71,16,36,52,0.73,18,-16,2025-2026,ahl,RW/C,https://www.eliteprospects.com/player/161060/matthew-phillips,Matthew Phillips
Nico Myatovic (LW/C),San Diego Gulls,71,7,12,19,0.27,28,6,2025-2026,ahl,LW/C,https://www.eliteprospects.com/player/650108/nico-myatovic,Nico Myatovic
Evan Vierling (C/W),Chicago Wolves,70,16,19,35,0.5,12,-12,2025-2026,ahl,C/W,https://www.eliteprospects.com/player/503023/evan-vierling,Evan Vierling
Austin Poganski (RW/LW),Tucson Roadrunners,70,23,33,56,0.8,18,0,2025-2026,ahl,RW/LW,https://www.eliteprospects.com/player/231724/austin-poganski,Austin Poganski
Xavier Bourgault (RW/C),Belleville Senators,70,25,32,57,0.81,34,-17,2025-2026,ahl,RW/C,https://www.eliteprospects.com/player/341629/xavier-bourgault,Xavier Bourgault
Georgii Merkulov (C/W),Providence Bruins,70,24,37,61,0.87,38,11,2025-2026,ahl,C/W,https://www.eliteprospects.com/player/395630/georgii-merkulov,Georgii Merkulov
Kole Lind (RW/LW),Texas Stars,70,11,24,35,0.5,95,-13,2025-2026,ahl,RW/LW,https://www.eliteprospects.com/player/200933/kole-lind,Kole Lind
Jamie Engelbert (C/LW),Rockford IceHogs,70,9,19,28,0.4,52,-13,2025-2026,ahl,C/LW,https://www.eliteprospects.com/player/416714/jamie-engelbert,Jamie Engelbert
Matthew Highmore (C/W),Bridgeport Islanders,70,15,25,40,0.57,24,-3,2025-2026,ahl,C/W,https://www.eliteprospects.com/player/130125/matthew-highmore,Matthew Highmore
Arthur Kaliyev (RW/LW),Belleville Senators,70,40,28,68,0.97,30,-13,2025-2026,ahl,RW/LW,https://www.eliteprospects.com/player/316114/arthur-kaliyev,Arthur Kaliyev
Alex Barré-Boulet (C/W),Colorado Eagles,70,26,44,70,1.0,30,15,2025-2026,ahl,C/W,https://www.eliteprospects.com/player/227670/alex-barre-boulet,Alex Barreboulet
Tristan Luneau (D),San Diego Gulls,70,10,31,41,0.59,29,-4,2025-2026,ahl,D,https://www.eliteprospects.com/player/491564/tristan-luneau,Tristan Luneau
Jackson Dorrington (D),Hartford Wolf Pack,70,2,9,11,0.16,69,-11,2025-2026,ahl,D,https://www.eliteprospects.com/player/603639/jackson-dorrington,Jackson Dorrington
Carson Lambos (D),Iowa Wild,70,8,11,19,0.27,48,-4,2025-2026,ahl,D,https://www.eliteprospects.com/player/472875/carson-lambos,Carson Lambos
Trey Taylor (D),Texas Stars,70,8,18,26,0.37,34,-2,2025-2026,ahl,D,https://www.eliteprospects.com/player/485649/trey-taylor,Trey Taylor
Atley Calvert (C/RW),Wilkes-Barre/Scranton Penguins,70,16,22,38,0.54,28,19,2025-2026,ahl,C/RW,https://www.eliteprospects.com/player/406413/atley-calvert,Atley Calvert
Jimmy Schuldt (D),Abbotsford Canucks,70,3,15,18,0.26,59,-21,2025-2026,ahl,D,https://www.eliteprospects.com/player/196941/jimmy-schuldt,Jimmy Schuldt
Chase Wouters (C/RW),Abbotsford Canucks,70,11,15,26,0.37,76,-23,2025-2026,ahl,C/RW,https://www.eliteprospects.com/player/282350/chase-wouters,Chase Wouters
Lucas Condotta (C),Laval Rocket,70,8,10,18,0.26,94,5,2025-2026,ahl,C,https://www.eliteprospects.com/player/238558/lucas-condotta,Lucas Condotta
Guillaume Richard (D),Cleveland Monsters,70,7,11,18,0.26,20,20,2025-2026,ahl,D,https://www.eliteprospects.com/player/551201/guillaume-richard,Guillaume Richard
Calle Rosén (D),Multiple Teams,70,9,29,38,0.54,26,-8,2025-2026,ahl,D,https://www.eliteprospects.com/player/37021/calle-rosen,Calle Rosen
Trevor Kuntar (C/LW),Rochester Americans,70,21,16,37,0.53,85,-15,2025-2026,ahl,C/LW,https://www.eliteprospects.com/player/290309/trevor-kuntar,Trevor Kuntar
Zayde Wisdom (RW/C),Lehigh Valley Phantoms,70,14,13,27,0.39,23,5,2025-2026,ahl,RW/C,https://www.eliteprospects.com/player/537563/zayde-wisdom,Zayde Wisdom
Gabriel Seger (LW/C),Grand Rapids Griffins,70,8,13,21,0.3,20,13,2025-2026,ahl,LW/C,https://www.eliteprospects.com/player/266077/gabriel-seger,Gabriel Seger
Karsen Dorwart (LW/C),Lehigh Valley Phantoms,70,10,14,24,0.34,18,-12,2025-2026,ahl,LW/C,https://www.eliteprospects.com/player/561422/karsen-dorwart,Karsen Dorwart
Tristan Allard (C/LW),Syracuse Crunch,70,7,17,24,0.34,71,-4,2025-2026,ahl,C/LW,https://www.eliteprospects.com/player/413671/tristan-allard,Tristan Allard
Antonio Stranges (LW/C),Texas Stars,70,14,20,34,0.49,12,-19,2025-2026,ahl,LW/C,https://www.eliteprospects.com/player/369848/antonio-stranges,Antonio Stranges
Phil Kemp (D),Wilkes-Barre/Scranton Penguins,70,3,7,10,0.14,56,4,2025-2026,ahl,D,https://www.eliteprospects.com/player/311901/phil-kemp,Phil Kemp
Nick Cicek (D),Calgary Wranglers,70,7,18,25,0.36,119,-10,2025-2026,ahl,D,https://www.eliteprospects.com/player/296031/nick-cicek,Nick Cicek
Jacob Gaucher (C/RW),Lehigh Valley Phantoms,69,20,16,36,0.52,44,-9,2025-2026,ahl,C/RW,https://www.eliteprospects.com/player/290162/jacob-gaucher,Jacob Gaucher
Kasper Halttunen (RW/LW),San Jose Barracuda,69,16,19,35,0.51,45,-6,2025-2026,ahl,RW/LW,https://www.eliteprospects.com/player/709538/kasper-halttunen,Kasper Halttunen
Owen Sillinger (C/LW),Cleveland Monsters,69,14,20,34,0.49,50,-14,2025-2026,ahl,C/LW,https://www.eliteprospects.com/player/199994/owen-sillinger,Owen Sillinger
Ronan Seeley (D),Chicago Wolves,69,11,12,23,0.33,8,-8,2025-2026,ahl,D,https://www.eliteprospects.com/player/413245/ronan-seeley,Ronan Seeley
Ilya Protas (C/LW),Hershey Bears,69,29,37,66,0.96,40,17,2025-2026,ahl,C/LW,manual_ilya_protas_c,Ilya Protas
Josiah Slavin (LW/RW),Chicago Wolves,69,6,19,25,0.36,26,1,2025-2026,ahl,LW/RW,https://www.eliteprospects.com/player/324913/josiah-slavin,Josiah Slavin
Ethan Edwards (D),Utica Comets,69,10,13,23,0.33,69,-7,2025-2026,ahl,D,https://www.eliteprospects.com/player/413501/ethan-edwards,Ethan Edwards
Oskar Pettersson (RW/LW),Belleville Senators,69,9,9,18,0.26,16,-11,2025-2026,ahl,RW/LW,https://www.eliteprospects.com/player/562987/oskar-pettersson,Oskar Pettersson
Bryce McConnell-Barker (C/LW),Hartford Wolf Pack,69,14,11,25,0.36,22,-15,2025-2026,ahl,C/LW,https://www.eliteprospects.com/player/640853/bryce-mcconnell-barker,Bryce Mcconnellbarker
Juraj Pekarcik (W/C),Springfield Thunderbirds,69,11,24,35,0.51,10,-8,2025-2026,ahl,W/C,https://www.eliteprospects.com/player/731900/juraj-pekarcik,Juraj Pekarcik
Owen Allard (C/LW),Tucson Roadrunners,69,8,11,19,0.28,16,-6,2025-2026,ahl,C/LW,manual_owen_allard_c,Owen Allard
Carson Rehkopf (C/LW),Coachella Valley Firebirds,69,13,6,19,0.28,24,-4,2025-2026,ahl,C/LW,https://www.eliteprospects.com/player/603556/carson-rehkopf,Carson Rehkopf
Rem Pitlick (C/W),Multiple Teams,69,22,28,50,0.72,42,-26,2025-2026,ahl,C/W,https://www.eliteprospects.com/player/199968/rem-pitlick,Rem Pitlick
Billy Sweezey (D),Providence Bruins,69,1,16,17,0.25,84,21,2025-2026,ahl,D,https://www.eliteprospects.com/player/286681/billy-sweezey,Billy Sweezey
Nikita Pavlychev (C/LW),Chicago Wolves,69,14,14,28,0.41,50,3,2025-2026,ahl,C/LW,https://www.eliteprospects.com/player/248436/nikita-pavlychev,Nikita Pavlychev
Jayson Megna (C/RW),Colorado Eagles,69,26,25,51,0.74,30,21,2025-2026,ahl,C/RW,https://www.eliteprospects.com/player/46027/jayson-megna,Jayson Megna
Matthew Poitras (C/RW),Providence Bruins,69,13,31,44,0.64,48,1,2025-2026,ahl,C/RW,https://www.eliteprospects.com/player/661581/matthew-poitras,Matthew Poitras
Jordan Oesterle (D),Milwaukee Admirals,69,14,32,46,0.67,33,-15,2025-2026,ahl,D,https://www.eliteprospects.com/player/84700/jordan-oesterle,Jordan Oesterle
Mitchell Stephens (C),Coachella Valley Firebirds,69,12,15,27,0.39,22,-17,2025-2026,ahl,C,https://www.eliteprospects.com/player/186392/mitchell-stephens,Mitchell Stephens
Jackson Hallum (LW/RW),Henderson Silver Knights,69,10,16,26,0.38,46,8,2025-2026,ahl,LW/RW,manual_jackson_hallum_lw,Jackson Hallum
Kyle Marino (W/C/D),Milwaukee Admirals,69,6,9,15,0.22,174,-3,2025-2026,ahl,W/C/D,manual_kyle_marino_w,Kyle Marino
Luke Tuch (LW),Laval Rocket,68,9,5,14,0.21,82,3,2025-2026,ahl,LW,https://www.eliteprospects.com/player/470086/luke-tuch,Luke Tuch
Dominik Badinka (D),Chicago Wolves,68,6,8,14,0.21,16,4,2025-2026,ahl,D,https://www.eliteprospects.com/player/727927/dominik-badinka,Dominik Badinka
Kirill Kirsanov (D),Ontario Reign,68,4,9,13,0.19,10,9,2025-2026,ahl,D,https://www.eliteprospects.com/player/542519/kirill-kirsanov,Kirill Kirsanov
Derrick Pouliot (D),Multiple Teams,68,2,32,34,0.5,34,-16,2025-2026,ahl,D,https://www.eliteprospects.com/player/59741/derrick-pouliot,Derrick Pouliot
Logan Morrison (C/RW),Coachella Valley Firebirds,68,29,32,61,0.9,42,23,2025-2026,ahl,C/RW,https://www.eliteprospects.com/player/201937/logan-morrison,Logan Morrison
John Farinacci (C/RW),Providence Bruins,68,9,10,19,0.28,8,-5,2025-2026,ahl,C/RW,https://www.eliteprospects.com/player/445599/john-farinacci,John Farinacci
Louie Belpedio (D),Hershey Bears,68,9,25,34,0.5,67,-3,2025-2026,ahl,D,https://www.eliteprospects.com/player/177686/louie-belpedio,Louie Belpedio
Cameron Hebig (C/W),Tucson Roadrunners,68,25,29,54,0.79,30,0,2025-2026,ahl,C/W,https://www.eliteprospects.com/player/199897/cameron-hebig,Cameron Hebig
Tyler Thorpe (RW),Laval Rocket,68,4,12,16,0.24,77,1,2025-2026,ahl,RW,https://www.eliteprospects.com/player/735110/tyler-thorpe,Tyler Thorpe
Ben Hemmerling (RW/C),Henderson Silver Knights,68,21,29,50,0.74,16,26,2025-2026,ahl,RW/C,https://www.eliteprospects.com/player/558211/ben-hemmerling,Ben Hemmerling
Kai Uchacz (C/RW),Henderson Silver Knights,68,20,31,51,0.75,52,1,2025-2026,ahl,C/RW,https://www.eliteprospects.com/player/505754/kai-uchacz,Kai Uchacz
Scott Harrington (D),Belleville Senators,68,3,16,19,0.28,29,-10,2025-2026,ahl,D,https://www.eliteprospects.com/player/39653/scott-harrington,Scott Harrington
Anton Wahlberg (C/LW),Rochester Americans,68,9,28,37,0.54,20,5,2025-2026,ahl,C/LW,https://www.eliteprospects.com/player/643681/anton-wahlberg,Anton Wahlberg
Michael Karow (D),Texas Stars,68,10,18,28,0.41,25,24,2025-2026,ahl,D,https://www.eliteprospects.com/player/350368/michael-karow,Michael Karow
Owen Pickering (D),Wilkes-Barre/Scranton Penguins,68,7,21,28,0.41,28,16,2025-2026,ahl,D,https://www.eliteprospects.com/player/580641/owen-pickering,Owen Pickering
Sam Morton (C/LW),Calgary Wranglers,68,17,21,38,0.56,30,-15,2025-2026,ahl,C/LW,https://www.eliteprospects.com/player/274009/sam-morton,Sam Morton
Carey Terrance (C/LW),Hartford Wolf Pack,68,8,9,17,0.25,44,-9,2025-2026,ahl,C/LW,manual_carey_terrance_c,Carey Terrance
Adam Beckman (LW/RW),Bridgeport Islanders,68,30,21,51,0.75,36,3,2025-2026,ahl,LW/RW,https://www.eliteprospects.com/player/291514/adam-beckman,Adam Beckman
Antti Tuomisto (D),Grand Rapids Griffins,68,8,21,29,0.43,34,30,2025-2026,ahl,D,https://www.eliteprospects.com/player/396170/antti-tuomisto,Antti Tuomisto
Luca Pinelli (C/LW),Cleveland Monsters,68,14,32,46,0.68,66,0,2025-2026,ahl,C/LW,https://www.eliteprospects.com/player/603563/luca-pinelli,Luca Pinelli
Daniel D'Amato (LW/RW),Bakersfield Condors,68,7,12,19,0.28,30,2,2025-2026,ahl,LW/RW,https://www.eliteprospects.com/player/583011/daniel-d-amato,Daniel Damato
Yegor Sidorov (RW/LW),San Diego Gulls,68,15,14,29,0.43,36,-20,2025-2026,ahl,RW/LW,https://www.eliteprospects.com/player/679585/yegor-sidorov,Yegor Sidorov
Brayden Yager (C/RW),Manitoba Moose,68,10,20,30,0.44,10,-15,2025-2026,ahl,C/RW,manual_brayden_yager_c,Brayden Yager
Samuel Bolduc (D),Multiple Teams,68,6,25,31,0.46,24,11,2025-2026,ahl,D,https://www.eliteprospects.com/player/356985/samuel-bolduc,Samuel Bolduc
Skyler Brind'Amour (C/LW),Chicago Wolves,68,16,18,34,0.5,36,-12,2025-2026,ahl,C/LW,https://www.eliteprospects.com/player/345585/skyler-brind-amour,Skyler Brindamour
Jean-Luc Foudy (RW/C),Iowa Wild,68,5,20,25,0.37,32,-12,2025-2026,ahl,RW/C,https://www.eliteprospects.com/player/534469/jean-luc-foudy,Jeanluc Foudy
Noah Chadwick (D),Toronto Marlies,68,5,18,23,0.34,38,-2,2025-2026,ahl,D,https://www.eliteprospects.com/player/603568/noah-chadwick,Noah Chadwick
Ashton Sautner (D),Manitoba Moose,68,3,10,13,0.19,48,4,2025-2026,ahl,D,https://www.eliteprospects.com/player/84404/ashton-sautner,Ashton Sautner
Kevin Gravel (D),Milwaukee Admirals,67,2,9,11,0.16,41,-15,2025-2026,ahl,D,https://www.eliteprospects.com/player/35674/kevin-gravel,Kevin Gravel
Oasiz Wiesblatt (C/LW),Milwaukee Admirals,67,13,18,31,0.46,124,-21,2025-2026,ahl,C/LW,manual_oasiz_wiesblatt_c,Oasiz Wiesblatt
John Hayden (C/RW),Coachella Valley Firebirds,67,13,11,24,0.36,127,-7,2025-2026,ahl,C/RW,https://www.eliteprospects.com/player/151828/john-hayden,John Hayden
Daylan Kuefler (LW/RW),Bridgeport Islanders,67,10,15,25,0.37,64,4,2025-2026,ahl,LW/RW,https://www.eliteprospects.com/player/413108/daylan-kuefler,Daylan Kuefler
Nikolas Brouillard (D),San Diego Gulls,67,4,20,24,0.36,59,4,2025-2026,ahl,D,https://www.eliteprospects.com/player/128256/nikolas-brouillard,Nikolas Brouillard
Patrick Giles (C/RW),San Jose Barracuda,67,10,14,24,0.36,14,-14,2025-2026,ahl,C/RW,https://www.eliteprospects.com/player/363655/patrick-giles,Patrick Giles
Quinn Hutson (RW/LW),Bakersfield Condors,67,30,33,63,0.94,84,-5,2025-2026,ahl,RW/LW,https://www.eliteprospects.com/player/201721/quinn-hutson,Quinn Hutson
Jakub Rychlovský (LW/RW),Grand Rapids Griffins,67,9,21,30,0.45,26,21,2025-2026,ahl,LW/RW,https://www.eliteprospects.com/player/386542/jakub-rychlovsky,Jakub Rychlovsky
Grant Cruikshank (C/LW),Hershey Bears,67,10,8,18,0.27,45,-13,2025-2026,ahl,C/LW,https://www.eliteprospects.com/player/272303/grant-cruikshank,Grant Cruikshank
Kale Clague (D),Manitoba Moose,67,9,18,27,0.4,38,-16,2025-2026,ahl,D,https://www.eliteprospects.com/player/108472/kale-clague,Kale Clague
Isaak Phillips (D),Manitoba Moose,67,10,19,29,0.43,45,-2,2025-2026,ahl,D,https://www.eliteprospects.com/player/416750/isaak-phillips,Isaak Phillips
Cole Guttman (C/RW),Ontario Reign,67,24,29,53,0.79,52,2,2025-2026,ahl,C/RW,https://www.eliteprospects.com/player/201449/cole-guttman,Cole Guttman
T.J. Tynan (C/RW),Colorado Eagles,67,3,47,50,0.75,42,9,2025-2026,ahl,C/RW,https://www.eliteprospects.com/player/45686/t.j.-tynan,Tj Tynan
Joe Hicketts (D),Ontario Reign,67,4,17,21,0.31,61,1,2025-2026,ahl,D,https://www.eliteprospects.com/player/120210/joe-hicketts,Joe Hicketts
Artem Shlaine (C/LW),Texas Stars,67,19,19,38,0.57,12,-6,2025-2026,ahl,C/LW,https://www.eliteprospects.com/player/498107/artem-shlaine,Artem Shlaine
Cole O'Hara (RW),Milwaukee Admirals,67,19,25,44,0.66,12,-10,2025-2026,ahl,RW,https://www.eliteprospects.com/player/201938/cole-o-hara,Cole Ohara
Luca Cagnoni (D),San Jose Barracuda,67,8,35,43,0.64,22,-9,2025-2026,ahl,D,https://www.eliteprospects.com/player/529803/luca-cagnoni,Luca Cagnoni
Lucas Mercuri (C/RW),Syracuse Crunch,67,14,12,26,0.39,132,17,2025-2026,ahl,C/RW,https://www.eliteprospects.com/player/296187/lucas-mercuri,Lucas Mercuri
Jonathan Gruden (LW/RW),Utica Comets,67,12,14,26,0.39,59,3,2025-2026,ahl,LW/RW,https://www.eliteprospects.com/player/276187/jonathan-gruden,Jonathan Gruden
Roman Ahcan (LW/C),Cleveland Monsters,67,16,9,25,0.37,81,4,2025-2026,ahl,LW/C,https://www.eliteprospects.com/player/340279/roman-ahcan,Roman Ahcan
Chris Wagner (RW/C),Springfield Thunderbirds,67,24,26,50,0.75,61,-7,2025-2026,ahl,RW/C,https://www.eliteprospects.com/player/39429/chris-wagner,Chris Wagner
Tristen Nielsen (W/C),Colorado Eagles,66,28,21,49,0.74,62,12,2025-2026,ahl,W/C,https://www.eliteprospects.com/player/299754/tristen-nielsen,Tristen Nielsen
Keaton Middleton (D),Colorado Eagles,66,4,10,14,0.21,63,17,2025-2026,ahl,D,https://www.eliteprospects.com/player/249597/keaton-middleton,Keaton Middleton
Hugh McGing (LW/C),Springfield Thunderbirds,66,12,19,31,0.47,59,-5,2025-2026,ahl,LW/C,https://www.eliteprospects.com/player/233569/hugh-mcging,Hugh Mcging
Bokondji Imama (LW/RW),Wilkes-Barre/Scranton Penguins,66,6,5,11,0.17,137,-4,2025-2026,ahl,LW/RW,https://www.eliteprospects.com/player/151711/bokondji-imama,Bokondji Imama
Carter King (C/LW),Calgary Wranglers,66,5,8,13,0.2,8,-13,2025-2026,ahl,C/LW,https://www.eliteprospects.com/player/412951/carter-king,Carter King
Nikita Alexandrov (C/LW),Multiple Teams,66,16,40,56,0.85,28,-20,2025-2026,ahl,C/LW,https://www.eliteprospects.com/player/238111/nikita-alexandrov,Nikita Alexandrov
Ryan Schmelzer (C/RW),Utica Comets,66,4,23,27,0.41,44,-3,2025-2026,ahl,C/RW,https://www.eliteprospects.com/player/103818/ryan-schmelzer,Ryan Schmelzer
Martin Frk (RW/LW),Calgary Wranglers,66,30,30,60,0.91,70,12,2025-2026,ahl,RW/LW,https://www.eliteprospects.com/player/56033/martin-frk,Martin Frk
Damien Carfagna (D),Bakersfield Condors,66,7,15,22,0.33,24,18,2025-2026,ahl,D,manual_damien_carfagna_d,Damien Carfagna
Jake Leschyshyn (C/LW),Rochester Americans,66,13,9,22,0.33,22,-18,2025-2026,ahl,C/LW,https://www.eliteprospects.com/player/279125/jake-leschyshyn,Jake Leschyshyn
Ivan Ivan (C/LW),Colorado Eagles,66,11,15,26,0.39,40,5,2025-2026,ahl,C/LW,https://www.eliteprospects.com/player/427962/ivan-ivan,Ivan Ivan
Caedan Bankier (C/LW),Iowa Wild,66,10,10,20,0.3,18,-13,2025-2026,ahl,C/LW,https://www.eliteprospects.com/player/538921/caedan-bankier,Caedan Bankier
William Strömgren (LW/RW),Calgary Wranglers,66,11,36,47,0.71,52,-2,2025-2026,ahl,LW/RW,https://www.eliteprospects.com/player/486944/william-stromgren,William Stromgren
Anthony Richard (C/LW),Lehigh Valley Phantoms,66,18,27,45,0.68,37,-19,2025-2026,ahl,C/LW,https://www.eliteprospects.com/player/155661/anthony-richard,Anthony Richard
William Wallinder (D),Grand Rapids Griffins,66,2,18,20,0.3,23,21,2025-2026,ahl,D,https://www.eliteprospects.com/player/482190/william-wallinder,William Wallinder
Luke Haymes (C/LW),Toronto Marlies,66,17,16,33,0.5,22,-3,2025-2026,ahl,C/LW,https://www.eliteprospects.com/player/479794/luke-haymes,Luke Haymes
Rafaël Harvey-Pinard (LW/RW),Wilkes-Barre/Scranton Penguins,66,21,18,39,0.59,31,21,2025-2026,ahl,LW/RW,https://www.eliteprospects.com/player/354123/rafael-harvey-pinard,Rafael Harveypinard
Chase Pietila (D),Wilkes-Barre/Scranton Penguins,66,2,14,16,0.24,85,27,2025-2026,ahl,D,https://www.eliteprospects.com/player/655358/chase-pietila,Chase Pietila
Daniil Miromanov (D/RW),Calgary Wranglers,66,11,27,38,0.58,26,-6,2025-2026,ahl,D/RW,https://www.eliteprospects.com/player/289399/daniil-miromanov,Daniil Miromanov
Brendan Brisson (LW/RW),Hartford Wolf Pack,66,19,18,37,0.56,63,-32,2025-2026,ahl,LW/RW,https://www.eliteprospects.com/player/299642/brendan-brisson,Brendan Brisson
Alex Belzile (RW/C),Laval Rocket,66,29,33,62,0.94,76,15,2025-2026,ahl,RW/C,https://www.eliteprospects.com/player/68593/alex-belzile,Alex Belzile
Brett Seney (LW/C),Rockford IceHogs,66,17,34,51,0.77,65,2,2025-2026,ahl,LW/C,https://www.eliteprospects.com/player/204125/brett-seney,Brett Seney
Ryan Suzuki (C/LW),Chicago Wolves,66,13,35,48,0.73,30,9,2025-2026,ahl,C/LW,https://www.eliteprospects.com/player/418345/ryan-suzuki,Ryan Suzuki
Matteo Pietroniro (D),Syracuse Crunch,65,8,23,31,0.48,86,26,2025-2026,ahl,D,https://www.eliteprospects.com/player/266502/matteo-pietroniro,Matteo Pietroniro
Filip Bystedt (C/LW),San Jose Barracuda,65,22,38,60,0.92,22,-2,2025-2026,ahl,C/LW,https://www.eliteprospects.com/player/578760/filip-bystedt,Filip Bystedt
Hunter McDonald (D),Lehigh Valley Phantoms,65,0,6,6,0.09,92,0,2025-2026,ahl,D,https://www.eliteprospects.com/player/508274/hunter-mcdonald,Hunter Mcdonald
Cole Clayton (D),Multiple Teams,65,2,9,11,0.17,48,-9,2025-2026,ahl,D,https://www.eliteprospects.com/player/282470/cole-clayton,Cole Clayton
Calen Addison (D),Utica Comets,65,6,25,31,0.48,32,-16,2025-2026,ahl,D,https://www.eliteprospects.com/player/278861/calen-addison,Calen Addison
Wyatt Bongiovanni (C/LW),Multiple Teams,65,15,15,30,0.46,32,-17,2025-2026,ahl,C/LW,https://www.eliteprospects.com/player/233479/wyatt-bongiovanni,Wyatt Bongiovanni
Cameron Hughes (C/LW),Texas Stars,65,17,51,68,1.05,48,14,2025-2026,ahl,C/LW,https://www.eliteprospects.com/player/62155/cameron-hughes,Cameron Hughes
Francesco Pinelli (C/LW),Ontario Reign,65,14,21,35,0.54,50,16,2025-2026,ahl,C/LW,https://www.eliteprospects.com/player/617488/francesco-pinelli,Francesco Pinelli
Andre Lee (LW/C),Ontario Reign,65,26,22,48,0.74,47,15,2025-2026,ahl,LW/C,https://www.eliteprospects.com/player/350001/andre-lee,Andre Lee
Wyatt Aamodt (D),Colorado Eagles,65,4,20,24,0.37,34,28,2025-2026,ahl,D,https://www.eliteprospects.com/player/300969/wyatt-aamodt,Wyatt Aamodt
Lleyton Roed (LW/C),Coachella Valley Firebirds,65,11,27,38,0.58,16,22,2025-2026,ahl,LW/C,https://www.eliteprospects.com/player/551465/lleyton-roed,Lleyton Roed
Joey Abate (LW/C),Providence Bruins,65,8,14,22,0.34,96,11,2025-2026,ahl,LW/C,https://www.eliteprospects.com/player/271357/joey-abate,Joey Abate
Nathan Légaré (RW/LW),Utica Comets,65,13,7,20,0.31,76,-9,2025-2026,ahl,RW/LW,https://www.eliteprospects.com/player/296698/nathan-legare,Nathan Legare
Aidan McDonough (LW/RW),Wilkes-Barre/Scranton Penguins,65,23,21,44,0.68,24,18,2025-2026,ahl,LW/RW,https://www.eliteprospects.com/player/348494/aidan-mcdonough,Aidan Mcdonough
Frédéric Brunet (D),Providence Bruins,65,12,24,36,0.55,30,18,2025-2026,ahl,D,https://www.eliteprospects.com/player/502761/frederic-brunet,Frederic Brunet
Maveric Lamoureux (D),Tucson Roadrunners,65,5,15,20,0.31,75,7,2025-2026,ahl,D,https://www.eliteprospects.com/player/578989/maveric-lamoureux,Maveric Lamoureux
Maksymilian Szuber (D),Tucson Roadrunners,65,11,16,27,0.42,67,2,2025-2026,ahl,D,https://www.eliteprospects.com/player/393666/maksymilian-szuber,Maksymilian Szuber
Viliam Kmec (D),Henderson Silver Knights,65,4,12,16,0.25,27,12,2025-2026,ahl,D,https://www.eliteprospects.com/player/527420/viliam-kmec,Viliam Kmec
Hudson Fasching (RW/LW),Cleveland Monsters,65,7,11,18,0.28,12,-5,2025-2026,ahl,RW/LW,https://www.eliteprospects.com/player/114801/hudson-fasching,Hudson Fasching
Colby Barlow (LW),Manitoba Moose,65,8,8,16,0.25,18,-3,2025-2026,ahl,LW,https://www.eliteprospects.com/player/603562/colby-barlow,Colby Barlow
Anthony Vincent (RW/C),San Jose Barracuda,65,9,8,17,0.26,111,-6,2025-2026,ahl,RW/C,https://www.eliteprospects.com/player/300460/anthony-vincent,Anthony Vincent
Kenny Connors (C/LW),Ontario Reign,65,15,26,41,0.63,30,18,2025-2026,ahl,C/LW,manual_kenny_connors_c,Kenny Connors
Graeme Clarke (RW/LW),Multiple Teams,65,20,23,43,0.66,42,-5,2025-2026,ahl,RW/LW,https://www.eliteprospects.com/player/286955/graeme-clarke,Graeme Clarke
Alexander Nylander (W/C),Toronto Marlies,65,24,29,53,0.82,12,5,2025-2026,ahl,W/C,https://www.eliteprospects.com/player/212641/alexander-nylander,Alexander Nylander
Riley Tufte (LW/RW),Providence Bruins,64,32,24,56,0.88,71,28,2025-2026,ahl,LW/RW,https://www.eliteprospects.com/player/291903/riley-tufte,Riley Tufte
Joe Arntsen (D),Abbotsford Canucks,64,3,4,7,0.11,92,-16,2025-2026,ahl,D,https://www.eliteprospects.com/player/483623/joe-arntsen,Joe Arntsen
Dino Kambeitz (RW/C),Abbotsford Canucks,64,2,8,10,0.16,55,-4,2025-2026,ahl,RW/C,https://www.eliteprospects.com/player/354044/dino-kambeitz,Dino Kambeitz
Jaycob Megna (D),Henderson Silver Knights,64,4,7,11,0.17,33,19,2025-2026,ahl,D,https://www.eliteprospects.com/player/84762/jaycob-megna,Jaycob Megna
Aleksanteri Kaskimäki (C),Springfield Thunderbirds,64,20,24,44,0.69,10,-8,2025-2026,ahl,C,https://www.eliteprospects.com/player/640621/aleksanteri-kaskimaki,Aleksanteri Kaskimaki
Alex Kannok Leipert (D),Grand Rapids Griffins,64,2,14,16,0.25,51,13,2025-2026,ahl,D,https://www.eliteprospects.com/player/287497/alex-kannok-leipert,Alex Kannok Leipert
Anton Blidh (LW/RW),Hartford Wolf Pack,64,8,8,16,0.25,56,-19,2025-2026,ahl,LW/RW,https://www.eliteprospects.com/player/67179/anton-blidh,Anton Blidh
Ryan Chesley (D),Hershey Bears,64,6,10,16,0.25,18,-19,2025-2026,ahl,D,https://www.eliteprospects.com/player/556717/ryan-chesley,Ryan Chesley
Scott Perunovich (D),Tucson Roadrunners,64,9,40,49,0.77,54,4,2025-2026,ahl,D,https://www.eliteprospects.com/player/300906/scott-perunovich,Scott Perunovich
Nolan Allan (D),Multiple Teams,64,4,16,20,0.31,67,-12,2025-2026,ahl,D,https://www.eliteprospects.com/player/482413/nolan-allan,Nolan Allan
Eduards Tralmaks (W/C),Grand Rapids Griffins,64,26,16,42,0.66,14,29,2025-2026,ahl,W/C,https://www.eliteprospects.com/player/214279/eduards-tralmaks,Eduards Tralmaks
Jake Schmaltz (LW/C),Providence Bruins,64,9,14,23,0.36,10,9,2025-2026,ahl,LW/C,https://www.eliteprospects.com/player/316160/jake-schmaltz,Jake Schmaltz
Yegor Afanasyev (LW/C),San Jose Barracuda,64,14,26,40,0.63,59,-4,2025-2026,ahl,LW/C,https://www.eliteprospects.com/player/450909/yegor-afanasyev,Yegor Afanasyev
Corson Ceulemans (D),Cleveland Monsters,64,8,16,24,0.38,43,-14,2025-2026,ahl,D,https://www.eliteprospects.com/player/475841/corson-ceulemans,Corson Ceulemans
James Hamblin (LW/C),Bakersfield Condors,64,27,14,41,0.64,32,13,2025-2026,ahl,LW/C,https://www.eliteprospects.com/player/201363/james-hamblin,James Hamblin
Nikita Novikov (D),Multiple Teams,64,6,14,20,0.31,52,12,2025-2026,ahl,D,https://www.eliteprospects.com/player/539224/nikita-novikov,Nikita Novikov
Viktor Neuchev (LW/RW),Multiple Teams,64,10,15,25,0.39,16,-3,2025-2026,ahl,LW/RW,https://www.eliteprospects.com/player/618304/viktor-neuchev,Viktor Neuchev
Florian Xhekaj (LW/C),Laval Rocket,64,17,12,29,0.45,182,8,2025-2026,ahl,LW/C,https://www.eliteprospects.com/player/620316/florian-xhekaj,Florian Xhekaj
Matthew Peca (C),Multiple Teams,63,12,35,47,0.75,20,-12,2025-2026,ahl,C,https://www.eliteprospects.com/player/78295/matthew-peca,Matthew Peca
Jake Lucchini (C/LW),Milwaukee Admirals,63,17,33,50,0.79,23,-11,2025-2026,ahl,C/LW,https://www.eliteprospects.com/player/102374/jake-lucchini,Jake Lucchini
Lane Pederson (C/RW),Lehigh Valley Phantoms,63,23,25,48,0.76,44,-10,2025-2026,ahl,C/RW,https://www.eliteprospects.com/player/199918/lane-pederson,Lane Pederson
Cam Thiesing (C/RW),Bridgeport Islanders,63,9,8,17,0.27,47,4,2025-2026,ahl,C/RW,https://www.eliteprospects.com/player/335885/cam-thiesing,Cam Thiesing
Jakob Pelletier (LW/C),Syracuse Crunch,63,28,49,77,1.22,19,25,2025-2026,ahl,LW/C,https://www.eliteprospects.com/player/410525/jakob-pelletier,Jakob Pelletier
Konsta Helenius (C/RW),Rochester Americans,63,21,42,63,1.0,22,-14,2025-2026,ahl,C/RW,https://www.eliteprospects.com/player/796075/konsta-helenius,Konsta Helenius
Brendan Warren (LW/C),Rochester Americans,63,5,7,12,0.19,28,-8,2025-2026,ahl,LW/C,https://www.eliteprospects.com/player/208973/brendan-warren,Brendan Warren
Jagger Firkus (RW/LW),Coachella Valley Firebirds,63,21,35,56,0.89,18,13,2025-2026,ahl,RW/LW,https://www.eliteprospects.com/player/565465/jagger-firkus,Jagger Firkus
Matthew Maggio (RW/LW),Bridgeport Islanders,63,12,21,33,0.52,30,-3,2025-2026,ahl,RW/LW,https://www.eliteprospects.com/player/505365/matthew-maggio,Matthew Maggio
Joey Larson (RW/LW),Bridgeport Islanders,63,17,11,28,0.44,21,-5,2025-2026,ahl,RW/LW,https://www.eliteprospects.com/player/359529/joey-larson,Joey Larson
Xavier Parent (LW/C),Utica Comets,63,20,19,39,0.62,80,-2,2025-2026,ahl,LW/C,https://www.eliteprospects.com/player/241379/xavier-parent,Xavier Parent
Tucker Robertson (C/RW),Lehigh Valley Phantoms,63,13,15,28,0.44,41,3,2025-2026,ahl,C/RW,https://www.eliteprospects.com/player/619190/tucker-robertson,Tucker Robertson
Tye Felhaber (LW/C),Colorado Eagles,63,15,16,31,0.49,36,5,2025-2026,ahl,LW/C,https://www.eliteprospects.com/player/251448/tye-felhaber,Tye Felhaber
Cole McWard (D),Bridgeport Islanders,63,6,21,27,0.43,24,-11,2025-2026,ahl,D,https://www.eliteprospects.com/player/376492/cole-mcward,Cole Mcward
Marc Del Gaizo (D),Laval Rocket,63,9,18,27,0.43,38,23,2025-2026,ahl,D,https://www.eliteprospects.com/player/201481/marc-del-gaizo,Marc Del Gaizo
Ben Berard (LW/RW),Abbotsford Canucks,63,20,17,37,0.59,15,-14,2025-2026,ahl,LW/RW,https://www.eliteprospects.com/player/297996/ben-berard,Ben Berard
Danila Klimovich (RW/LW),Abbotsford Canucks,63,18,16,34,0.54,62,-17,2025-2026,ahl,RW/LW,https://www.eliteprospects.com/player/618501/danila-klimovich,Danila Klimovich
Ty Nelson (D),Coachella Valley Firebirds,63,11,24,35,0.56,26,13,2025-2026,ahl,D,https://www.eliteprospects.com/player/603794/ty-nelson,Ty Nelson
Ryan Tverberg (C/RW),Toronto Marlies,63,15,21,36,0.57,36,18,2025-2026,ahl,C/RW,https://www.eliteprospects.com/player/201945/ryan-tverberg,Ryan Tverberg
Oskar Olausson (W/C),Iowa Wild,63,12,17,29,0.46,24,-7,2025-2026,ahl,W/C,https://www.eliteprospects.com/player/430916/oskar-olausson,Oskar Olausson
Tristan Bertucci (D),Texas Stars,63,5,19,24,0.38,53,7,2025-2026,ahl,D,https://www.eliteprospects.com/player/603546/tristan-bertucci,Tristan Bertucci
Hunter McKown (C/RW),Cleveland Monsters,63,9,16,25,0.4,38,-12,2025-2026,ahl,C/RW,https://www.eliteprospects.com/player/417327/hunter-mckown,Hunter Mckown
Martin Misiak (RW/LW),Rockford IceHogs,63,4,11,15,0.24,29,-6,2025-2026,ahl,RW/LW,https://www.eliteprospects.com/player/527425/martin-misiak,Martin Misiak
Philippe Daoust (C/LW),Belleville Senators,63,14,36,50,0.79,24,-12,2025-2026,ahl,C/LW,https://www.eliteprospects.com/player/574526/philippe-daoust,Philippe Daoust
Jack Devine (RW/LW),Charlotte Checkers,63,18,25,43,0.68,57,16,2025-2026,ahl,RW/LW,https://www.eliteprospects.com/player/464780/jack-devine,Jack Devine
Gavin Bayreuther (D),Multiple Teams,63,5,20,25,0.4,41,4,2025-2026,ahl,D,https://www.eliteprospects.com/player/178941/gavin-bayreuther,Gavin Bayreuther
Will Butcher (D),Cleveland Monsters,62,3,18,21,0.34,12,-18,2025-2026,ahl,D,https://www.eliteprospects.com/player/97590/will-butcher,Will Butcher
Nathan Gaucher (C/RW),San Diego Gulls,62,15,14,29,0.47,47,2,2025-2026,ahl,C/RW,https://www.eliteprospects.com/player/340644/nathan-gaucher,Nathan Gaucher
Matthew Barbolini (C/LW),Toronto Marlies,62,9,18,27,0.44,14,-9,2025-2026,ahl,C/LW,https://www.eliteprospects.com/player/439045/matthew-barbolini,Matthew Barbolini
Tyler Angle (C/LW),Grand Rapids Griffins,62,6,20,26,0.42,24,17,2025-2026,ahl,C/LW,https://www.eliteprospects.com/player/403916/tyler-angle,Tyler Angle
Adam Sýkora (LW/C),Hartford Wolf Pack,62,12,17,29,0.47,28,0,2025-2026,ahl,LW/C,https://www.eliteprospects.com/player/527426/adam-sykora,Adam Sykora
Dylan Coghlan (D),Henderson Silver Knights,62,14,30,44,0.71,28,10,2025-2026,ahl,D,https://www.eliteprospects.com/player/247901/dylan-coghlan,Dylan Coghlan
Blake Smith (D),Toronto Marlies,62,1,8,9,0.15,110,8,2025-2026,ahl,D,https://www.eliteprospects.com/player/709899/blake-smith,Blake Smith
Matt Luff (RW/LW),Multiple Teams,62,18,34,52,0.84,31,-14,2025-2026,ahl,RW/LW,https://www.eliteprospects.com/player/238487/matt-luff,Matt Luff
Luke Rowe (D),Bridgeport Islanders,62,2,11,13,0.21,91,11,2025-2026,ahl,D,https://www.eliteprospects.com/player/322571/luke-rowe,Luke Rowe
Tyson Hinds (D),San Diego Gulls,62,5,14,19,0.31,21,16,2025-2026,ahl,D,https://www.eliteprospects.com/player/485317/tyson-hinds,Tyson Hinds
Oliver Wahlstrom (RW/LW),San Jose Barracuda,62,24,18,42,0.68,45,-16,2025-2026,ahl,RW/LW,https://www.eliteprospects.com/player/241370/oliver-wahlstrom,Oliver Wahlstrom
Austin Watson (LW/RW),Grand Rapids Griffins,62,12,12,24,0.39,146,2,2025-2026,ahl,LW/RW,https://www.eliteprospects.com/player/33753/austin-watson,Austin Watson
Danny Zhilkin (C),Manitoba Moose,62,12,12,24,0.39,21,-11,2025-2026,ahl,C,https://www.eliteprospects.com/player/619189/danny-zhilkin,Danny Zhilkin
Hunter Drew (W/D),Bridgeport Islanders,62,13,11,24,0.39,141,-3,2025-2026,ahl,W/D,https://www.eliteprospects.com/player/267823/hunter-drew,Hunter Drew
Brett Chorske (C/RW),Charlotte Checkers,62,11,12,23,0.37,14,1,2025-2026,ahl,C/RW,https://www.eliteprospects.com/player/511065/brett-chorske,Brett Chorske
Bogdan Trineyev (LW),Hershey Bears,62,17,28,45,0.73,31,10,2025-2026,ahl,LW,https://www.eliteprospects.com/player/537760/bogdan-trineyev,Bogdan Trineyev
Keean Washkurak (C/LW),Belleville Senators,62,9,8,17,0.27,107,-11,2025-2026,ahl,C/LW,https://www.eliteprospects.com/player/433833/keean-washkurak,Keean Washkurak
Tanner Laczynski (C/RW),Henderson Silver Knights,62,22,42,64,1.03,35,37,2025-2026,ahl,C/RW,https://www.eliteprospects.com/player/234312/tanner-laczynski,Tanner Laczynski
Connor Mackey (D),Hartford Wolf Pack,62,5,13,18,0.29,87,-13,2025-2026,ahl,D,https://www.eliteprospects.com/player/316315/connor-mackey,Connor Mackey
Kyle Criscuolo (C/RW),Utica Comets,62,14,21,35,0.56,22,-8,2025-2026,ahl,C/RW,https://www.eliteprospects.com/player/74212/kyle-criscuolo,Kyle Criscuolo
Jakub Brabenec (C/LW),Henderson Silver Knights,62,12,19,31,0.5,34,4,2025-2026,ahl,C/LW,https://www.eliteprospects.com/player/522504/jakub-brabenec,Jakub Brabenec
Nicolas Aubé-Kubel (RW/C),Iowa Wild,62,15,22,37,0.6,59,-3,2025-2026,ahl,RW/C,https://www.eliteprospects.com/player/151146/nicolas-aube-kubel,Nicolas Aubekubel
Samuel Savoie (LW/C),Rockford IceHogs,62,12,14,26,0.42,47,-4,2025-2026,ahl,LW/C,https://www.eliteprospects.com/player/573943/samuel-savoie,Samuel Savoie
Riley Fiddler-Schultz (C/LW),Rochester Americans,62,21,16,37,0.6,32,-13,2025-2026,ahl,C/LW,https://www.eliteprospects.com/player/408219/riley-fiddler-schultz,Riley Fiddlerschultz
Walker Duehr (RW),Manitoba Moose,62,17,17,34,0.55,18,4,2025-2026,ahl,RW,https://www.eliteprospects.com/player/234647/walker-duehr,Walker Duehr
Shane Lachance (LW),Utica Comets,62,10,15,25,0.4,18,-18,2025-2026,ahl,LW,https://www.eliteprospects.com/player/659483/shane-lachance,Shane Lachance
Cédric Paré (C/LW),Toronto Marlies,62,7,15,22,0.35,51,-6,2025-2026,ahl,C/LW,https://www.eliteprospects.com/player/319958/cedric-pare,Cedric Pare
William Trudeau (D),Laval Rocket,62,8,12,20,0.32,54,3,2025-2026,ahl,D,https://www.eliteprospects.com/player/425657/william-trudeau,William Trudeau
Sean Day (D),Bridgeport Islanders,61,3,14,17,0.28,4,-8,2025-2026,ahl,D,https://www.eliteprospects.com/player/228106/sean-day,Sean Day
Quentin Musty (LW),San Jose Barracuda,61,21,24,45,0.74,46,-14,2025-2026,ahl,LW,https://www.eliteprospects.com/player/685701/quentin-musty,Quentin Musty
Angus Booth (D),Ontario Reign,61,1,17,18,0.3,40,12,2025-2026,ahl,D,https://www.eliteprospects.com/player/578244/angus-booth,Angus Booth
Noah Warren (D),San Diego Gulls,61,2,10,12,0.2,26,0,2025-2026,ahl,D,https://www.eliteprospects.com/player/574586/noah-warren,Noah Warren
Helge Grans (D),Lehigh Valley Phantoms,61,3,11,14,0.23,29,-12,2025-2026,ahl,D,https://www.eliteprospects.com/player/395302/helge-grans,Helge Grans
Jack Peart (D),Iowa Wild,61,4,11,15,0.25,24,-22,2025-2026,ahl,D,https://www.eliteprospects.com/player/616254/jack-peart,Jack Peart
Jack Ahcan (D),Colorado Eagles,61,11,39,50,0.82,48,24,2025-2026,ahl,D,https://www.eliteprospects.com/player/248456/jack-ahcan,Jack Ahcan
Jamieson Rees (LW/C),Belleville Senators,61,5,12,17,0.28,48,-6,2025-2026,ahl,LW/C,https://www.eliteprospects.com/player/418060/jamieson-rees,Jamieson Rees
Roby Järventie (LW/RW),Bakersfield Condors,61,23,24,47,0.77,30,9,2025-2026,ahl,LW/RW,https://www.eliteprospects.com/player/534236/roby-jarventie,Roby Jarventie
Jorian Donovan (D),Belleville Senators,61,4,17,21,0.34,89,-15,2025-2026,ahl,D,https://www.eliteprospects.com/player/562241/jorian-donovan,Jorian Donovan
Ty Mueller (C/LW),Abbotsford Canucks,61,16,21,37,0.61,30,-16,2025-2026,ahl,C/LW,https://www.eliteprospects.com/player/475179/ty-mueller,Ty Mueller
Wilmer Skoog (C/LW),Charlotte Checkers,61,18,19,37,0.61,51,12,2025-2026,ahl,C/LW,https://www.eliteprospects.com/player/344665/wilmer-skoog,Wilmer Skoog
William Lagesson (D),Grand Rapids Griffins,61,3,18,21,0.34,36,33,2025-2026,ahl,D,https://www.eliteprospects.com/player/86158/william-lagesson,William Lagesson
Topias Vilén (D),Utica Comets,61,4,23,27,0.44,24,3,2025-2026,ahl,D,https://www.eliteprospects.com/player/557184/topias-vilen,Topias Vilen
William Villeneuve (D),Toronto Marlies,61,3,27,30,0.49,64,-1,2025-2026,ahl,D,https://www.eliteprospects.com/player/410562/william-villeneuve,William Villeneuve
Angus Crookshank (LW/RW),Utica Comets,60,24,12,36,0.6,14,-16,2025-2026,ahl,LW/RW,https://www.eliteprospects.com/player/201687/angus-crookshank,Angus Crookshank
Noel Nordh (LW/RW),Tucson Roadrunners,60,6,15,21,0.35,10,-9,2025-2026,ahl,LW/RW,https://www.eliteprospects.com/player/637582/noel-nordh,Noel Nordh
Thomas Bordeleau (C/LW),Multiple Teams,60,9,12,21,0.35,53,-20,2025-2026,ahl,C/LW,https://www.eliteprospects.com/player/296636/thomas-bordeleau,Thomas Bordeleau
Tanner Molendyk (D),Milwaukee Admirals,60,4,19,23,0.38,14,-10,2025-2026,ahl,D,manual_tanner_molendyk_d,Tanner Molendyk
Jakub Stancl (LW),Springfield Thunderbirds,60,9,10,19,0.32,14,-15,2025-2026,ahl,LW,https://www.eliteprospects.com/player/672903/jakub-stancl,Jakub Stancl
Ian Mitchell (D),Multiple Teams,60,4,23,27,0.45,12,31,2025-2026,ahl,D,https://www.eliteprospects.com/player/201362/ian-mitchell,Ian Mitchell
Jack Hughes (C/LW),Ontario Reign,60,5,13,18,0.3,26,0,2025-2026,ahl,C/LW,https://www.eliteprospects.com/player/305432/jack-hughes,Jack Hughes
Alex Jefferies (LW/RW),Bridgeport Islanders,60,9,20,29,0.48,46,-2,2025-2026,ahl,LW/RW,https://www.eliteprospects.com/player/466015/alex-jefferies,Alex Jefferies
Domenick Fensore (D),Chicago Wolves,60,10,25,35,0.58,37,2,2025-2026,ahl,D,https://www.eliteprospects.com/player/424459/domenick-fensore,Domenick Fensore
Dalton Smith (LW/RW),Hershey Bears,60,2,4,6,0.1,85,-17,2025-2026,ahl,LW/RW,https://www.eliteprospects.com/player/30923/dalton-smith,Dalton Smith
Zac Jones (D),Rochester Americans,60,10,52,62,1.03,14,-11,2025-2026,ahl,D,https://www.eliteprospects.com/player/364649/zac-jones,Zac Jones
Borya Valis (RW/C),Toronto Marlies,60,15,10,25,0.42,41,-5,2025-2026,ahl,RW/C,https://www.eliteprospects.com/player/571887/borya-valis,Borya Valis
Liam Foudy (C/W),Bridgeport Islanders,60,26,21,47,0.78,14,0,2025-2026,ahl,C/W,https://www.eliteprospects.com/player/397650/liam-foudy,Liam Foudy
Rhett Pitlick (LW/RW),Bakersfield Condors,60,8,15,23,0.38,26,-7,2025-2026,ahl,LW/RW,https://www.eliteprospects.com/player/497477/rhett-pitlick,Rhett Pitlick
Hunter Skinner (D),Springfield Thunderbirds,60,7,12,19,0.32,61,2,2025-2026,ahl,D,https://www.eliteprospects.com/player/359531/hunter-skinner,Hunter Skinner
Gabriel Szturc (C/LW),Syracuse Crunch,60,9,10,19,0.32,22,-2,2025-2026,ahl,C/LW,https://www.eliteprospects.com/player/426117/gabriel-szturc,Gabriel Szturc
Jon McDonald (D),Hershey Bears,60,3,9,12,0.2,38,-2,2025-2026,ahl,D,https://www.eliteprospects.com/player/344385/jon-mcdonald,Jon Mcdonald
Joe Fleming (W/D),Henderson Silver Knights,60,4,10,14,0.23,158,-7,2025-2026,ahl,W/D,https://www.eliteprospects.com/player/617531/joe-fleming,Joe Fleming
Nate Clurman (D),Laval Rocket,60,1,10,11,0.18,22,3,2025-2026,ahl,D,https://www.eliteprospects.com/player/353810/nate-clurman,Nate Clurman
Ondřej Becher (C/W),Grand Rapids Griffins,60,9,19,28,0.47,42,5,2025-2026,ahl,C/W,https://www.eliteprospects.com/player/593187/ond%C5%99ej-becher,Ondrej Becher
Michael Brandsegg-Nygård (RW/LW),Grand Rapids Griffins,60,20,24,44,0.73,42,17,2025-2026,ahl,RW/LW,https://www.eliteprospects.com/player/619176/michael-brandsegg-nygard,Michael Brandseggnygard
Gerald Mayhew (RW/LW),Iowa Wild,60,22,20,42,0.7,32,-16,2025-2026,ahl,RW/LW,https://www.eliteprospects.com/player/151849/gerald-mayhew,Gerald Mayhew
Nikolai Knyzhov (D),Abbotsford Canucks,60,0,7,7,0.12,13,-16,2025-2026,ahl,D,https://www.eliteprospects.com/player/308784/nikolai-knyzhov,Nikolai Knyzhov
Bradley Marek (LW/C),Iowa Wild,59,7,5,12,0.2,70,-4,2025-2026,ahl,LW/C,https://www.eliteprospects.com/player/370261/bradley-marek,Bradley Marek
Christian Kyrou (D),Multiple Teams,59,10,24,34,0.58,16,-4,2025-2026,ahl,D,https://www.eliteprospects.com/player/582653/christian-kyrou,Christian Kyrou
David Spacek (D),Iowa Wild,59,7,29,36,0.61,16,-1,2025-2026,ahl,D,https://www.eliteprospects.com/player/559551/david-spacek,David Spacek
Aatu Jämsen (RW/LW),Ontario Reign,59,16,12,28,0.47,26,4,2025-2026,ahl,RW/LW,https://www.eliteprospects.com/player/557189/aatu-jamsen,Aatu Jamsen
Dysin Mayo (D),Cleveland Monsters,59,3,26,29,0.49,52,16,2025-2026,ahl,D,https://www.eliteprospects.com/player/120638/dysin-mayo,Dysin Mayo
Benoit-Olivier Groulx (C/LW),Toronto Marlies,59,28,24,52,0.88,34,7,2025-2026,ahl,C/LW,https://www.eliteprospects.com/player/335689/benoit-olivier-groulx,Benoitolivier Groulx
Mathieu Cataford (C/RW),Henderson Silver Knights,59,3,10,13,0.22,24,-19,2025-2026,ahl,C/RW,https://www.eliteprospects.com/player/597877/mathieu-cataford,Mathieu Cataford
Ben McCartney (LW/RW),Tucson Roadrunners,59,21,30,51,0.86,75,0,2025-2026,ahl,LW/RW,https://www.eliteprospects.com/player/351230/ben-mccartney,Ben Mccartney
Mikael Pyyhtiä (LW/C),Cleveland Monsters,59,21,28,49,0.83,22,0,2025-2026,ahl,LW/C,https://www.eliteprospects.com/player/470710/mikael-pyyhtia,Mikael Pyyhtia
Ben Gleason (D),Iowa Wild,59,2,20,22,0.37,23,-20,2025-2026,ahl,D,https://www.eliteprospects.com/player/233504/ben-gleason,Ben Gleason
Henrik Rybinski (W/C),Hershey Bears,59,10,20,30,0.51,24,6,2025-2026,ahl,W/C,https://www.eliteprospects.com/player/351688/henrik-rybinski,Henrik Rybinski
Theo Lindstein (D),Springfield Thunderbirds,59,6,8,14,0.24,18,-20,2025-2026,ahl,D,https://www.eliteprospects.com/player/704824/theo-lindstein,Theo Lindstein
Valtteri Puustinen (RW/LW),Multiple Teams,59,12,28,40,0.68,16,7,2025-2026,ahl,RW/LW,https://www.eliteprospects.com/player/332963/valtteri-puustinen,Valtteri Puustinen
Robbie Russo (D),Tucson Roadrunners,59,5,12,17,0.29,22,-4,2025-2026,ahl,D,https://www.eliteprospects.com/player/38628/robbie-russo,Robbie Russo
Gabe Klassen (C/LW),Wilkes-Barre/Scranton Penguins,59,17,19,36,0.61,20,9,2025-2026,ahl,C/LW,https://www.eliteprospects.com/player/485361/gabe-klassen,Gabe Klassen
Trevor Carrick (D),Charlotte Checkers,59,5,18,23,0.39,69,12,2025-2026,ahl,D,https://www.eliteprospects.com/player/69391/trevor-carrick,Trevor Carrick
Aidan Thompson (C/LW),Multiple Teams,58,8,14,22,0.38,22,-10,2025-2026,ahl,C/LW,https://www.eliteprospects.com/player/536536/aidan-thompson,Aidan Thompson
Isaac Ratcliffe (C/LW),Milwaukee Admirals,58,9,15,24,0.41,61,3,2025-2026,ahl,C/LW,https://www.eliteprospects.com/player/300398/isaac-ratcliffe,Isaac Ratcliffe
Matěj Blümel (RW/LW),Providence Bruins,58,21,31,52,0.9,20,23,2025-2026,ahl,RW/LW,https://www.eliteprospects.com/player/272376/matej-blumel,Matej Blumel
Sawyer Mynio (D),Abbotsford Canucks,58,3,18,21,0.36,42,-20,2025-2026,ahl,D,https://www.eliteprospects.com/player/603585/sawyer-mynio,Sawyer Mynio
Maxim Groshev (D/W),Syracuse Crunch,58,3,18,21,0.36,22,16,2025-2026,ahl,D/W,https://www.eliteprospects.com/player/532511/maxim-groshev,Maxim Groshev
Alex Gagne (D),Colorado Eagles,58,1,12,13,0.22,53,14,2025-2026,ahl,D,manual_alex_gagne_d,Alex Gagne
Owen Beck (C),Laval Rocket,58,13,20,33,0.57,28,6,2025-2026,ahl,C,https://www.eliteprospects.com/player/647942/owen-beck,Owen Beck
Justin Robidas (C/RW),Chicago Wolves,58,23,37,60,1.03,14,20,2025-2026,ahl,C/RW,https://www.eliteprospects.com/player/411012/justin-robidas,Justin Robidas
David Silye (C/RW),Calgary Wranglers,58,3,7,10,0.17,26,-8,2025-2026,ahl,C/RW,https://www.eliteprospects.com/player/299441/david-silye,David Silye
Lucas Carlsson (D),San Jose Barracuda,58,12,14,26,0.45,30,4,2025-2026,ahl,D,https://www.eliteprospects.com/player/212334/lucas-carlsson,Lucas Carlsson
Ryan Sandelin (RW/C),Iowa Wild,58,4,5,9,0.16,18,-9,2025-2026,ahl,RW/C,https://www.eliteprospects.com/player/311758/ryan-sandelin,Ryan Sandelin
Mike Hardman (W/C),Utica Comets,58,10,11,21,0.36,12,-11,2025-2026,ahl,W/C,https://www.eliteprospects.com/player/353521/mike-hardman,Mike Hardman
Michael Buchinger (D),Springfield Thunderbirds,58,6,5,11,0.19,32,-6,2025-2026,ahl,D,https://www.eliteprospects.com/player/526053/michael-buchinger,Michael Buchinger
Brett Harrison (C/LW),Multiple Teams,58,10,11,21,0.36,8,2,2025-2026,ahl,C/LW,https://www.eliteprospects.com/player/529247/brett-harrison,Brett Harrison
Eduard Sale (RW/LW),Coachella Valley Firebirds,58,13,14,27,0.47,14,-9,2025-2026,ahl,RW/LW,https://www.eliteprospects.com/player/595291/eduard-sale,Eduard Sale
Brendan Furry (LW/RW),Syracuse Crunch,58,14,14,28,0.48,20,-2,2025-2026,ahl,LW/RW,https://www.eliteprospects.com/player/474371/brendan-furry,Brendan Furry
Cal Burke (C/RW),San Diego Gulls,58,5,12,17,0.29,4,-8,2025-2026,ahl,C/RW,https://www.eliteprospects.com/player/248438/cal-burke,Cal Burke
Travis Mitchell (D),Bridgeport Islanders,58,1,16,17,0.29,87,3,2025-2026,ahl,D,https://www.eliteprospects.com/player/284033/travis-mitchell,Travis Mitchell
Caleb MacDonald (D),Cleveland Monsters,58,3,9,12,0.21,74,-6,2025-2026,ahl,D,manual_caleb_macdonald_d,Caleb Macdonald
Sheldon Dries (C/W),Grand Rapids Griffins,57,23,22,45,0.79,13,20,2025-2026,ahl,C/W,https://www.eliteprospects.com/player/97620/sheldon-dries,Sheldon Dries
Tuomas Uronen (W/C),Henderson Silver Knights,57,12,8,20,0.35,34,1,2025-2026,ahl,W/C,https://www.eliteprospects.com/player/540333/tuomas-uronen,Tuomas Uronen
David Reinbacher (D),Laval Rocket,57,5,19,24,0.42,56,18,2025-2026,ahl,D,https://www.eliteprospects.com/player/703646/david-reinbacher,David Reinbacher
Josh Brown (D),Bakersfield Condors,57,2,11,13,0.23,78,2,2025-2026,ahl,D,https://www.eliteprospects.com/player/82512/josh-brown,Josh Brown
Alexis Gendron (RW/C),Multiple Teams,57,11,14,25,0.44,50,-16,2025-2026,ahl,RW/C,https://www.eliteprospects.com/player/485293/alexis-gendron,Alexis Gendron
Conor Geekie (RW/C),Syracuse Crunch,57,17,42,59,1.04,60,12,2025-2026,ahl,RW/C,https://www.eliteprospects.com/player/571034/conor-geekie,Conor Geekie
Koehn Ziemmer (RW/C),Ontario Reign,57,11,13,24,0.42,27,10,2025-2026,ahl,RW/C,https://www.eliteprospects.com/player/564977/koehn-ziemmer,Koehn Ziemmer
Sammy Walker (C/RW),Tucson Roadrunners,57,12,16,28,0.49,16,-13,2025-2026,ahl,C/RW,https://www.eliteprospects.com/player/300078/sammy-walker,Sammy Walker
Aydar Suniev (LW/RW),Calgary Wranglers,57,16,8,24,0.42,14,-28,2025-2026,ahl,LW/RW,https://www.eliteprospects.com/player/620335/aydar-suniev,Aydar Suniev
Turner Ottenbreit (D),Calgary Wranglers,57,3,10,13,0.23,62,-6,2025-2026,ahl,D,https://www.eliteprospects.com/player/199124/turner-ottenbreit,Turner Ottenbreit
James Malatesta (LW/C),Cleveland Monsters,57,10,8,18,0.32,87,-1,2025-2026,ahl,LW/C,https://www.eliteprospects.com/player/484164/james-malatesta,James Malatesta
Mike Benning (D),Charlotte Checkers,57,8,23,31,0.54,40,9,2025-2026,ahl,D,https://www.eliteprospects.com/player/201914/mike-benning,Mike Benning
Mikulas Hovorka (D),Charlotte Checkers,57,5,13,18,0.32,46,23,2025-2026,ahl,D,https://www.eliteprospects.com/player/425297/mikulas-hovorka,Mikulas Hovorka
Fabian Lysell (RW/LW),Providence Bruins,57,17,25,42,0.74,51,13,2025-2026,ahl,RW/LW,https://www.eliteprospects.com/player/472769/fabian-lysell,Fabian Lysell
Gavin Hayes (LW/RW),Rockford IceHogs,57,13,13,26,0.46,14,-13,2025-2026,ahl,LW/RW,https://www.eliteprospects.com/player/635399/gavin-hayes,Gavin Hayes
Victor Söderström (D),Providence Bruins,57,9,21,30,0.53,33,9,2025-2026,ahl,D,https://www.eliteprospects.com/player/344555/victor-soderstrom,Victor Soderstrom
Marc Johnstone (RW/LW),Toronto Marlies,57,9,17,26,0.46,52,4,2025-2026,ahl,RW/LW,https://www.eliteprospects.com/player/293866/marc-johnstone,Marc Johnstone
Dylan Peterson (C/RW),Springfield Thunderbirds,57,12,12,24,0.42,85,-13,2025-2026,ahl,C/RW,https://www.eliteprospects.com/player/342192/dylan-peterson,Dylan Peterson
Joshua Roy (W/C),Laval Rocket,57,23,22,45,0.79,32,-6,2025-2026,ahl,W/C,https://www.eliteprospects.com/player/483757/joshua-roy,Joshua Roy
Rory Kerins (C/LW),Calgary Wranglers,56,22,35,57,1.02,16,-11,2025-2026,ahl,C/LW,https://www.eliteprospects.com/player/504297/rory-kerins,Rory Kerins
Chris Terry (LW/RW),Bridgeport Islanders,56,10,11,21,0.38,21,-6,2025-2026,ahl,LW/RW,https://www.eliteprospects.com/player/14370/chris-terry,Chris Terry
Graham Slaggert (C/LW),Rochester Americans,56,2,5,7,0.13,10,-6,2025-2026,ahl,C/LW,https://www.eliteprospects.com/player/284012/graham-slaggert,Graham Slaggert
Joey Willis (C/LW),Milwaukee Admirals,56,8,14,22,0.39,18,-10,2025-2026,ahl,C/LW,manual_joey_willis_c,Joey Willis
Nick Abruzzese (C/LW),Syracuse Crunch,56,15,36,51,0.91,8,11,2025-2026,ahl,C/LW,https://www.eliteprospects.com/player/201476/nick-abruzzese,Nick Abruzzese
Marshall Warren (D),Bridgeport Islanders,56,6,26,32,0.57,30,13,2025-2026,ahl,D,https://www.eliteprospects.com/player/381692/marshall-warren,Marshall Warren
Justin Pearson (LW/RW),Cleveland Monsters,56,12,13,25,0.45,39,8,2025-2026,ahl,LW/RW,https://www.eliteprospects.com/player/386534/justin-pearson,Justin Pearson
Cross Hanas (W/C),Texas Stars,56,15,23,38,0.68,36,6,2025-2026,ahl,W/C,https://www.eliteprospects.com/player/252712/cross-hanas,Cross Hanas
Olivier Nadeau (RW/C),Rochester Americans,56,13,13,26,0.46,20,-9,2025-2026,ahl,RW/C,https://www.eliteprospects.com/player/483754/olivier-nadeau,Olivier Nadeau
Ryan Johnson (D),Rochester Americans,56,5,14,19,0.34,40,-12,2025-2026,ahl,D,https://www.eliteprospects.com/player/290138/ryan-johnson,Ryan Johnson
Michael Callahan (D),Providence Bruins,56,2,14,16,0.29,27,30,2025-2026,ahl,D,https://www.eliteprospects.com/player/201479/michael-callahan,Michael Callahan
Jack Thompson (D),Multiple Teams,56,6,19,25,0.45,20,15,2025-2026,ahl,D,https://www.eliteprospects.com/player/201878/jack-thompson,Jack Thompson
Cooper Marody (C/RW),Multiple Teams,56,13,23,36,0.64,20,-1,2025-2026,ahl,C/RW,https://www.eliteprospects.com/player/248334/cooper-marody,Cooper Marody
Brett Leason (RW/C),Hershey Bears,56,14,30,44,0.79,47,7,2025-2026,ahl,RW/C,https://www.eliteprospects.com/player/257755/brett-leason,Brett Leason
Andrew Agozzino (LW/C),Tucson Roadrunners,56,19,20,39,0.7,24,-3,2025-2026,ahl,LW/C,https://www.eliteprospects.com/player/23816/andrew-agozzino,Andrew Agozzino
Jan Mysak (C/LW),San Diego Gulls,56,10,13,23,0.41,31,3,2025-2026,ahl,C/LW,https://www.eliteprospects.com/player/427906/jan-mysak,Jan Mysak
Ethan Gauthier (RW/LW),Syracuse Crunch,56,12,15,27,0.48,10,5,2025-2026,ahl,RW/LW,https://www.eliteprospects.com/player/599319/ethan-gauthier,Ethan Gauthier
Garrett Pilon (C/RW),Belleville Senators,56,8,23,31,0.55,8,-3,2025-2026,ahl,C/RW,https://www.eliteprospects.com/player/49041/garrett-pilon,Garrett Pilon
Artyom Grushnikov (D),Calgary Wranglers,55,1,1,2,0.04,19,-1,2025-2026,ahl,D,https://www.eliteprospects.com/player/539222/artyom-grushnikov,Artyom Grushnikov
Carson Meyer (RW/LW),Rochester Americans,55,14,17,31,0.56,24,-14,2025-2026,ahl,RW/LW,https://www.eliteprospects.com/player/272540/carson-meyer,Carson Meyer
Sean Behrens (D),Colorado Eagles,55,5,18,23,0.42,22,9,2025-2026,ahl,D,https://www.eliteprospects.com/player/464775/sean-behrens,Sean Behrens
Henry Thrun (D),Toronto Marlies,55,5,18,23,0.42,37,-1,2025-2026,ahl,D,https://www.eliteprospects.com/player/445218/henry-thrun,Henry Thrun
Matthew Strome (LW/RW),Hershey Bears,55,8,15,23,0.42,30,0,2025-2026,ahl,LW/RW,https://www.eliteprospects.com/player/268417/matthew-strome,Matthew Strome
Nils Åman (C/W),Abbotsford Canucks,55,6,35,41,0.75,16,-1,2025-2026,ahl,C/W,https://www.eliteprospects.com/player/343876/nils-aman,Nils Aman
Matyas Melovsky (C/W),Utica Comets,55,10,16,26,0.47,31,-2,2025-2026,ahl,C/W,https://www.eliteprospects.com/player/527443/matyas-melovsky,Matyas Melovsky
Tommy Miller (D),Syracuse Crunch,55,3,7,10,0.18,27,8,2025-2026,ahl,D,https://www.eliteprospects.com/player/233517/tommy-miller,Tommy Miller
Lassi Thomson (D),Belleville Senators,55,14,11,25,0.45,54,1,2025-2026,ahl,D,https://www.eliteprospects.com/player/372919/lassi-thomson,Lassi Thomson
Vsevolod Komarov (D),Rochester Americans,55,4,7,11,0.2,60,-2,2025-2026,ahl,D,https://www.eliteprospects.com/player/709023/vsevolod-komarov,Vsevolod Komarov
Julian Lutz (W/C),Tucson Roadrunners,55,5,7,12,0.22,58,-9,2025-2026,ahl,W/C,https://www.eliteprospects.com/player/601111/julian-lutz,Julian Lutz
Vinni Lettieri (C/RW),Toronto Marlies,55,14,28,42,0.76,32,1,2025-2026,ahl,C/RW,https://www.eliteprospects.com/player/118656/vinni-lettieri,Vinni Lettieri
Luca Del Bel Belluz (C/LW),Cleveland Monsters,55,22,36,58,1.05,2,-4,2025-2026,ahl,C/LW,https://www.eliteprospects.com/player/525669/luca-del-bel-belluz,Luca Del Bel Belluz
Nolan Foote (LW/RW),Charlotte Checkers,54,14,18,32,0.59,40,2,2025-2026,ahl,LW/RW,https://www.eliteprospects.com/player/240385/nolan-foote,Nolan Foote
Ian McKinnon (LW/C),Coachella Valley Firebirds,54,4,5,9,0.17,245,0,2025-2026,ahl,LW/C,https://www.eliteprospects.com/player/267844/ian-mckinnon,Ian Mckinnon
Garrett Wilson (LW/RW),Lehigh Valley Phantoms,54,4,12,16,0.3,101,-2,2025-2026,ahl,LW/RW,https://www.eliteprospects.com/player/23809/garrett-wilson,Garrett Wilson
Simon Lundmark (D),Syracuse Crunch,54,1,10,11,0.2,22,-2,2025-2026,ahl,D,https://www.eliteprospects.com/player/344757/simon-lundmark,Simon Lundmark
Hunter Haight (C/RW),Iowa Wild,54,18,14,32,0.59,22,-17,2025-2026,ahl,C/RW,https://www.eliteprospects.com/player/603614/hunter-haight,Hunter Haight
Carter Yakemchuk (D),Belleville Senators,54,10,30,40,0.74,36,-31,2025-2026,ahl,D,manual_carter_yakemchuk_d,Carter Yakemchuk
Jared Wright (RW/LW),Ontario Reign,54,17,13,30,0.56,11,27,2025-2026,ahl,RW/LW,https://www.eliteprospects.com/player/616241/jared-wright,Jared Wright
Mitchell Chaffee (RW),Syracuse Crunch,54,24,33,57,1.06,57,7,2025-2026,ahl,RW,https://www.eliteprospects.com/player/296327/mitchell-chaffee,Mitchell Chaffee
Finn Harding (D),Wilkes-Barre/Scranton Penguins,54,4,18,22,0.41,42,32,2025-2026,ahl,D,https://www.eliteprospects.com/player/603127/finn-harding,Finn Harding
Ryder Rolston (RW),Milwaukee Admirals,54,8,7,15,0.28,10,-1,2025-2026,ahl,RW,manual_ryder_rolston_rw,Ryder Rolston
Jared Davidson (C),Laval Rocket,53,16,9,25,0.47,59,3,2025-2026,ahl,C,https://www.eliteprospects.com/player/475625/jared-davidson,Jared Davidson
Ville Ottavainen (D),Coachella Valley Firebirds,53,3,14,17,0.32,71,11,2025-2026,ahl,D,https://www.eliteprospects.com/player/530727/ville-ottavainen,Ville Ottavainen
Nikita Chibrikov (LW/RW),Manitoba Moose,53,6,10,16,0.3,28,-19,2025-2026,ahl,LW/RW,https://www.eliteprospects.com/player/527467/nikita-chibrikov,Nikita Chibrikov
Mark Senden (C/LW),Colorado Eagles,53,4,9,13,0.25,22,5,2025-2026,ahl,C/LW,https://www.eliteprospects.com/player/300834/mark-senden,Mark Senden
Mikaël Diotte (D),Utica Comets,53,1,7,8,0.15,44,-2,2025-2026,ahl,D,https://www.eliteprospects.com/player/502341/mikael-diotte,Mikael Diotte
Kevin Korchinski (D),Rockford IceHogs,53,2,24,26,0.49,48,-21,2025-2026,ahl,D,https://www.eliteprospects.com/player/516605/kevin-korchinski,Kevin Korchinski
David Edstrom (C),Milwaukee Admirals,53,8,14,22,0.42,28,8,2025-2026,ahl,C,https://www.eliteprospects.com/player/608308/david-edstrom,David Edstrom
Marc-Andre Gaudet (D),Springfield Thunderbirds,53,5,15,20,0.38,12,-14,2025-2026,ahl,D,https://www.eliteprospects.com/player/573863/marc-andre-gaudet,Marcandre Gaudet
Atro Leppänen (D),Bakersfield Condors,53,11,27,38,0.72,28,-5,2025-2026,ahl,D,https://www.eliteprospects.com/player/326877/atro-leppanen,Atro Leppanen
Christian Wolanin (D),Providence Bruins,53,7,24,31,0.58,14,12,2025-2026,ahl,D,https://www.eliteprospects.com/player/188788/christian-wolanin,Christian Wolanin
Parker Bell (LW/RW),Calgary Wranglers,53,3,3,6,0.11,34,-13,2025-2026,ahl,LW/RW,https://www.eliteprospects.com/player/539062/parker-bell,Parker Bell
Cameron Berg (C/LW),Bridgeport Islanders,53,7,13,20,0.38,30,-8,2025-2026,ahl,C/LW,https://www.eliteprospects.com/player/536648/cameron-berg,Cameron Berg
Laurent Dauphin (C/LW),Laval Rocket,53,15,44,59,1.11,34,22,2025-2026,ahl,C/LW,https://www.eliteprospects.com/player/126400/laurent-dauphin,Laurent Dauphin
Wyatt Newpower (D),Multiple Teams,53,2,7,9,0.17,52,-4,2025-2026,ahl,D,https://www.eliteprospects.com/player/336478/wyatt-newpower,Wyatt Newpower
Dillon Boucher (LW/RW),Rockford IceHogs,53,3,5,8,0.15,114,-8,2025-2026,ahl,LW/RW,https://www.eliteprospects.com/player/195762/dillon-boucher,Dillon Boucher
David Gucciardi (D),Hershey Bears,52,3,10,13,0.25,55,3,2025-2026,ahl,D,https://www.eliteprospects.com/player/504264/david-gucciardi,David Gucciardi
Alexandre Doucet (W/C),Grand Rapids Griffins,52,8,6,14,0.27,14,10,2025-2026,ahl,W/C,https://www.eliteprospects.com/player/201898/alexandre-doucet,Alexandre Doucet
Tyrel Bauer (D),Manitoba Moose,52,1,4,5,0.1,110,11,2025-2026,ahl,D,https://www.eliteprospects.com/player/391046/tyrel-bauer,Tyrel Bauer
Dominic Toninato (C/W),Rockford IceHogs,52,16,27,43,0.83,57,-8,2025-2026,ahl,C/W,https://www.eliteprospects.com/player/122004/dominic-toninato,Dominic Toninato
Dryden Hunt (LW/RW),Calgary Wranglers,52,18,45,63,1.21,64,4,2025-2026,ahl,LW/RW,https://www.eliteprospects.com/player/84609/dryden-hunt,Dryden Hunt
Andreas Englund (D),Milwaukee Admirals,52,3,10,13,0.25,65,4,2025-2026,ahl,D,https://www.eliteprospects.com/player/115148/andreas-englund,Andreas Englund
Marek Alscher (D),Charlotte Checkers,52,3,8,11,0.21,32,17,2025-2026,ahl,D,https://www.eliteprospects.com/player/537884/marek-alscher,Marek Alscher
Philip Tomasino (C/W),Multiple Teams,52,12,29,41,0.79,53,-4,2025-2026,ahl,C/W,https://www.eliteprospects.com/player/418531/philip-tomasino,Philip Tomasino
Carson Bantle (LW/RW),Grand Rapids Griffins,52,3,4,7,0.13,55,0,2025-2026,ahl,LW/RW,https://www.eliteprospects.com/player/201849/carson-bantle,Carson Bantle
Connor Mylymok (RW/LW),Rockford IceHogs,52,3,7,10,0.19,204,-11,2025-2026,ahl,RW/LW,https://www.eliteprospects.com/player/352007/connor-mylymok,Connor Mylymok
Bradly Nadeau (LW/RW),Chicago Wolves,52,27,29,56,1.08,24,16,2025-2026,ahl,LW/RW,https://www.eliteprospects.com/player/619153/bradly-nadeau,Bradly Nadeau
Aleksi Heimosalmi (D),Chicago Wolves,52,4,13,17,0.33,40,11,2025-2026,ahl,D,https://www.eliteprospects.com/player/601642/aleksi-heimosalmi,Aleksi Heimosalmi
Joey Anderson (RW/LW),Rockford IceHogs,52,17,16,33,0.63,14,-5,2025-2026,ahl,RW/LW,https://www.eliteprospects.com/player/247964/joey-anderson,Joey Anderson
Taylor Makar (LW/C),Colorado Eagles,52,14,10,24,0.46,56,12,2025-2026,ahl,LW/C,https://www.eliteprospects.com/player/351159/taylor-makar,Taylor Makar
Parker Ford (C/RW),Manitoba Moose,52,8,18,26,0.5,24,5,2025-2026,ahl,C/RW,https://www.eliteprospects.com/player/394933/parker-ford,Parker Ford
Ryan Ufko (D),Milwaukee Admirals,52,11,33,44,0.85,20,-15,2025-2026,ahl,D,https://www.eliteprospects.com/player/511993/ryan-ufko,Ryan Ufko
Jake Livingstone (D),Charlotte Checkers,52,3,14,17,0.33,24,12,2025-2026,ahl,D,https://www.eliteprospects.com/player/358393/jake-livingstone,Jake Livingstone
Brian Halonen (LW/RW),Utica Comets,51,20,14,34,0.67,28,-1,2025-2026,ahl,LW/RW,https://www.eliteprospects.com/player/419044/brian-halonen,Brian Halonen
Andrei Loshko (RW/LW),Coachella Valley Firebirds,51,5,9,14,0.27,16,3,2025-2026,ahl,RW/LW,https://www.eliteprospects.com/player/707666/andrei-loshko,Andrei Loshko
Kalle Väisänen (LW/RW),Hartford Wolf Pack,51,3,1,4,0.08,0,-12,2025-2026,ahl,LW/RW,https://www.eliteprospects.com/player/559937/kalle-vaisanen,Kalle Vaisanen
Sean Chisholm (C/LW),Texas Stars,51,3,3,6,0.12,45,-6,2025-2026,ahl,C/LW,https://www.eliteprospects.com/player/502051/sean-chisholm,Sean Chisholm
Andrew Perrott (D),Rockford IceHogs,51,1,3,4,0.08,117,-6,2025-2026,ahl,D,https://www.eliteprospects.com/player/369851/andrew-perrott,Andrew Perrott
David Goyette (C/LW),Coachella Valley Firebirds,51,3,7,10,0.2,73,3,2025-2026,ahl,C/LW,https://www.eliteprospects.com/player/562220/david-goyette,David Goyette
Riley Stillman (D),Bakersfield Condors,51,3,15,18,0.35,81,-4,2025-2026,ahl,D,https://www.eliteprospects.com/player/252469/riley-stillman,Riley Stillman
Jérémie Poirier (D),Multiple Teams,51,5,11,16,0.31,33,-17,2025-2026,ahl,D,https://www.eliteprospects.com/player/201907/jeremie-poirier,Jeremie Poirier
Miko Matikka (RW/LW),Tucson Roadrunners,51,5,7,12,0.24,19,-12,2025-2026,ahl,RW/LW,https://www.eliteprospects.com/player/628519/miko-matikka,Miko Matikka
Gavin White (D),Multiple Teams,51,3,9,12,0.24,16,-11,2025-2026,ahl,D,https://www.eliteprospects.com/player/413836/gavin-white,Gavin White
Christoffer Sedoff (D),Multiple Teams,50,0,4,4,0.08,15,4,2025-2026,ahl,D,https://www.eliteprospects.com/player/454747/christoffer-sedoff,Christoffer Sedoff
Tyler Tullio (RW/C),Tucson Roadrunners,50,9,14,23,0.46,38,5,2025-2026,ahl,RW/C,https://www.eliteprospects.com/player/201944/tyler-tullio,Tyler Tullio
Cooper Flinton (LW/RW),Syracuse Crunch,50,5,1,6,0.12,48,-1,2025-2026,ahl,LW/RW,https://www.eliteprospects.com/player/648425/cooper-flinton,Cooper Flinton
Aaron Huglen (W/C),Wilkes-Barre/Scranton Penguins,50,6,9,15,0.3,20,-4,2025-2026,ahl,W/C,manual_aaron_huglen_w,Aaron Huglen
Lukas Cormier (D),Henderson Silver Knights,49,8,39,47,0.96,32,2,2025-2026,ahl,D,https://www.eliteprospects.com/player/201780/lukas-cormier,Lukas Cormier
Sam Colangelo (RW/C),San Diego Gulls,49,12,24,36,0.73,25,-10,2025-2026,ahl,RW/C,https://www.eliteprospects.com/player/386333/sam-colangelo,Sam Colangelo
Daniil Gushchin (LW/RW),Colorado Eagles,49,18,14,32,0.65,26,6,2025-2026,ahl,LW/RW,https://www.eliteprospects.com/player/512924/daniil-gushchin,Daniil Gushchin
MacKenzie Entwistle (RW/C),Charlotte Checkers,49,5,6,11,0.22,41,7,2025-2026,ahl,RW/C,https://www.eliteprospects.com/player/273678/mackenzie-entwistle,Mackenzie Entwistle
Brandon Scanlin (D),Hartford Wolf Pack,49,4,7,11,0.22,54,-5,2025-2026,ahl,D,https://www.eliteprospects.com/player/283287/brandon-scanlin,Brandon Scanlin
Austin Strand (D),Utica Comets,49,4,12,16,0.33,47,-5,2025-2026,ahl,D,https://www.eliteprospects.com/player/161123/austin-strand,Austin Strand
Jack Rathbone (D),Rochester Americans,49,5,13,18,0.37,26,-17,2025-2026,ahl,D,https://www.eliteprospects.com/player/311766/jack-rathbone,Jack Rathbone
Oscar Eklind (W/C),Lehigh Valley Phantoms,49,9,6,15,0.31,24,4,2025-2026,ahl,W/C,https://www.eliteprospects.com/player/233155/oscar-eklind,Oscar Eklind
Devin Kaplan (RW/LW),Lehigh Valley Phantoms,49,5,8,13,0.27,62,-13,2025-2026,ahl,RW/LW,https://www.eliteprospects.com/player/526063/devin-kaplan,Devin Kaplan
Riese Gaber (RW/LW),Charlotte Checkers,49,9,12,21,0.43,38,11,2025-2026,ahl,RW/LW,https://www.eliteprospects.com/player/283845/riese-gaber,Riese Gaber
Daniel Carr (LW/RW),Milwaukee Admirals,49,16,15,31,0.63,32,-18,2025-2026,ahl,LW/RW,https://www.eliteprospects.com/player/39435/daniel-carr,Daniel Carr
Dmitri Osipov (D/RW),Utica Comets,49,3,4,7,0.14,59,3,2025-2026,ahl,D/RW,https://www.eliteprospects.com/player/250313/dmitri-osipov,Dmitri Osipov
Robert Mastrosimone (LW/C),Charlotte Checkers,49,13,19,32,0.65,40,10,2025-2026,ahl,LW/C,https://www.eliteprospects.com/player/385680/robert-mastrosimone,Robert Mastrosimone
Dalton Bancroft (RW/LW),Multiple Teams,49,1,5,6,0.12,30,-10,2025-2026,ahl,RW/LW,https://www.eliteprospects.com/player/424327/dalton-bancroft,Dalton Bancroft
Mark Liwiski (C/LW),Iowa Wild,49,4,0,4,0.08,243,-11,2025-2026,ahl,C/LW,https://www.eliteprospects.com/player/351246/mark-liwiski,Mark Liwiski
Landen Hookey (RW/C),Belleville Senators,49,5,7,12,0.24,52,3,2025-2026,ahl,RW/C,manual_landen_hookey_rw,Landen Hookey
Matt Kiersted (D),Iowa Wild,49,4,8,12,0.24,38,2,2025-2026,ahl,D,https://www.eliteprospects.com/player/291904/matt-kiersted,Matt Kiersted
Oscar Fisker Mølgaard (C/LW),Coachella Valley Firebirds,49,10,24,34,0.69,12,8,2025-2026,ahl,C/LW,https://www.eliteprospects.com/player/729161/oscar-fisker-molgaard,Oscar Fisker Mlgaard
Cameron Crotty (D),Belleville Senators,49,3,7,10,0.2,29,-4,2025-2026,ahl,D,https://www.eliteprospects.com/player/299556/cameron-crotty,Cameron Crotty
Roman Schmidt (D),Multiple Teams,48,0,3,3,0.06,94,-14,2025-2026,ahl,D,https://www.eliteprospects.com/player/417192/roman-schmidt,Roman Schmidt
Rasmus Kumpulainen (C/LW),Iowa Wild,48,1,4,5,0.1,24,-12,2025-2026,ahl,C/LW,https://www.eliteprospects.com/player/689399/rasmus-kumpulainen,Rasmus Kumpulainen
Tobie Paquette-Bisson (D),Laval Rocket,48,3,8,11,0.23,14,15,2025-2026,ahl,D,https://www.eliteprospects.com/player/213820/tobie-paquette-bisson,Tobie Paquettebisson
Cal Foote (D),Chicago Wolves,48,4,14,18,0.38,20,10,2025-2026,ahl,D,https://www.eliteprospects.com/player/247895/cal-foote,Cal Foote
Wojciech Stachowiak (LW/RW),Multiple Teams,48,13,19,32,0.67,32,9,2025-2026,ahl,LW/RW,https://www.eliteprospects.com/player/215916/wojciech-stachowiak,Wojciech Stachowiak
Joakim Kemell (RW),Milwaukee Admirals,48,10,19,29,0.6,56,-21,2025-2026,ahl,RW,https://www.eliteprospects.com/player/526043/joakim-kemell,Joakim Kemell
Sandis Vilmanis (LW/RW),Charlotte Checkers,48,17,21,38,0.79,26,17,2025-2026,ahl,LW/RW,https://www.eliteprospects.com/player/638444/sandis-vilmanis,Sandis Vilmanis
Tomas Hamara (D),Belleville Senators,48,4,2,6,0.13,18,-4,2025-2026,ahl,D,https://www.eliteprospects.com/player/559537/tomas-hamara,Tomas Hamara
Gustav Olofsson (D),Coachella Valley Firebirds,48,4,28,32,0.67,28,28,2025-2026,ahl,D,https://www.eliteprospects.com/player/39017/gustav-olofsson,Gustav Olofsson
David Gustafsson (C),Manitoba Moose,48,10,22,32,0.67,12,12,2025-2026,ahl,C,https://www.eliteprospects.com/player/293796/david-gustafsson,David Gustafsson
Jacob Doty (C/RW),Ontario Reign,48,2,2,4,0.08,88,-10,2025-2026,ahl,C/RW,https://www.eliteprospects.com/player/45623/jacob-doty,Jacob Doty
Isaac Howard (LW/RW),Bakersfield Condors,47,24,26,50,1.06,12,-3,2025-2026,ahl,LW/RW,manual_isaac_howard_lw,Isaac Howard
John Leonard (LW/RW),Grand Rapids Griffins,47,33,21,54,1.15,12,8,2025-2026,ahl,LW/RW,https://www.eliteprospects.com/player/272976/john-leonard,John Leonard
Lucas Ciona (LW/RW),Calgary Wranglers,47,5,4,9,0.19,81,-2,2025-2026,ahl,LW/RW,https://www.eliteprospects.com/player/475634/lucas-ciona,Lucas Ciona
Taige Harding (D),Rockford IceHogs,47,3,6,9,0.19,105,-1,2025-2026,ahl,D,https://www.eliteprospects.com/player/201918/taige-harding,Taige Harding
Reese Johnson (C/RW),Toronto Marlies,47,6,9,15,0.32,39,-2,2025-2026,ahl,C/RW,https://www.eliteprospects.com/player/279121/reese-johnson,Reese Johnson
Cam Squires (RW),Utica Comets,47,5,11,16,0.34,15,3,2025-2026,ahl,RW,https://www.eliteprospects.com/player/649026/cam-squires,Cam Squires
Nathan Smith (C/RW),Charlotte Checkers,47,12,19,31,0.66,41,5,2025-2026,ahl,C/RW,https://www.eliteprospects.com/player/484201/nathan-smith,Nathan Smith
Tristan Broz (C/LW),Wilkes-Barre/Scranton Penguins,47,16,23,39,0.83,41,18,2025-2026,ahl,C/LW,https://www.eliteprospects.com/player/470024/tristan-broz,Tristan Broz
Isaiah George (D),Bridgeport Islanders,47,2,16,18,0.38,20,10,2025-2026,ahl,D,https://www.eliteprospects.com/player/526091/isaiah-george,Isaiah George
Sam Bitten (C/LW),Multiple Teams,47,4,3,7,0.15,83,-17,2025-2026,ahl,C/LW,https://www.eliteprospects.com/player/245966/sam-bitten,Sam Bitten
Jake Wise (C/LW),Colorado Eagles,47,2,9,11,0.23,14,2,2025-2026,ahl,C/LW,https://www.eliteprospects.com/player/268432/jake-wise,Jake Wise
Hayden Hodgson (RW/LW),Belleville Senators,47,6,5,11,0.23,134,-13,2025-2026,ahl,RW/LW,https://www.eliteprospects.com/player/188193/hayden-hodgson,Hayden Hodgson
Leo Lööf (D),Springfield Thunderbirds,47,2,4,6,0.13,29,-2,2025-2026,ahl,D,https://www.eliteprospects.com/player/412461/leo-loof,Leo Loof
Tyler Boucher (RW/LW),Belleville Senators,47,12,14,26,0.55,68,7,2025-2026,ahl,RW/LW,https://www.eliteprospects.com/player/478374/tyler-boucher,Tyler Boucher
Amadeus Lombardi (C/LW),Grand Rapids Griffins,47,16,26,42,0.89,22,11,2025-2026,ahl,C/LW,https://www.eliteprospects.com/player/640282/amadeus-lombardi,Amadeus Lombardi
Dillon Dubé (LW/C),Springfield Thunderbirds,46,20,17,37,0.8,10,-1,2025-2026,ahl,LW/C,https://www.eliteprospects.com/player/157256/dillon-dube,Dillon Dube
Dmitri Kuzmin (D),Rockford IceHogs,46,6,9,15,0.33,11,0,2025-2026,ahl,D,https://www.eliteprospects.com/player/618502/dmitri-kuzmin,Dmitri Kuzmin
Maxence Guénette (D),Lehigh Valley Phantoms,46,2,22,24,0.52,19,-6,2025-2026,ahl,D,https://www.eliteprospects.com/player/410616/maxence-guenette,Maxence Guenette
Hunter St. Martin (LW/RW),Charlotte Checkers,46,5,8,13,0.28,33,4,2025-2026,ahl,LW/RW,manual_hunter_st_martin_lw,Hunter St Martin
Justin Dowling (C/W),Hartford Wolf Pack,46,9,20,29,0.63,4,-10,2025-2026,ahl,C/W,https://www.eliteprospects.com/player/23320/justin-dowling,Justin Dowling
Trevor Connelly (LW),Henderson Silver Knights,46,14,35,49,1.07,18,2,2025-2026,ahl,LW,https://www.eliteprospects.com/player/597781/trevor-connelly,Trevor Connelly
Dylan Anhorn (D),Manitoba Moose,46,3,14,17,0.37,18,4,2025-2026,ahl,D,https://www.eliteprospects.com/player/281318/dylan-anhorn,Dylan Anhorn
Ryan Mast (D),Rockford IceHogs,46,0,14,14,0.3,18,2,2025-2026,ahl,D,https://www.eliteprospects.com/player/512167/ryan-mast,Ryan Mast
Colin White (C/RW),San Jose Barracuda,46,21,27,48,1.04,28,1,2025-2026,ahl,C/RW,https://www.eliteprospects.com/player/183810/colin-white,Colin White
Jordan Dumais (RW/LW),Cleveland Monsters,46,7,11,18,0.39,8,-11,2025-2026,ahl,RW/LW,https://www.eliteprospects.com/player/568363/jordan-dumais,Jordan Dumais
Gleb Trikozov (LW/RW),Chicago Wolves,46,7,4,11,0.24,33,-3,2025-2026,ahl,LW/RW,https://www.eliteprospects.com/player/690807/gleb-trikozov,Gleb Trikozov
Oliver Bonk (D),Lehigh Valley Phantoms,46,6,13,19,0.41,22,-14,2025-2026,ahl,D,manual_oliver_bonk_d,Oliver Bonk
Boris Katchouk (LW/RW),Multiple Teams,46,11,14,25,0.54,22,-8,2025-2026,ahl,LW/RW,https://www.eliteprospects.com/player/269859/boris-katchouk,Boris Katchouk
Charlie Wright (D),Coachella Valley Firebirds,46,1,1,2,0.04,4,-1,2025-2026,ahl,D,https://www.eliteprospects.com/player/475351/charlie-wright,Charlie Wright
Jason Polin (RW/LW),Colorado Eagles,46,10,11,21,0.46,10,3,2025-2026,ahl,RW/LW,https://www.eliteprospects.com/player/284027/jason-polin,Jason Polin
Jaroslav Chmelar (RW/LW),Hartford Wolf Pack,46,8,17,25,0.54,42,-7,2025-2026,ahl,RW/LW,https://www.eliteprospects.com/player/579280/jaroslav-chmelar,Jaroslav Chmelar
Raphaël Lavoie (C/RW),Henderson Silver Knights,45,30,26,56,1.24,12,5,2025-2026,ahl,C/RW,https://www.eliteprospects.com/player/335712/raphael-lavoie,Raphael Lavoie
Kevin Lombardi (RW/LW),Rockford IceHogs,45,13,10,23,0.51,34,-1,2025-2026,ahl,RW/LW,https://www.eliteprospects.com/player/317209/kevin-lombardi,Kevin Lombardi
Jakub Dvořák (D),Ontario Reign,45,4,3,7,0.16,41,6,2025-2026,ahl,D,https://www.eliteprospects.com/player/619016/jakub-dvo%C5%99ak,Jakub Dvorak
Ethan Del Mastro (D),Rockford IceHogs,45,2,16,18,0.4,34,1,2025-2026,ahl,D,https://www.eliteprospects.com/player/525637/ethan-del-mastro,Ethan Del Mastro
Jack Malone (RW/C),Utica Comets,45,1,8,9,0.2,10,0,2025-2026,ahl,RW/C,https://www.eliteprospects.com/player/364031/jack-malone,Jack Malone
Jon-Randall Avon (C/LW),Coachella Valley Firebirds,45,10,14,24,0.53,12,2,2025-2026,ahl,C/LW,https://www.eliteprospects.com/player/582515/jon-randall-avon,Jonrandall Avon
Josh Samanski (C/LW),Bakersfield Condors,45,8,23,31,0.69,40,6,2025-2026,ahl,C/LW,https://www.eliteprospects.com/player/427110/josh-samanski,Josh Samanski
Adam Engström (D),Laval Rocket,45,10,24,34,0.76,18,14,2025-2026,ahl,D,https://www.eliteprospects.com/player/491616/adam-engstrom,Adam Engstrom
Mattias Hävelid (D),San Jose Barracuda,44,5,10,15,0.34,16,2,2025-2026,ahl,D,https://www.eliteprospects.com/player/577575/mattias-havelid,Mattias Havelid
Joona Koppanen (C/LW),Wilkes-Barre/Scranton Penguins,44,8,17,25,0.57,12,22,2025-2026,ahl,C/LW,https://www.eliteprospects.com/player/279893/joona-koppanen,Joona Koppanen
Kaden Hammell (D),Coachella Valley Firebirds,44,6,7,13,0.3,30,14,2025-2026,ahl,D,manual_kaden_hammell_d,Kaden Hammell
Kevin Rooney (C/LW),Tucson Roadrunners,44,12,12,24,0.55,8,-3,2025-2026,ahl,C/LW,https://www.eliteprospects.com/player/180925/kevin-rooney,Kevin Rooney
Mason Millman (D/LW),Bakersfield Condors,44,1,7,8,0.18,15,5,2025-2026,ahl,D/LW,https://www.eliteprospects.com/player/418350/mason-millman,Mason Millman
Sam Lipkin (LW/C),Tucson Roadrunners,44,1,7,8,0.18,31,13,2025-2026,ahl,LW/C,https://www.eliteprospects.com/player/478367/sam-lipkin,Sam Lipkin
Jarred Tinordi (D),Syracuse Crunch,44,2,6,8,0.18,84,8,2025-2026,ahl,D,https://www.eliteprospects.com/player/20706/jarred-tinordi,Jarred Tinordi
Will Zmolek (D),Iowa Wild,44,1,4,5,0.11,10,-9,2025-2026,ahl,D,https://www.eliteprospects.com/player/379104/will-zmolek,Will Zmolek
Ville Heinola (D),Manitoba Moose,44,3,18,21,0.48,24,-2,2025-2026,ahl,D,https://www.eliteprospects.com/player/428795/ville-heinola,Ville Heinola
Kirill Kudryavtsev (D),Abbotsford Canucks,44,2,18,20,0.45,4,-15,2025-2026,ahl,D,https://www.eliteprospects.com/player/699365/kirill-kudryavtsev,Kirill Kudryavtsev
Justin Ertel (LW/RW),Texas Stars,44,2,5,7,0.16,24,-10,2025-2026,ahl,LW/RW,https://www.eliteprospects.com/player/529245/justin-ertel,Justin Ertel
Montana Onyebuchi (D),Tucson Roadrunners,44,1,9,10,0.23,67,-11,2025-2026,ahl,D,https://www.eliteprospects.com/player/351091/montana-onyebuchi,Montana Onyebuchi
Brendan Gaunce (C/LW),Cleveland Monsters,44,16,20,36,0.82,18,-9,2025-2026,ahl,C/LW,https://www.eliteprospects.com/player/76290/brendan-gaunce,Brendan Gaunce
Ronnie Attard (D),Colorado Eagles,44,3,14,17,0.39,38,3,2025-2026,ahl,D,https://www.eliteprospects.com/player/284030/ronnie-attard,Ronnie Attard
Ethan Keppen (LW/RW),Bakersfield Condors,44,4,2,6,0.14,62,-2,2025-2026,ahl,LW/RW,https://www.eliteprospects.com/player/418534/ethan-keppen,Ethan Keppen
Olle Lycksell (W/C),Belleville Senators,44,13,17,30,0.68,20,-14,2025-2026,ahl,W/C,https://www.eliteprospects.com/player/265290/olle-lycksell,Olle Lycksell
Lukas Dragicevic (D),Coachella Valley Firebirds,43,1,10,11,0.26,22,-4,2025-2026,ahl,D,https://www.eliteprospects.com/player/529817/lukas-dragicevic,Lukas Dragicevic
Vilmer Alriksson (LW/C),Abbotsford Canucks,43,6,3,9,0.21,56,-28,2025-2026,ahl,LW/C,manual_vilmer_alriksson_lw,Vilmer Alriksson
Ty Gallagher (D),Providence Bruins,43,7,13,20,0.47,26,6,2025-2026,ahl,D,https://www.eliteprospects.com/player/512168/ty-gallagher,Ty Gallagher
Josiah Didier (D),Laval Rocket,43,0,5,5,0.12,33,4,2025-2026,ahl,D,https://www.eliteprospects.com/player/89813/josiah-didier,Josiah Didier
Xavier Simoneau (C/LW),Laval Rocket,43,4,8,12,0.28,56,8,2025-2026,ahl,C/LW,https://www.eliteprospects.com/player/376443/xavier-simoneau,Xavier Simoneau
Jett Woo (D),Multiple Teams,43,2,8,10,0.23,92,-16,2025-2026,ahl,D,https://www.eliteprospects.com/player/281813/jett-woo,Jett Woo
Michal Kunc (LW/RW),Tucson Roadrunners,43,8,8,16,0.37,10,-5,2025-2026,ahl,LW/RW,https://www.eliteprospects.com/player/267809/michal-kunc,Michal Kunc
Jan Jeník (W/C),Multiple Teams,43,9,8,17,0.4,29,0,2025-2026,ahl,W/C,https://www.eliteprospects.com/player/247318/jan-jenik,Jan Jenik
Dans Locmelis (C/LW),Providence Bruins,43,15,13,28,0.65,6,16,2025-2026,ahl,C/LW,https://www.eliteprospects.com/player/638391/dans-locmelis,Dans Locmelis
Jonas Røndbjerg (RW/LW),Henderson Silver Knights,43,13,13,26,0.6,12,16,2025-2026,ahl,RW/LW,https://www.eliteprospects.com/player/220099/jonas-rondbjerg,Jonas Rndbjerg
Maros Jedlicka (W/C),Colorado Eagles,43,5,6,11,0.26,32,4,2025-2026,ahl,W/C,https://www.eliteprospects.com/player/472350/maros-jedlicka,Maros Jedlicka
Nick Poisson (C/LW),Abbotsford Canucks,43,5,6,11,0.26,6,-7,2025-2026,ahl,C/LW,manual_nick_poisson_c,Nick Poisson
Nolan Renwick (RW/LW),Wilkes-Barre/Scranton Penguins,43,2,3,5,0.12,31,-1,2025-2026,ahl,RW/LW,https://www.eliteprospects.com/player/352027/nolan-renwick,Nolan Renwick
Otto Salin (D),Ontario Reign,43,3,2,5,0.12,22,-3,2025-2026,ahl,D,https://www.eliteprospects.com/player/638727/otto-salin,Otto Salin
Jujhar Khaira (LW/C),Abbotsford Canucks,42,3,6,9,0.21,51,-15,2025-2026,ahl,LW/C,https://www.eliteprospects.com/player/93577/jujhar-khaira,Jujhar Khaira
Beau Akey (D),Bakersfield Condors,42,2,8,10,0.24,22,12,2025-2026,ahl,D,manual_beau_akey_d,Beau Akey
Justin Kirkland (C/W),Calgary Wranglers,42,11,11,22,0.52,32,-10,2025-2026,ahl,C/W,https://www.eliteprospects.com/player/63133/justin-kirkland,Justin Kirkland
Chase Bradley (LW/C),Colorado Eagles,42,9,3,12,0.29,46,7,2025-2026,ahl,LW/C,https://www.eliteprospects.com/player/201795/chase-bradley,Chase Bradley
Bryan Yoon (D),Colorado Eagles,42,3,5,8,0.19,10,6,2025-2026,ahl,D,https://www.eliteprospects.com/player/272201/bryan-yoon,Bryan Yoon
Adam Ginning (D),Lehigh Valley Phantoms,42,2,6,8,0.19,26,-3,2025-2026,ahl,D,https://www.eliteprospects.com/player/281968/adam-ginning,Adam Ginning
Avery Hayes (C/RW),Wilkes-Barre/Scranton Penguins,42,24,15,39,0.93,48,10,2025-2026,ahl,C/RW,https://www.eliteprospects.com/player/418255/avery-hayes,Avery Hayes
Luke Prokop (D),Bakersfield Condors,42,3,8,11,0.26,20,-4,2025-2026,ahl,D,https://www.eliteprospects.com/player/201923/luke-prokop,Luke Prokop
Étienne Morin (D),Calgary Wranglers,42,1,6,7,0.17,10,-6,2025-2026,ahl,D,https://www.eliteprospects.com/player/599308/etienne-morin,Etienne Morin
Caden Price (D),Coachella Valley Firebirds,42,2,9,11,0.26,15,3,2025-2026,ahl,D,manual_caden_price_d,Caden Price
Jake Furlong (D),Multiple Teams,42,3,8,11,0.26,37,-2,2025-2026,ahl,D,https://www.eliteprospects.com/player/563446/jake-furlong,Jake Furlong
Alex Gallant (W/C),Calgary Wranglers,42,0,3,3,0.07,179,-4,2025-2026,ahl,W/C,manual_alex_gallant_w,Alex Gallant
Justin Holl (D),Grand Rapids Griffins,41,2,12,14,0.34,10,19,2025-2026,ahl,D,https://www.eliteprospects.com/player/46905/justin-holl,Justin Holl
Ayrton Martino (LW/RW),Texas Stars,41,2,10,12,0.29,4,-7,2025-2026,ahl,LW/RW,https://www.eliteprospects.com/player/582779/ayrton-martino,Ayrton Martino
Brett Berard (LW),Hartford Wolf Pack,41,6,16,22,0.54,53,-16,2025-2026,ahl,LW,https://www.eliteprospects.com/player/201740/brett-berard,Brett Berard
Igor Chernyshov (LW),San Jose Barracuda,41,13,20,33,0.8,36,11,2025-2026,ahl,LW,https://www.eliteprospects.com/player/779993/igor-chernyshov,Igor Chernyshov
Kale Kessy (LW/RW),Springfield Thunderbirds,41,0,0,0,0.0,67,-10,2025-2026,ahl,LW/RW,https://www.eliteprospects.com/player/26412/kale-kessy,Kale Kessy
Ivan Miroshnichenko (LW),Hershey Bears,41,14,20,34,0.83,47,-1,2025-2026,ahl,LW,https://www.eliteprospects.com/player/526255/ivan-miroshnichenko,Ivan Miroshnichenko
Alexander Suzdalev (LW/RW),Hershey Bears,41,10,14,24,0.59,4,0,2025-2026,ahl,LW/RW,https://www.eliteprospects.com/player/535701/alexander-suzdalev,Alexander Suzdalev
Daniil But (LW/RW),Tucson Roadrunners,41,19,20,39,0.95,38,1,2025-2026,ahl,LW/RW,https://www.eliteprospects.com/player/779971/daniil-but,Daniil But
Austin Roest (RW/C),Milwaukee Admirals,41,1,6,7,0.17,22,-8,2025-2026,ahl,RW/C,manual_austin_roest_rw,Austin Roest
Jack Studnicka (C/RW),Charlotte Checkers,41,12,18,30,0.73,34,13,2025-2026,ahl,C/RW,https://www.eliteprospects.com/player/284096/jack-studnicka,Jack Studnicka
Stanislav Svozil (D),Cleveland Monsters,41,1,6,7,0.17,20,2,2025-2026,ahl,D,https://www.eliteprospects.com/player/428002/stanislav-svozil,Stanislav Svozil
Ethan Samson (D),Multiple Teams,40,5,13,18,0.45,24,4,2025-2026,ahl,D,https://www.eliteprospects.com/player/559018/ethan-samson,Ethan Samson
Cam Dineen (D),Bakersfield Condors,40,3,18,21,0.53,22,-3,2025-2026,ahl,D,https://www.eliteprospects.com/player/268444/cam-dineen,Cam Dineen
Brennan Othmann (LW/RW),Multiple Teams,40,9,14,23,0.58,62,-15,2025-2026,ahl,LW/RW,https://www.eliteprospects.com/player/529248/brennan-othmann,Brennan Othmann
Noah Laaouan (D),Rochester Americans,40,2,7,9,0.23,30,-8,2025-2026,ahl,D,https://www.eliteprospects.com/player/294620/noah-laaouan,Noah Laaouan
Blake Hillman (D),Hartford Wolf Pack,40,2,6,8,0.2,2,-6,2025-2026,ahl,D,https://www.eliteprospects.com/player/248356/blake-hillman,Blake Hillman
Dominik Shine (RW/C),Grand Rapids Griffins,40,21,18,39,0.98,41,25,2025-2026,ahl,RW/C,https://www.eliteprospects.com/player/45858/dominik-shine,Dominik Shine
Ethan Bear (D),Bridgeport Islanders,40,4,23,27,0.68,14,6,2025-2026,ahl,D,https://www.eliteprospects.com/player/197561/ethan-bear,Ethan Bear
Jack Millar (D),Ontario Reign,40,2,7,9,0.23,13,18,2025-2026,ahl,D,https://www.eliteprospects.com/player/376625/jack-millar,Jack Millar
Luke Krys (D),Texas Stars,40,7,9,16,0.4,30,1,2025-2026,ahl,D,https://www.eliteprospects.com/player/364240/luke-krys,Luke Krys
Simon Robertsson (RW),Springfield Thunderbirds,40,2,5,7,0.18,21,-13,2025-2026,ahl,RW,https://www.eliteprospects.com/player/473175/simon-robertsson,Simon Robertsson
Jacob Quillan (C/LW),Toronto Marlies,40,14,22,36,0.9,23,12,2025-2026,ahl,C/LW,https://www.eliteprospects.com/player/318454/jacob-quillan,Jacob Quillan
Dmitri Simashev (D),Tucson Roadrunners,40,8,27,35,0.88,31,-1,2025-2026,ahl,D,https://www.eliteprospects.com/player/708607/dmitri-simashev,Dmitri Simashev
Mark Duarte (RW/C),Belleville Senators,40,4,4,8,0.2,12,-2,2025-2026,ahl,RW/C,https://www.eliteprospects.com/player/534262/mark-duarte,Mark Duarte
Navrin Mutter (LW/C),Multiple Teams,39,1,1,2,0.05,95,-12,2025-2026,ahl,LW/C,https://www.eliteprospects.com/player/418410/navrin-mutter,Navrin Mutter
Zach Gallant (C/LW),Wilkes-Barre/Scranton Penguins,39,1,4,5,0.13,68,-4,2025-2026,ahl,C/LW,https://www.eliteprospects.com/player/273617/zach-gallant,Zach Gallant
Jani Nyman (RW),Coachella Valley Firebirds,39,21,12,33,0.85,33,19,2025-2026,ahl,RW,https://www.eliteprospects.com/player/611825/jani-nyman,Jani Nyman
Michael Pezzetta (LW/C),Toronto Marlies,39,5,6,11,0.28,52,-6,2025-2026,ahl,LW/C,https://www.eliteprospects.com/player/269038/michael-pezzetta,Michael Pezzetta
Michael Milne (LW/RW),Multiple Teams,39,2,4,6,0.15,36,-14,2025-2026,ahl,LW/RW,https://www.eliteprospects.com/player/477344/michael-milne,Michael Milne
Donavan Houle (C/RW),San Jose Barracuda,39,4,9,13,0.33,31,-3,2025-2026,ahl,C/RW,https://www.eliteprospects.com/player/560870/donavan-houle,Donavan Houle
Daniel Walcott (LW/RW),Hartford Wolf Pack,39,4,4,8,0.21,51,-9,2025-2026,ahl,LW/RW,https://www.eliteprospects.com/player/257725/daniel-walcott,Daniel Walcott
David Jiříček (D),Multiple Teams,39,4,19,23,0.59,25,-22,2025-2026,ahl,D,https://www.eliteprospects.com/player/559522/david-ji%C5%99icek,David Jiricek
Erik Gustafsson (D),Grand Rapids Griffins,39,4,33,37,0.95,32,21,2025-2026,ahl,D,https://www.eliteprospects.com/player/15372/erik-gustafsson,Erik Gustafsson
Tate Singleton (C/LW),Cleveland Monsters,39,6,5,11,0.28,54,-2,2025-2026,ahl,C/LW,https://www.eliteprospects.com/player/362340/tate-singleton,Tate Singleton
Max Jones (LW/RW),Bakersfield Condors,39,10,8,18,0.46,61,2,2025-2026,ahl,LW/RW,https://www.eliteprospects.com/player/233448/max-jones,Max Jones
Akil Thomas (C/W),Multiple Teams,39,9,13,22,0.56,16,-6,2025-2026,ahl,C/W,https://www.eliteprospects.com/player/364033/akil-thomas,Akil Thomas
Yanick Turcotte (LW/RW),Chicago Wolves,38,0,2,2,0.05,130,-7,2025-2026,ahl,LW/RW,https://www.eliteprospects.com/player/252734/yanick-turcotte,Yanick Turcotte
Matvei Petrov (LW/RW),Bakersfield Condors,38,5,7,12,0.32,4,-2,2025-2026,ahl,LW/RW,https://www.eliteprospects.com/player/527464/matvei-petrov,Matvei Petrov
Luke Toporowski (LW/RW),Multiple Teams,38,8,8,16,0.42,48,4,2025-2026,ahl,LW/RW,https://www.eliteprospects.com/player/315967/luke-toporowski,Luke Toporowski
Cooper Moore (D),Hartford Wolf Pack,38,1,6,7,0.18,40,-4,2025-2026,ahl,D,manual_cooper_moore_d,Cooper Moore
Alexander Alexeyev (D),Wilkes-Barre/Scranton Penguins,38,3,9,12,0.32,21,7,2025-2026,ahl,D,https://www.eliteprospects.com/player/333787/alexander-alexeyev,Alexander Alexeyev
Djibril Touré (D),Belleville Senators,38,1,3,4,0.11,119,8,2025-2026,ahl,D,https://www.eliteprospects.com/player/507219/djibril-toure,Djibril Toure
Aaron Ness (D),Hershey Bears,38,1,5,6,0.16,26,-6,2025-2026,ahl,D,https://www.eliteprospects.com/player/17497/aaron-ness,Aaron Ness
Dennis Gilbert (D),Multiple Teams,37,0,13,13,0.35,33,0,2025-2026,ahl,D,https://www.eliteprospects.com/player/267396/dennis-gilbert,Dennis Gilbert
Cavan Fitzgerald (D),Rockford IceHogs,37,2,5,7,0.19,51,-8,2025-2026,ahl,D,https://www.eliteprospects.com/player/193114/cavan-fitzgerald,Cavan Fitzgerald
Ryan Gagnier (C/LW),Rockford IceHogs,37,5,2,7,0.19,8,-6,2025-2026,ahl,C/LW,https://www.eliteprospects.com/player/485876/ryan-gagnier,Ryan Gagnier
Cameron Lund (C/W),San Jose Barracuda,37,9,16,25,0.68,12,-3,2025-2026,ahl,C/W,https://www.eliteprospects.com/player/603638/cameron-lund,Cameron Lund
Joel Nyström (D),Chicago Wolves,37,1,9,10,0.27,12,9,2025-2026,ahl,D,https://www.eliteprospects.com/player/394715/joel-nystrom,Joel Nystrom
Brandon Hickey (D),Henderson Silver Knights,37,1,5,6,0.16,17,5,2025-2026,ahl,D,https://www.eliteprospects.com/player/64587/brandon-hickey,Brandon Hickey
Ben Jones (C/LW),Iowa Wild,37,12,20,32,0.86,26,1,2025-2026,ahl,C/LW,https://www.eliteprospects.com/player/273677/ben-jones,Ben Jones
Matvei Gridin (RW/LW),Calgary Wranglers,37,10,20,30,0.81,18,0,2025-2026,ahl,RW/LW,manual_matvei_gridin_rw,Matvei Gridin
Cooper Walker (C/RW),Abbotsford Canucks,37,2,4,6,0.16,8,-5,2025-2026,ahl,C/RW,https://www.eliteprospects.com/player/505198/cooper-walker,Cooper Walker
Jakov Novak (LW/C),Coachella Valley Firebirds,37,5,7,12,0.32,14,4,2025-2026,ahl,LW/C,https://www.eliteprospects.com/player/269880/jakov-novak,Jakov Novak
Lenni Hämeenaho (RW),Utica Comets,37,10,16,26,0.7,12,-11,2025-2026,ahl,RW,https://www.eliteprospects.com/player/642183/lenni-hameenaho,Lenni Hameenaho
Kyle Looft (D),Texas Stars,37,4,5,9,0.24,18,-10,2025-2026,ahl,D,https://www.eliteprospects.com/player/306341/kyle-looft,Kyle Looft
Isak Rosén (W/C),Rochester Americans,37,25,18,43,1.16,6,0,2025-2026,ahl,W/C,https://www.eliteprospects.com/player/420269/isak-rosen,Isak Rosen
Mitchell Vande Sompel (D),Charlotte Checkers,36,4,7,11,0.31,17,14,2025-2026,ahl,D,https://www.eliteprospects.com/player/204918/mitchell-vande-sompel,Mitchell Vande Sompel
Isaac Belliveau (D),Rochester Americans,36,1,5,6,0.17,49,-9,2025-2026,ahl,D,https://www.eliteprospects.com/player/340655/isaac-belliveau,Isaac Belliveau
Zach Dean (C),Springfield Thunderbirds,36,4,10,14,0.39,28,-2,2025-2026,ahl,C,https://www.eliteprospects.com/player/492218/zach-dean,Zach Dean
Shawn Element (LW/C),Multiple Teams,36,5,1,6,0.17,29,-2,2025-2026,ahl,LW/C,https://www.eliteprospects.com/player/384443/shawn-element,Shawn Element
Shai Buium (D),Grand Rapids Griffins,36,3,11,14,0.39,8,-2,2025-2026,ahl,D,https://www.eliteprospects.com/player/512185/shai-buium,Shai Buium
Otto Stenberg (C/LW),Springfield Thunderbirds,36,4,13,17,0.47,6,2,2025-2026,ahl,C/LW,https://www.eliteprospects.com/player/534828/otto-stenberg,Otto Stenberg
Tim Washe (C/LW),San Diego Gulls,36,14,13,27,0.75,28,6,2025-2026,ahl,C/LW,https://www.eliteprospects.com/player/321143/tim-washe,Tim Washe
Alex Bump (LW),Lehigh Valley Phantoms,36,11,15,26,0.72,22,-2,2025-2026,ahl,LW,https://www.eliteprospects.com/player/623782/alex-bump,Alex Bump
Zack Hayes (D),Milwaukee Admirals,36,1,1,2,0.06,20,-16,2025-2026,ahl,D,https://www.eliteprospects.com/player/281743/zack-hayes,Zack Hayes
Nikita Nesterenko (C/LW),San Diego Gulls,35,5,10,15,0.43,22,-7,2025-2026,ahl,C/LW,https://www.eliteprospects.com/player/295642/nikita-nesterenko,Nikita Nesterenko
Mason Geertsen (LW/D),Rochester Americans,35,2,2,4,0.11,77,-7,2025-2026,ahl,LW/D,https://www.eliteprospects.com/player/64567/mason-geertsen,Mason Geertsen
Will Dineen (LW/RW),Laval Rocket,35,3,2,5,0.14,29,3,2025-2026,ahl,LW/RW,https://www.eliteprospects.com/player/393076/will-dineen,Will Dineen
Dylan Gambrell (C),Iowa Wild,35,10,26,36,1.03,4,-1,2025-2026,ahl,C,https://www.eliteprospects.com/player/192301/dylan-gambrell,Dylan Gambrell
Ryan McGregor (C/LW),Tucson Roadrunners,35,2,9,11,0.31,14,1,2025-2026,ahl,C/LW,https://www.eliteprospects.com/player/289231/ryan-mcgregor,Ryan Mcgregor
Samuel Blais (LW/RW),Laval Rocket,35,14,24,38,1.09,62,0,2025-2026,ahl,LW/RW,https://www.eliteprospects.com/player/213830/samuel-blais,Samuel Blais
Gracyn Sawchyn (C/RW),Charlotte Checkers,35,6,17,23,0.66,12,12,2025-2026,ahl,C/RW,manual_gracyn_sawchyn_c,Gracyn Sawchyn
Nick Lardis (LW/RW),Rockford IceHogs,35,18,14,32,0.91,12,3,2025-2026,ahl,LW/RW,https://www.eliteprospects.com/player/603122/nick-lardis,Nick Lardis
Ville Koivunen (W/C),Wilkes-Barre/Scranton Penguins,34,13,28,41,1.21,42,12,2025-2026,ahl,W/C,https://www.eliteprospects.com/player/525660/ville-koivunen,Ville Koivunen
Travis Boyd (C/RW),Toronto Marlies,34,10,19,29,0.85,6,-8,2025-2026,ahl,C/RW,https://www.eliteprospects.com/player/38621/travis-boyd,Travis Boyd
Scott Morrow (D),Hartford Wolf Pack,34,5,14,19,0.56,69,-16,2025-2026,ahl,D,https://www.eliteprospects.com/player/201892/scott-morrow,Scott Morrow
Brad Lambert (C/RW),Manitoba Moose,34,6,7,13,0.38,18,-10,2025-2026,ahl,C/RW,https://www.eliteprospects.com/player/414961/brad-lambert,Brad Lambert
Vladislav Kolyachonok (D),Texas Stars,34,1,8,9,0.26,14,2,2025-2026,ahl,D,https://www.eliteprospects.com/player/490232/vladislav-kolyachonok,Vladislav Kolyachonok
Hunter Brzustewicz (D),Calgary Wranglers,34,4,9,13,0.38,8,-5,2025-2026,ahl,D,https://www.eliteprospects.com/player/526088/hunter-brzustewicz,Hunter Brzustewicz
Ole Julian Bjørgvik-Holm (D),Cleveland Monsters,34,0,3,3,0.09,10,-1,2025-2026,ahl,D,https://www.eliteprospects.com/player/477881/ole-julian-bjorgvik-holm,Ole Julian Bjrgvikholm
Nikita Susuyev (LW/RW),Springfield Thunderbirds,34,1,6,7,0.21,12,-11,2025-2026,ahl,LW/RW,https://www.eliteprospects.com/player/691473/nikita-susuyev,Nikita Susuyev
Matt Benning (D),Toronto Marlies,34,3,13,16,0.47,23,7,2025-2026,ahl,D,https://www.eliteprospects.com/player/29261/matt-benning,Matt Benning
Arshdeep Bains (LW/RW),Abbotsford Canucks,34,11,13,24,0.71,22,-1,2025-2026,ahl,LW/RW,https://www.eliteprospects.com/player/290353/arshdeep-bains,Arshdeep Bains
Tommy Bergsland (D),Texas Stars,34,1,5,6,0.18,12,-1,2025-2026,ahl,D,https://www.eliteprospects.com/player/493505/tommy-bergsland,Tommy Bergsland
Chas Sharpe (D),Toronto Marlies,33,3,6,9,0.27,14,2,2025-2026,ahl,D,https://www.eliteprospects.com/player/582499/chas-sharpe,Chas Sharpe
Lucas Vanroboys (C/RW),San Jose Barracuda,33,4,3,7,0.21,66,-2,2025-2026,ahl,C/RW,https://www.eliteprospects.com/player/349153/lucas-vanroboys,Lucas Vanroboys
Matteo Costantini (C/LW),Rochester Americans,33,6,3,9,0.27,4,-13,2025-2026,ahl,C/LW,manual_matteo_costantini_c,Matteo Costantini
Reid Schaefer (LW),Milwaukee Admirals,33,15,13,28,0.85,55,1,2025-2026,ahl,LW,https://www.eliteprospects.com/player/506838/reid-schaefer,Reid Schaefer
Kai Schwindt (LW/RW),Charlotte Checkers,33,2,5,7,0.21,6,2,2025-2026,ahl,LW/RW,https://www.eliteprospects.com/player/713317/kai-schwindt,Kai Schwindt
Steven Santini (D),Syracuse Crunch,33,0,6,6,0.18,10,10,2025-2026,ahl,D,https://www.eliteprospects.com/player/96780/steven-santini,Steven Santini
Tobias Björnfot (D),Charlotte Checkers,33,4,8,12,0.36,10,10,2025-2026,ahl,D,https://www.eliteprospects.com/player/344751/tobias-bjornfot,Tobias Bjornfot
Victor Mancini (D),Abbotsford Canucks,33,4,8,12,0.36,16,1,2025-2026,ahl,D,https://www.eliteprospects.com/player/290051/victor-mancini,Victor Mancini
Cade Webber (D),Toronto Marlies,33,0,3,3,0.09,18,18,2025-2026,ahl,D,https://www.eliteprospects.com/player/285385/cade-webber,Cade Webber
Dawson Barteaux (D),Manitoba Moose,32,1,0,1,0.03,24,-7,2025-2026,ahl,D,https://www.eliteprospects.com/player/285046/dawson-barteaux,Dawson Barteaux
Connor Clattenburg (C/LW),Bakersfield Condors,32,2,2,4,0.13,131,-6,2025-2026,ahl,C/LW,https://www.eliteprospects.com/player/645291/connor-clattenburg,Connor Clattenburg
Anri Ravinskis (RW/LW),Abbotsford Canucks,32,2,2,4,0.13,10,-10,2025-2026,ahl,RW/LW,https://www.eliteprospects.com/player/550178/anri-ravinskis,Anri Ravinskis
Taylor Ward (RW/LW),Ontario Reign,32,12,9,21,0.66,23,1,2025-2026,ahl,RW/LW,https://www.eliteprospects.com/player/247054/taylor-ward,Taylor Ward
Luca Marrelli (D),Cleveland Monsters,32,4,12,16,0.5,10,-14,2025-2026,ahl,D,manual_luca_marrelli_d,Luca Marrelli
Raivis Ansons (LW/RW),Wilkes-Barre/Scranton Penguins,32,2,4,6,0.19,17,-3,2025-2026,ahl,LW/RW,https://www.eliteprospects.com/player/477490/raivis-ansons,Raivis Ansons
Ludvig Jansson (D),Charlotte Checkers,31,3,8,11,0.35,12,0,2025-2026,ahl,D,https://www.eliteprospects.com/player/590628/ludvig-jansson,Ludvig Jansson
Sam Stange (RW),Springfield Thunderbirds,31,3,1,4,0.13,0,-7,2025-2026,ahl,RW,manual_sam_stange_rw,Sam Stange
Josh Filmon (LW/RW),Utica Comets,31,4,2,6,0.19,14,0,2025-2026,ahl,LW/RW,https://www.eliteprospects.com/player/572099/josh-filmon,Josh Filmon
Quinton Burns (D),Springfield Thunderbirds,31,0,5,5,0.16,92,0,2025-2026,ahl,D,manual_quinton_burns_d,Quinton Burns
Logan Brown (C/LW),Ontario Reign,31,1,15,16,0.52,8,4,2025-2026,ahl,C/LW,https://www.eliteprospects.com/player/248391/logan-brown,Logan Brown
Ivan Ryabkin (C/LW),Chicago Wolves,31,1,9,10,0.32,60,1,2025-2026,ahl,C/LW,https://www.eliteprospects.com/player/690132/ivan-ryabkin,Ivan Ryabkin
Jacob Julien (C),Manitoba Moose,31,3,4,7,0.23,12,-3,2025-2026,ahl,C,manual_jacob_julien_c,Jacob Julien
Justin Nachbaur (LW),Hershey Bears,31,2,1,3,0.1,114,-10,2025-2026,ahl,LW,https://www.eliteprospects.com/player/293501/justin-nachbaur,Justin Nachbaur
Jack Ricketts (C/LW),Tucson Roadrunners,31,5,5,10,0.32,12,4,2025-2026,ahl,C/LW,manual_jack_ricketts_c,Jack Ricketts
Harrison Israels (C/LW),Rockford IceHogs,31,1,2,3,0.1,16,-8,2025-2026,ahl,C/LW,https://www.eliteprospects.com/player/418568/harrison-israels,Harrison Israels
Lleyton Moore (D),Tucson Roadrunners,31,1,10,11,0.35,4,-3,2025-2026,ahl,D,https://www.eliteprospects.com/player/201922/lleyton-moore,Lleyton Moore
Tyler Kopff (C/LW),Rochester Americans,30,1,4,5,0.17,23,-2,2025-2026,ahl,C/LW,https://www.eliteprospects.com/player/553220/tyler-kopff,Tyler Kopff
Zachary L'Heureux (LW/C),Milwaukee Admirals,30,14,14,28,0.93,65,-3,2025-2026,ahl,LW/C,https://www.eliteprospects.com/player/419758/zachary-l-heureux,Zachary Lheureux
Colton White (D),Utica Comets,30,1,6,7,0.23,29,11,2025-2026,ahl,D,https://www.eliteprospects.com/player/204911/colton-white,Colton White
Rutger McGroarty (C/W),Wilkes-Barre/Scranton Penguins,30,10,24,34,1.13,9,10,2025-2026,ahl,C/W,https://www.eliteprospects.com/player/526095/rutger-mcgroarty,Rutger Mcgroarty
Colton Huard (D),Charlotte Checkers,30,3,3,6,0.2,32,6,2025-2026,ahl,D,https://www.eliteprospects.com/player/439058/colton-huard,Colton Huard
Kevin Connauton (D),Tucson Roadrunners,30,0,5,5,0.17,27,-11,2025-2026,ahl,D,https://www.eliteprospects.com/player/38032/kevin-connauton,Kevin Connauton
Lucas Johansen (D),Henderson Silver Knights,30,2,3,5,0.17,10,-5,2025-2026,ahl,D,https://www.eliteprospects.com/player/199937/lucas-johansen,Lucas Johansen
Fabian Wagner (C/RW),Manitoba Moose,29,1,2,3,0.1,4,-9,2025-2026,ahl,C/RW,https://www.eliteprospects.com/player/448938/fabian-wagner,Fabian Wagner
Ty Murchison (D),Lehigh Valley Phantoms,29,2,4,6,0.21,46,12,2025-2026,ahl,D,https://www.eliteprospects.com/player/512190/ty-murchison,Ty Murchison
Sebastian Aho (D),Wilkes-Barre/Scranton Penguins,29,2,12,14,0.48,18,9,2025-2026,ahl,D,https://www.eliteprospects.com/player/67208/sebastian-aho,Sebastian Aho
Matt Copponi (C/RW),Bakersfield Condors,29,2,1,3,0.1,15,-9,2025-2026,ahl,C/RW,https://www.eliteprospects.com/player/665996/matt-copponi,Matt Copponi
Kyle McDonald (RW/LW),Texas Stars,29,3,8,11,0.38,10,0,2025-2026,ahl,RW/LW,https://www.eliteprospects.com/player/413652/kyle-mcdonald,Kyle Mcdonald
Seamus Casey (D),Utica Comets,29,1,18,19,0.66,13,-13,2025-2026,ahl,D,https://www.eliteprospects.com/player/526229/seamus-casey,Seamus Casey
Redmond Savage (C/W),Rochester Americans,29,3,3,6,0.21,14,-2,2025-2026,ahl,C/W,manual_redmond_savage_c,Redmond Savage
Stephen Halliday (C/LW),Belleville Senators,29,2,27,29,1.0,16,-14,2025-2026,ahl,C/LW,https://www.eliteprospects.com/player/462499/stephen-halliday,Stephen Halliday
Jackson Cates (C/LW),Rockford IceHogs,29,4,4,8,0.28,6,-12,2025-2026,ahl,C/LW,https://www.eliteprospects.com/player/353776/jackson-cates,Jackson Cates
Noah Philp (C/RW),Chicago Wolves,29,8,9,17,0.59,17,5,2025-2026,ahl,C/RW,https://www.eliteprospects.com/player/198306/noah-philp,Noah Philp
Blake Biondi (RW/C),Chicago Wolves,29,3,0,3,0.1,11,-4,2025-2026,ahl,RW/C,manual_blake_biondi_rw,Blake Biondi
Elias Salomonsson (D),Manitoba Moose,29,1,8,9,0.31,10,-2,2025-2026,ahl,D,https://www.eliteprospects.com/player/574931/elias-salomonsson,Elias Salomonsson
Max Wanner (D),Providence Bruins,29,1,2,3,0.1,11,8,2025-2026,ahl,D,https://www.eliteprospects.com/player/414967/max-wanner,Max Wanner
Colin Felix (D),Providence Bruins,28,0,4,4,0.14,73,2,2025-2026,ahl,D,https://www.eliteprospects.com/player/312315/colin-felix,Colin Felix
Jacob Melanson (RW/LW),Coachella Valley Firebirds,28,9,10,19,0.68,28,9,2025-2026,ahl,RW/LW,https://www.eliteprospects.com/player/473633/jacob-melanson,Jacob Melanson
Riley McKay (LW/RW),Henderson Silver Knights,28,1,2,3,0.11,88,-10,2025-2026,ahl,LW/RW,https://www.eliteprospects.com/player/283832/riley-mckay,Riley Mckay
Pavol Regenda (LW/RW),San Jose Barracuda,28,4,8,12,0.43,16,-3,2025-2026,ahl,LW/RW,https://www.eliteprospects.com/player/249755/pavol-regenda,Pavol Regenda
Kenta Isogai (LW/RW),Ontario Reign,28,3,3,6,0.21,2,-3,2025-2026,ahl,LW/RW,manual_kenta_isogai_lw,Kenta Isogai
Arttu Hyry (C/RW),Texas Stars,27,9,10,19,0.7,13,-1,2025-2026,ahl,C/RW,https://www.eliteprospects.com/player/470647/arttu-hyry,Arttu Hyry
Matt Dumba (D),Wilkes-Barre/Scranton Penguins,27,6,14,20,0.74,43,3,2025-2026,ahl,D,https://www.eliteprospects.com/player/53542/matt-dumba,Matt Dumba
Lukas Reichel (W/C),Multiple Teams,27,7,12,19,0.7,0,4,2025-2026,ahl,W/C,https://www.eliteprospects.com/player/381687/lukas-reichel,Lukas Reichel
Kaleb Lawrence (C/W),Multiple Teams,27,0,3,3,0.11,54,0,2025-2026,ahl,C/W,https://www.eliteprospects.com/player/417191/kaleb-lawrence,Kaleb Lawrence
Carter Wilkie (RW/C),Calgary Wranglers,27,1,2,3,0.11,13,-7,2025-2026,ahl,RW/C,https://www.eliteprospects.com/player/411159/carter-wilkie,Carter Wilkie
Artyom Duda (D),Tucson Roadrunners,27,2,11,13,0.48,22,7,2025-2026,ahl,D,https://www.eliteprospects.com/player/620321/artyom-duda,Artyom Duda
Juuso Välimäki (D),Multiple Teams,27,7,16,23,0.85,12,5,2025-2026,ahl,D,https://www.eliteprospects.com/player/221525/juuso-valimaki,Juuso Valimaki
Leon Muggli (D),Hershey Bears,27,1,6,7,0.26,4,4,2025-2026,ahl,D,https://www.eliteprospects.com/player/795529/leon-muggli,Leon Muggli
Zach Aston-Reese (C/W),Cleveland Monsters,27,8,8,16,0.59,32,3,2025-2026,ahl,C/W,https://www.eliteprospects.com/player/98068/zach-aston-reese,Zach Astonreese
Tanner Howe (LW/C),Wilkes-Barre/Scranton Penguins,27,8,8,16,0.59,43,6,2025-2026,ahl,LW/C,manual_tanner_howe_lw,Tanner Howe
Dakota Mermis (D),Toronto Marlies,27,1,6,7,0.26,36,2,2025-2026,ahl,D,https://www.eliteprospects.com/player/56311/dakota-mermis,Dakota Mermis
Eriks Mateiko (LW/RW),Hershey Bears,27,1,5,6,0.22,16,1,2025-2026,ahl,LW/RW,manual_eriks_mateiko_lw,Eriks Mateiko
Andrew Basha (LW/RW),Calgary Wranglers,27,1,4,5,0.19,33,-7,2025-2026,ahl,LW/RW,manual_andrew_basha_lw,Andrew Basha
Simon Mack (D),Calgary Wranglers,26,0,2,2,0.08,2,-5,2025-2026,ahl,D,https://www.eliteprospects.com/player/317518/simon-mack,Simon Mack
Samuel Johannesson (D),Springfield Thunderbirds,26,2,9,11,0.42,8,-20,2025-2026,ahl,D,https://www.eliteprospects.com/player/342865/samuel-johannesson,Samuel Johannesson
Denver Barkey (C/LW),Lehigh Valley Phantoms,26,7,9,16,0.62,20,-2,2025-2026,ahl,C/LW,manual_denver_barkey_c,Denver Barkey
Max McCue (C/LW),Cleveland Monsters,26,2,6,8,0.31,39,-9,2025-2026,ahl,C/LW,https://www.eliteprospects.com/player/475247/max-mccue,Max Mccue
Noah Gregor (LW/RW),Charlotte Checkers,26,11,6,17,0.65,4,6,2025-2026,ahl,LW/RW,https://www.eliteprospects.com/player/162892/noah-gregor,Noah Gregor
Kalan Lind (LW),Milwaukee Admirals,26,5,3,8,0.31,57,-4,2025-2026,ahl,LW,https://www.eliteprospects.com/player/569175/kalan-lind,Kalan Lind
Julien Gauthier (RW/LW),Multiple Teams,25,7,5,12,0.48,10,2,2025-2026,ahl,RW/LW,https://www.eliteprospects.com/player/213464/julien-gauthier,Julien Gauthier
Coulson Pitre (RW/C),San Diego Gulls,25,2,3,5,0.2,4,-2,2025-2026,ahl,RW/C,https://www.eliteprospects.com/player/672925/coulson-pitre,Coulson Pitre
Shane Bowers (C/W),San Jose Barracuda,25,1,4,5,0.2,32,-6,2025-2026,ahl,C/W,https://www.eliteprospects.com/player/216102/shane-bowers,Shane Bowers
Givani Smith (RW/LW),Chicago Wolves,25,2,3,5,0.2,70,-2,2025-2026,ahl,RW/LW,https://www.eliteprospects.com/player/252472/givani-smith,Givani Smith
Zakary Karpa (C/LW),Hartford Wolf Pack,24,1,3,4,0.17,9,-5,2025-2026,ahl,C/LW,manual_zakary_karpa_c,Zakary Karpa
Eetu Liukas (LW/RW),Bridgeport Islanders,24,4,6,10,0.42,12,4,2025-2026,ahl,LW/RW,https://www.eliteprospects.com/player/470708/eetu-liukas,Eetu Liukas
Bryce Montgomery (D),Chicago Wolves,24,0,4,4,0.17,57,-1,2025-2026,ahl,D,https://www.eliteprospects.com/player/478709/bryce-montgomery,Bryce Montgomery
Spencer Smallman (RW/C),Hershey Bears,24,4,7,11,0.46,15,2,2025-2026,ahl,RW/C,https://www.eliteprospects.com/player/166979/spencer-smallman,Spencer Smallman
Chase Stillman (RW/LW),Abbotsford Canucks,24,3,6,9,0.38,48,-4,2025-2026,ahl,RW/LW,https://www.eliteprospects.com/player/503174/chase-stillman,Chase Stillman
Ethan Cardwell (RW/C),San Jose Barracuda,24,7,8,15,0.63,17,2,2025-2026,ahl,RW/C,https://www.eliteprospects.com/player/201866/ethan-cardwell,Ethan Cardwell
Charles-Alexis Legault (D),Chicago Wolves,24,3,5,8,0.33,48,3,2025-2026,ahl,D,https://www.eliteprospects.com/player/485094/charles-alexis-legault,Charlesalexis Legault
Scott Sabourin (RW/LW),Syracuse Crunch,24,6,2,8,0.33,22,2,2025-2026,ahl,RW/LW,https://www.eliteprospects.com/player/45588/scott-sabourin,Scott Sabourin
Jalen Luypen (C/LW),Multiple Teams,24,5,2,7,0.29,6,9,2025-2026,ahl,C/LW,https://www.eliteprospects.com/player/476673/jalen-luypen,Jalen Luypen
Jack Matier (D),Milwaukee Admirals,24,1,5,6,0.25,30,-4,2025-2026,ahl,D,https://www.eliteprospects.com/player/476043/jack-matier,Jack Matier
Liam McLinskey (RW/LW),Charlotte Checkers,24,2,3,5,0.21,8,2,2025-2026,ahl,RW/LW,https://www.eliteprospects.com/player/445714/liam-mclinskey,Liam Mclinskey
Riley Bezeau (RW/LW),Cleveland Monsters,24,5,2,7,0.29,74,-1,2025-2026,ahl,RW/LW,https://www.eliteprospects.com/player/478624/riley-bezeau,Riley Bezeau
Pierrick Dubé (RW),Bridgeport Islanders,24,5,9,14,0.58,12,0,2025-2026,ahl,RW,https://www.eliteprospects.com/player/410529/pierrick-dube,Pierrick Dube
Tyson Empey (C/LW),Manitoba Moose,24,1,2,3,0.13,69,1,2025-2026,ahl,C/LW,https://www.eliteprospects.com/player/120233/tyson-empey,Tyson Empey
John Prokop (D),Toronto Marlies,24,1,2,3,0.13,8,-6,2025-2026,ahl,D,https://www.eliteprospects.com/player/437599/john-prokop,John Prokop
Chris Ortiz (D),Hartford Wolf Pack,24,0,1,1,0.04,6,0,2025-2026,ahl,D,https://www.eliteprospects.com/player/296699/chris-ortiz,Chris Ortiz
Sam Rinzel (D),Rockford IceHogs,23,2,12,14,0.61,16,-8,2025-2026,ahl,D,https://www.eliteprospects.com/player/670126/sam-rinzel,Sam Rinzel
Eamon Powell (D),Charlotte Checkers,23,1,6,7,0.3,18,-3,2025-2026,ahl,D,https://www.eliteprospects.com/player/480401/eamon-powell,Eamon Powell
Joseph LaBate (C/LW),Abbotsford Canucks,23,6,4,10,0.43,64,-15,2025-2026,ahl,C/LW,https://www.eliteprospects.com/player/75066/joseph-labate,Joseph Labate
Brendan Hoffman (C/RW),San Jose Barracuda,23,5,7,12,0.52,2,1,2025-2026,ahl,C/RW,https://www.eliteprospects.com/player/530039/brendan-hoffman,Brendan Hoffman
Marc McLaughlin (C/RW),Utica Comets,23,6,8,14,0.61,6,4,2025-2026,ahl,C/RW,https://www.eliteprospects.com/player/300610/marc-mclaughlin,Marc Mclaughlin
Chase Yoder (C/W),Manitoba Moose,23,2,2,4,0.17,10,-3,2025-2026,ahl,C/W,manual_chase_yoder_c,Chase Yoder
Jackson Kunz (LW/RW),Abbotsford Canucks,22,0,3,3,0.14,0,-7,2025-2026,ahl,LW/RW,https://www.eliteprospects.com/player/550361/jackson-kunz,Jackson Kunz
Ryan O'Rourke (D),Multiple Teams,22,0,3,3,0.14,6,0,2025-2026,ahl,D,https://www.eliteprospects.com/player/201939/ryan-o-rourke,Ryan Orourke
Gleb Veremyev (C/LW),Bridgeport Islanders,22,3,1,4,0.18,13,-5,2025-2026,ahl,C/LW,https://www.eliteprospects.com/player/478448/gleb-veremyev,Gleb Veremyev
Nikita Prishchepov (C/LW),Colorado Eagles,22,3,9,12,0.55,28,3,2025-2026,ahl,C/LW,https://www.eliteprospects.com/player/691679/nikita-prishchepov,Nikita Prishchepov
Josh Bloom (LW/RW),Multiple Teams,22,2,1,3,0.14,0,-12,2025-2026,ahl,LW/RW,https://www.eliteprospects.com/player/617949/josh-bloom,Josh Bloom
Vincent Arseneau (LW/RW),Laval Rocket,22,5,0,5,0.23,37,0,2025-2026,ahl,LW/RW,https://www.eliteprospects.com/player/37069/vincent-arseneau,Vincent Arseneau
Cam Allen (D),Hershey Bears,22,3,4,7,0.32,22,1,2025-2026,ahl,D,manual_cam_allen_d,Cam Allen
Travis Howe (W/D),San Diego Gulls,21,0,1,1,0.05,78,-1,2025-2026,ahl,W/D,https://www.eliteprospects.com/player/207070/travis-howe,Travis Howe
Mackenzie MacEachern (LW/RW),Abbotsford Canucks,21,6,2,8,0.38,8,-9,2025-2026,ahl,LW/RW,https://www.eliteprospects.com/player/183505/mackenzie-maceachern,Mackenzie Maceachern
Jonathan Lekkerimäki (RW/LW),Abbotsford Canucks,21,13,7,20,0.95,8,5,2025-2026,ahl,RW/LW,https://www.eliteprospects.com/player/649220/jonathan-lekkerimaki,Jonathan Lekkerimaki
Zach Uens (D),Coachella Valley Firebirds,21,1,4,5,0.24,15,0,2025-2026,ahl,D,https://www.eliteprospects.com/player/424330/zach-uens,Zach Uens
Aidan Fulp (D),Rochester Americans,21,0,3,3,0.14,8,2,2025-2026,ahl,D,https://www.eliteprospects.com/player/315954/aidan-fulp,Aidan Fulp
Jesse Pulkkinen (D),Bridgeport Islanders,20,0,2,2,0.1,6,-10,2025-2026,ahl,D,https://www.eliteprospects.com/player/709399/jesse-pulkkinen,Jesse Pulkkinen
Jake Chiasson (C/RW),Belleville Senators,20,0,1,1,0.05,4,0,2025-2026,ahl,C/RW,https://www.eliteprospects.com/player/477353/jake-chiasson,Jake Chiasson
Calle Odelius (D),Bridgeport Islanders,20,1,2,3,0.15,2,-6,2025-2026,ahl,D,https://www.eliteprospects.com/player/607525/calle-odelius,Calle Odelius
Milo Roelens (C/LW),Syracuse Crunch,20,0,3,3,0.15,15,1,2025-2026,ahl,C/LW,https://www.eliteprospects.com/player/483281/milo-roelens,Milo Roelens
Marshall Rifai (D),Toronto Marlies,20,0,5,5,0.25,30,8,2025-2026,ahl,D,https://www.eliteprospects.com/player/254623/marshall-rifai,Marshall Rifai
Brandon Baddock (LW/RW),Toronto Marlies,20,1,3,4,0.2,50,1,2025-2026,ahl,LW/RW,https://www.eliteprospects.com/player/83627/brandon-baddock,Brandon Baddock
Ben King (C/RW),Toronto Marlies,20,2,2,4,0.2,21,-2,2025-2026,ahl,C/RW,https://www.eliteprospects.com/player/201803/ben-king,Ben King
Alec Regula (D),Bakersfield Condors,20,4,7,11,0.55,25,-3,2025-2026,ahl,D,https://www.eliteprospects.com/player/283940/alec-regula,Alec Regula
Tyler Pitlick (C/RW),Iowa Wild,20,10,5,15,0.75,0,-6,2025-2026,ahl,C/RW,https://www.eliteprospects.com/player/40064/tyler-pitlick,Tyler Pitlick
Braeden Bowman (RW/LW),Henderson Silver Knights,20,12,14,26,1.3,6,12,2025-2026,ahl,RW/LW,https://www.eliteprospects.com/player/582646/braeden-bowman,Braeden Bowman
Gabe Perreault (RW),Hartford Wolf Pack,20,10,7,17,0.85,14,5,2025-2026,ahl,RW,https://www.eliteprospects.com/player/637625/gabe-perreault,Gabe Perreault
Jaxon Nelson (C/RW),Iowa Wild,19,2,2,4,0.21,4,-3,2025-2026,ahl,C/RW,https://www.eliteprospects.com/player/284191/jaxon-nelson,Jaxon Nelson
Carl Grundström (LW/RW),Lehigh Valley Phantoms,19,6,9,15,0.79,6,5,2025-2026,ahl,LW/RW,https://www.eliteprospects.com/player/113516/carl-grundstrom,Carl Grundstrom
Josh Jacobs (D),Laval Rocket,19,1,4,5,0.26,6,5,2025-2026,ahl,D,https://www.eliteprospects.com/player/168704/josh-jacobs,Josh Jacobs
Zach Metsa (D),Rochester Americans,19,2,13,15,0.79,4,4,2025-2026,ahl,D,https://www.eliteprospects.com/player/272304/zach-metsa,Zach Metsa
Dylan Wendt (RW/C),Utica Comets,19,0,3,3,0.16,9,-1,2025-2026,ahl,RW/C,https://www.eliteprospects.com/player/369968/dylan-wendt,Dylan Wendt
Arnaud Durandeau (LW),Abbotsford Canucks,19,0,3,3,0.16,8,-7,2025-2026,ahl,LW,https://www.eliteprospects.com/player/201536/arnaud-durandeau,Arnaud Durandeau
Samu Tuomaala (RW/LW),Multiple Teams,19,2,8,10,0.53,6,-3,2025-2026,ahl,RW/LW,https://www.eliteprospects.com/player/499422/samu-tuomaala,Samu Tuomaala
Elliot Desnoyers (LW/C),Iowa Wild,18,1,3,4,0.22,6,0,2025-2026,ahl,LW/C,https://www.eliteprospects.com/player/290157/elliot-desnoyers,Elliot Desnoyers
Kyle Crnkovic (LW/C),San Jose Barracuda,18,1,5,6,0.33,2,8,2025-2026,ahl,LW/C,https://www.eliteprospects.com/player/201916/kyle-crnkovic,Kyle Crnkovic
Nate Danielson (C/RW),Grand Rapids Griffins,18,3,12,15,0.83,4,7,2025-2026,ahl,C/RW,https://www.eliteprospects.com/player/562426/nate-danielson,Nate Danielson
Kyle Burroughs (D),Ontario Reign,18,1,6,7,0.39,10,8,2025-2026,ahl,D,https://www.eliteprospects.com/player/87758/kyle-burroughs,Kyle Burroughs
Chris Harpur (D),Syracuse Crunch,18,0,2,2,0.11,6,2,2025-2026,ahl,D,https://www.eliteprospects.com/player/221153/chris-harpur,Chris Harpur
D.J. King (D),Multiple Teams,18,0,2,2,0.11,37,3,2025-2026,ahl,D,https://www.eliteprospects.com/player/399239/d.j.-king,Dj King
Connor Punnett (D),Texas Stars,18,0,2,2,0.11,13,-1,2025-2026,ahl,D,https://www.eliteprospects.com/player/582502/connor-punnett,Connor Punnett
Scooter Brickey (D),Wilkes-Barre/Scranton Penguins,18,0,2,2,0.11,16,3,2025-2026,ahl,D,https://www.eliteprospects.com/player/284078/scooter-brickey,Scooter Brickey
Jackson van de Leest (D),Utica Comets,18,1,3,4,0.22,9,0,2025-2026,ahl,D,https://www.eliteprospects.com/player/407592/jackson-van-de-leest,Jackson Van De Leest
David Gagnon (LW/C),Chicago Wolves,18,0,4,4,0.22,14,-1,2025-2026,ahl,LW/C,https://www.eliteprospects.com/player/267110/david-gagnon,David Gagnon
Jacob MacDonald (D/W),Colorado Eagles,17,4,8,12,0.71,2,-2,2025-2026,ahl,D/W,https://www.eliteprospects.com/player/60064/jacob-macdonald,Jacob Macdonald
C.J. Smith (LW),Bridgeport Islanders,17,0,8,8,0.47,8,-4,2025-2026,ahl,LW,https://www.eliteprospects.com/player/151013/c.j.-smith,Cj Smith
Matt Brown (LW/RW),Bakersfield Condors,17,0,1,1,0.06,2,2,2025-2026,ahl,LW/RW,https://www.eliteprospects.com/player/381804/matt-brown,Matt Brown
Cameron Butler (RW/LW),Iowa Wild,16,1,0,1,0.06,20,-3,2025-2026,ahl,RW/LW,https://www.eliteprospects.com/player/342193/cameron-butler,Cameron Butler
Josh Lopina (C/RW),Rockford IceHogs,16,1,0,1,0.06,8,-3,2025-2026,ahl,C/RW,https://www.eliteprospects.com/player/315963/josh-lopina,Josh Lopina
Carter Mazur (LW/RW),Grand Rapids Griffins,16,11,5,16,1.0,14,4,2025-2026,ahl,LW/RW,https://www.eliteprospects.com/player/201766/carter-mazur,Carter Mazur
Declan Carlile (D),Syracuse Crunch,16,2,9,11,0.69,27,1,2025-2026,ahl,D,https://www.eliteprospects.com/player/276195/declan-carlile,Declan Carlile
Sonny Milano (LW),Hershey Bears,16,5,8,13,0.81,0,1,2025-2026,ahl,LW,https://www.eliteprospects.com/player/189415/sonny-milano,Sonny Milano
Sawyer Boulton (RW/LW),Lehigh Valley Phantoms,16,0,1,1,0.06,40,-1,2025-2026,ahl,RW/LW,https://www.eliteprospects.com/player/637562/sawyer-boulton,Sawyer Boulton
Jackson Edward (D),Multiple Teams,16,1,3,4,0.25,22,-2,2025-2026,ahl,D,https://www.eliteprospects.com/player/672923/jackson-edward,Jackson Edward
Noah Powell (RW),Lehigh Valley Phantoms,16,2,2,4,0.25,11,-1,2025-2026,ahl,RW,manual_noah_powell_rw,Noah Powell
Ryan McAllister (C/LW),Multiple Teams,16,2,5,7,0.44,10,-5,2025-2026,ahl,C/LW,https://www.eliteprospects.com/player/418420/ryan-mcallister,Ryan Mcallister
Nolan Moyle (C/RW),Grand Rapids Griffins,16,1,1,2,0.13,15,5,2025-2026,ahl,C/RW,https://www.eliteprospects.com/player/273657/nolan-moyle,Nolan Moyle
Reilly Webb (D),Hershey Bears,16,0,3,3,0.19,6,5,2025-2026,ahl,D,https://www.eliteprospects.com/player/273694/reilly-webb,Reilly Webb
Juuso Pärssinen (C/LW),Hartford Wolf Pack,15,5,2,7,0.47,4,-1,2025-2026,ahl,C/LW,https://www.eliteprospects.com/player/396656/juuso-parssinen,Juuso Parssinen
Marc Gatcomb (C/RW),Bridgeport Islanders,15,4,4,8,0.53,6,-4,2025-2026,ahl,C/RW,https://www.eliteprospects.com/player/446950/marc-gatcomb,Marc Gatcomb
Reece Newkirk (C/LW),Syracuse Crunch,15,0,4,4,0.27,23,3,2025-2026,ahl,C/LW,https://www.eliteprospects.com/player/351979/reece-newkirk,Reece Newkirk
Brody Lamb (RW),Hartford Wolf Pack,15,4,5,9,0.6,2,-1,2025-2026,ahl,RW,manual_brody_lamb_rw,Brody Lamb
Ryan Graves (D),Wilkes-Barre/Scranton Penguins,15,3,7,10,0.67,4,4,2025-2026,ahl,D,https://www.eliteprospects.com/player/103763/ryan-graves,Ryan Graves
Josh Davies (LW/C),Milwaukee Admirals,15,1,0,1,0.07,30,-6,2025-2026,ahl,LW/C,https://www.eliteprospects.com/player/532703/josh-davies,Josh Davies
Tim Rego (D),Ontario Reign,15,2,3,5,0.33,6,6,2025-2026,ahl,D,https://www.eliteprospects.com/player/393782/tim-rego,Tim Rego
Phip Waugh (D),Multiple Teams,15,0,3,3,0.2,2,5,2025-2026,ahl,D,https://www.eliteprospects.com/player/496127/phip-waugh,Phip Waugh
Melvin Fernström (RW),Wilkes-Barre/Scranton Penguins,14,2,6,8,0.57,0,3,2025-2026,ahl,RW,https://www.eliteprospects.com/player/619006/melvin-fernstrom,Melvin Fernstrom
Tag Bertuzzi (C/W),Utica Comets,14,0,0,0,0.0,0,-6,2025-2026,ahl,C/W,https://www.eliteprospects.com/player/279765/tag-bertuzzi,Tag Bertuzzi
Massimo Rizzo (C/LW),Multiple Teams,14,2,3,5,0.36,4,-4,2025-2026,ahl,C/LW,https://www.eliteprospects.com/player/286939/massimo-rizzo,Massimo Rizzo
Roman Kinal (D),San Diego Gulls,14,0,0,0,0.0,2,-6,2025-2026,ahl,D,https://www.eliteprospects.com/player/311067/roman-kinal,Roman Kinal
Christian Felton (D),Abbotsford Canucks,14,0,0,0,0.0,0,-3,2025-2026,ahl,D,https://www.eliteprospects.com/player/325238/christian-felton,Christian Felton
Jacob Perreault (RW/C),Providence Bruins,14,3,2,5,0.36,0,2,2025-2026,ahl,RW/C,https://www.eliteprospects.com/player/418243/jacob-perreault,Jacob Perreault
Vincent Sévigny (D),Multiple Teams,14,0,0,0,0.0,6,7,2025-2026,ahl,D,https://www.eliteprospects.com/player/410874/vincent-sevigny,Vincent Sevigny
Chad Hillebrand (LW/C),Grand Rapids Griffins,14,2,2,4,0.29,13,5,2025-2026,ahl,LW/C,https://www.eliteprospects.com/player/284070/chad-hillebrand,Chad Hillebrand
Jake Boltmann (D),San Jose Barracuda,14,0,2,2,0.14,2,-2,2025-2026,ahl,D,manual_jake_boltmann_d,Jake Boltmann
Derek Daschke (D),Abbotsford Canucks,13,0,1,1,0.08,0,-2,2025-2026,ahl,D,https://www.eliteprospects.com/player/272191/derek-daschke,Derek Daschke
Austin Brimmer (RW),Abbotsford Canucks,13,0,1,1,0.08,13,-2,2025-2026,ahl,RW,manual_austin_brimmer_rw,Austin Brimmer
Konnor Smith (D),San Diego Gulls,13,0,1,1,0.08,20,-7,2025-2026,ahl,D,https://www.eliteprospects.com/player/640821/konnor-smith,Konnor Smith
Landon Sim (C/RW),Toronto Marlies,13,3,0,3,0.23,31,-1,2025-2026,ahl,C/RW,manual_landon_sim_c,Landon Sim
Danton Heinen (LW/C),Multiple Teams,13,6,12,18,1.38,6,10,2025-2026,ahl,LW/C,https://www.eliteprospects.com/player/105821/danton-heinen,Danton Heinen
Dennis Cholowski (D),Utica Comets,13,0,5,5,0.38,6,-6,2025-2026,ahl,D,https://www.eliteprospects.com/player/247137/dennis-cholowski,Dennis Cholowski
Loke Johansson (D),Providence Bruins,13,0,0,0,0.0,6,2,2025-2026,ahl,D,manual_loke_johansson_d,Loke Johansson
Alexander Holtz (RW/LW),Henderson Silver Knights,13,2,7,9,0.69,2,1,2025-2026,ahl,RW/LW,https://www.eliteprospects.com/player/344808/alexander-holtz,Alexander Holtz
Brayden Hislop (D),Rockford IceHogs,13,0,4,4,0.31,2,6,2025-2026,ahl,D,https://www.eliteprospects.com/player/582718/brayden-hislop,Brayden Hislop
Noah Beck (D),San Jose Barracuda,13,0,2,2,0.15,12,2,2025-2026,ahl,D,https://www.eliteprospects.com/player/530038/noah-beck,Noah Beck
Tyson Feist (D),Bakersfield Condors,13,0,1,1,0.08,35,5,2025-2026,ahl,D,https://www.eliteprospects.com/player/407570/tyson-feist,Tyson Feist
Bennett Schimek (F),Abbotsford Canucks,13,5,6,11,0.85,4,-4,2025-2026,ahl,F,manual_bennett_schimek_f,Bennett Schimek
Marcel Marcel (LW/RW),Rockford IceHogs,13,1,0,1,0.08,7,-7,2025-2026,ahl,LW/RW,https://www.eliteprospects.com/player/559520/marcel-marcel,Marcel Marcel
Mike Koster (D),Iowa Wild,13,0,2,2,0.15,0,1,2025-2026,ahl,D,https://www.eliteprospects.com/player/427432/mike-koster,Mike Koster
Ryland Mosley (LW/RW),Multiple Teams,13,1,1,2,0.15,4,-2,2025-2026,ahl,LW/RW,https://www.eliteprospects.com/player/300794/ryland-mosley,Ryland Mosley
Zach Urdahl (LW/RW),Wilkes-Barre/Scranton Penguins,12,0,1,1,0.08,2,2,2025-2026,ahl,LW/RW,manual_zach_urdahl_lw,Zach Urdahl
Reece Vitelli (C/RW),Manitoba Moose,12,0,1,1,0.08,5,3,2025-2026,ahl,C/RW,https://www.eliteprospects.com/player/351365/reece-vitelli,Reece Vitelli
Kyler Kupka (LW/RW),Hershey Bears,12,1,2,3,0.25,0,-3,2025-2026,ahl,LW/RW,https://www.eliteprospects.com/player/201358/kyler-kupka,Kyler Kupka
Carter Berger (D),Lehigh Valley Phantoms,12,0,3,3,0.25,4,5,2025-2026,ahl,D,https://www.eliteprospects.com/player/299029/carter-berger,Carter Berger
Jacob Truscott (D),Grand Rapids Griffins,12,0,3,3,0.25,4,0,2025-2026,ahl,D,manual_jacob_truscott_d,Jacob Truscott
Cole Eiserman (LW),Bridgeport Islanders,12,2,7,9,0.75,2,-4,2025-2026,ahl,LW,manual_cole_eiserman_lw,Cole Eiserman
Spencer Kersten (RW/LW),Syracuse Crunch,12,3,3,6,0.5,8,3,2025-2026,ahl,RW/LW,https://www.eliteprospects.com/player/370370/spencer-kersten,Spencer Kersten
Dylan Hryckowian (RW),Texas Stars,12,3,3,6,0.5,8,2,2025-2026,ahl,RW,manual_dylan_hryckowian_rw,Dylan Hryckowian
Sloan Stanick (LW/RW),Henderson Silver Knights,12,4,2,6,0.5,2,1,2025-2026,ahl,LW/RW,https://www.eliteprospects.com/player/527498/sloan-stanick,Sloan Stanick
Kyle Jackson (LW/C),Hartford Wolf Pack,12,1,1,2,0.17,0,-6,2025-2026,ahl,LW/C,https://www.eliteprospects.com/player/413825/kyle-jackson,Kyle Jackson
Jack Anderson (D),Texas Stars,12,2,1,3,0.25,9,5,2025-2026,ahl,D,manual_jack_anderson_d,Jack Anderson
Zack Ostapchuk (C/LW),San Jose Barracuda,11,3,1,4,0.36,10,-4,2025-2026,ahl,C/LW,https://www.eliteprospects.com/player/476029/zack-ostapchuk,Zack Ostapchuk
Andrej Sustr (D),Bridgeport Islanders,11,0,1,1,0.09,21,-6,2025-2026,ahl,D,https://www.eliteprospects.com/player/44405/andrej-sustr,Andrej Sustr
Brendan Smith (D),Cleveland Monsters,11,0,1,1,0.09,8,-5,2025-2026,ahl,D,https://www.eliteprospects.com/player/12506/brendan-smith,Brendan Smith
Ryan Hofer (C/W),Hershey Bears,11,0,1,1,0.09,2,-1,2025-2026,ahl,C/W,https://www.eliteprospects.com/player/416983/ryan-hofer,Ryan Hofer
Ben Meyers (C/LW),Coachella Valley Firebirds,11,9,4,13,1.18,2,2,2025-2026,ahl,C/LW,https://www.eliteprospects.com/player/300838/ben-meyers,Ben Meyers
Harrison Brunicke (D),Wilkes-Barre/Scranton Penguins,11,1,7,8,0.73,2,8,2025-2026,ahl,D,https://www.eliteprospects.com/player/727518/harrison-brunicke,Harrison Brunicke
Eddie Genborg (LW/RW),Grand Rapids Griffins,11,1,2,3,0.27,8,2,2025-2026,ahl,LW/RW,https://www.eliteprospects.com/player/794303/eddie-genborg,Eddie Genborg
Gustav Stjernberg (D),Colorado Eagles,11,1,2,3,0.27,34,-3,2025-2026,ahl,D,https://www.eliteprospects.com/player/515083/gustav-stjernberg,Gustav Stjernberg
Mathieu De St. Phalle (RW/LW),Wilkes-Barre/Scranton Penguins,11,2,0,2,0.18,6,-4,2025-2026,ahl,RW/LW,https://www.eliteprospects.com/player/283937/mathieu-de-st.-phalle,Mathieu De St Phalle
Jett Jones (C),Springfield Thunderbirds,11,0,0,0,0.0,4,-6,2025-2026,ahl,C,https://www.eliteprospects.com/player/442336/jett-jones,Jett Jones
Cooper Gay (RW/LW),Colorado Eagles,11,1,1,2,0.18,6,1,2025-2026,ahl,RW/LW,https://www.eliteprospects.com/player/658212/cooper-gay,Cooper Gay
Justin Janicke (LW/C),Coachella Valley Firebirds,11,0,2,2,0.18,4,-1,2025-2026,ahl,LW/C,https://www.eliteprospects.com/player/583032/justin-janicke,Justin Janicke
Riley Kidney (C/LW),Multiple Teams,11,0,3,3,0.27,8,4,2025-2026,ahl,C/LW,https://www.eliteprospects.com/player/473664/riley-kidney,Riley Kidney
Chris Douglas (RW),Rochester Americans,11,1,0,1,0.09,9,-5,2025-2026,ahl,RW,manual_chris_douglas_rw,Chris Douglas
Vitali Kravtsov (RW/LW),Abbotsford Canucks,10,1,3,4,0.4,0,-7,2025-2026,ahl,RW/LW,https://www.eliteprospects.com/player/379749/vitali-kravtsov,Vitali Kravtsov
William Dufour (RW/LW),Multiple Teams,10,2,0,2,0.2,4,-3,2025-2026,ahl,RW/LW,https://www.eliteprospects.com/player/294583/william-dufour,William Dufour
Ethan Frisch (D),Manitoba Moose,10,0,2,2,0.2,0,2,2025-2026,ahl,D,https://www.eliteprospects.com/player/365031/ethan-frisch,Ethan Frisch
Daniel Laatsch (D),Wilkes-Barre/Scranton Penguins,10,0,3,3,0.3,2,1,2025-2026,ahl,D,manual_daniel_laatsch_d,Daniel Laatsch
Yan Kuznetsov (D),Calgary Wranglers,10,2,0,2,0.2,2,5,2025-2026,ahl,D,https://www.eliteprospects.com/player/440410/yan-kuznetsov,Yan Kuznetsov
Zac Funk (LW/RW),Hershey Bears,10,0,2,2,0.2,8,-2,2025-2026,ahl,LW/RW,https://www.eliteprospects.com/player/556514/zac-funk,Zac Funk
Artur Cholach (D),Henderson Silver Knights,10,0,2,2,0.2,2,-1,2025-2026,ahl,D,https://www.eliteprospects.com/player/467724/artur-cholach,Artur Cholach
Joseph Dunlap (RW/C),Laval Rocket,10,2,1,3,0.3,6,3,2025-2026,ahl,RW/C,https://www.eliteprospects.com/player/355835/joseph-dunlap,Joseph Dunlap
Braden Doyle (D),Chicago Wolves,10,0,0,0,0.0,19,0,2025-2026,ahl,D,manual_braden_doyle_d,Braden Doyle
Fyodor Svechkov (C/LW),Milwaukee Admirals,10,5,3,8,0.8,4,1,2025-2026,ahl,C/LW,https://www.eliteprospects.com/player/693396/fyodor-svechkov,Fyodor Svechkov
Gavin Brindley (RW/LW),Colorado Eagles,9,2,4,6,0.67,2,-1,2025-2026,ahl,RW/LW,https://www.eliteprospects.com/player/538006/gavin-brindley,Gavin Brindley
Chase Dafoe (C/LW),Rockford IceHogs,9,2,0,2,0.22,4,1,2025-2026,ahl,C/LW,manual_chase_dafoe_c,Chase Dafoe
David Breazeale (D),Wilkes-Barre/Scranton Penguins,9,1,3,4,0.44,0,8,2025-2026,ahl,D,https://www.eliteprospects.com/player/454759/david-breazeale,David Breazeale
Emil Pieniniemi (D),Wilkes-Barre/Scranton Penguins,9,1,2,3,0.33,4,5,2025-2026,ahl,D,https://www.eliteprospects.com/player/709463/emil-pieniniemi,Emil Pieniniemi
Jackson Berezowski (RW/C),Coachella Valley Firebirds,9,0,1,1,0.11,2,0,2025-2026,ahl,RW/C,https://www.eliteprospects.com/player/403435/jackson-berezowski,Jackson Berezowski
Case McCarthy (D),Hartford Wolf Pack,9,0,1,1,0.11,0,4,2025-2026,ahl,D,https://www.eliteprospects.com/player/290196/case-mccarthy,Case Mccarthy
Riley Thompson (C/LW),Lehigh Valley Phantoms,9,0,4,4,0.44,4,-8,2025-2026,ahl,C/LW,manual_riley_thompson_c,Riley Thompson
Guillaume Brisebois (D),Abbotsford Canucks,9,1,1,2,0.22,2,4,2025-2026,ahl,D,https://www.eliteprospects.com/player/213397/guillaume-brisebois,Guillaume Brisebois
Alex Steeves (C/LW),Providence Bruins,9,3,5,8,0.89,2,3,2025-2026,ahl,C/LW,https://www.eliteprospects.com/player/354353/alex-steeves,Alex Steeves
Oliver Moore (C/LW),Rockford IceHogs,9,6,3,9,1.0,2,8,2025-2026,ahl,C/LW,https://www.eliteprospects.com/player/603195/oliver-moore,Oliver Moore
Anton Lundmark (RW),Charlotte Checkers,9,0,0,0,0.0,4,-2,2025-2026,ahl,RW,https://www.eliteprospects.com/player/350424/anton-lundmark,Anton Lundmark
Victor Eklund (RW),Bridgeport Islanders,9,3,7,10,1.11,2,4,2025-2026,ahl,RW,manual_victor_eklund_rw,Victor Eklund
Liam Öhgren (LW),Iowa Wild,9,3,2,5,0.56,0,-3,2025-2026,ahl,LW,https://www.eliteprospects.com/player/535698/liam-ohgren,Liam Ohgren
Luke Mittelstadt (D),Laval Rocket,9,1,4,5,0.56,0,0,2025-2026,ahl,D,manual_luke_mittelstadt_d,Luke Mittelstadt
Brady Stonehouse (RW/LW),Bakersfield Condors,9,0,3,3,0.33,21,2,2025-2026,ahl,RW/LW,https://www.eliteprospects.com/player/652102/brady-stonehouse,Brady Stonehouse
Tyler Inamoto (D),Bakersfield Condors,9,0,2,2,0.22,6,1,2025-2026,ahl,D,https://www.eliteprospects.com/player/201486/tyler-inamoto,Tyler Inamoto
Samuel Laberge (W/C),San Jose Barracuda,9,0,1,1,0.11,27,0,2025-2026,ahl,W/C,https://www.eliteprospects.com/player/231410/samuel-laberge,Samuel Laberge
Carson Golder (LW/RW),Lehigh Valley Phantoms,9,0,1,1,0.11,4,-2,2025-2026,ahl,LW/RW,https://www.eliteprospects.com/player/477356/carson-golder,Carson Golder
Félix Trudeau (LW),Springfield Thunderbirds,8,1,1,2,0.25,2,-1,2025-2026,ahl,LW,manual_felix_trudeau_lw,Felix Trudeau
Wyatte Wylie (D),Laval Rocket,8,0,1,1,0.13,8,-3,2025-2026,ahl,D,https://www.eliteprospects.com/player/300071/wyatte-wylie,Wyatte Wylie
Radim Mrtka (D),Rochester Americans,8,0,1,1,0.13,7,-3,2025-2026,ahl,D,https://www.eliteprospects.com/player/872673/radim-mrtka,Radim Mrtka
Ryan Kirwan (LW/RW),Toronto Marlies,8,1,2,3,0.38,0,-1,2025-2026,ahl,LW/RW,https://www.eliteprospects.com/player/508271/ryan-kirwan,Ryan Kirwan
Matt Stienburg (C/RW),Colorado Eagles,8,2,1,3,0.38,11,-2,2025-2026,ahl,C/RW,https://www.eliteprospects.com/player/267112/matt-stienburg,Matt Stienburg
Christopher Brown (C/RW),Providence Bruins,8,0,1,1,0.13,2,-2,2025-2026,ahl,C/RW,https://www.eliteprospects.com/player/248309/christopher-brown,Christopher Brown
Landon Slaggert (LW/C),Rockford IceHogs,8,2,2,4,0.5,8,-2,2025-2026,ahl,LW/C,https://www.eliteprospects.com/player/418245/landon-slaggert,Landon Slaggert
Anton Johansson (D),Grand Rapids Griffins,8,2,4,6,0.75,2,6,2025-2026,ahl,D,https://www.eliteprospects.com/player/701870/anton-johansson,Anton Johansson
Max Grondin (C/LW),Syracuse Crunch,8,1,1,2,0.25,28,-3,2025-2026,ahl,C/LW,manual_max_grondin_c,Max Grondin
Jack St. Ivany (D),Wilkes-Barre/Scranton Penguins,8,1,5,6,0.75,4,4,2025-2026,ahl,D,https://www.eliteprospects.com/player/300076/jack-st.-ivany,Jack St Ivany
Reilly Connors (C/RW),Colorado Eagles,8,2,0,2,0.25,11,0,2025-2026,ahl,C/RW,https://www.eliteprospects.com/player/386404/reilly-connors,Reilly Connors
Rhett Parsons (D),Toronto Marlies,8,0,1,1,0.13,47,-5,2025-2026,ahl,D,https://www.eliteprospects.com/player/505836/rhett-parsons,Rhett Parsons
Aram Minnetian (D),Texas Stars,8,0,3,3,0.38,6,2,2025-2026,ahl,D,manual_aram_minnetian_d,Aram Minnetian
Chase Wheatcroft (C/LW),Texas Stars,8,0,0,0,0.0,4,1,2025-2026,ahl,C/LW,https://www.eliteprospects.com/player/506229/chase-wheatcroft,Chase Wheatcroft
Emil Andrae (D),Lehigh Valley Phantoms,7,0,5,5,0.71,6,3,2025-2026,ahl,D,https://www.eliteprospects.com/player/394716/emil-andrae,Emil Andrae
Roger McQueen (C/RW),San Diego Gulls,7,1,2,3,0.43,6,-2,2025-2026,ahl,C/RW,manual_roger_mcqueen_c,Roger Mcqueen
Matthew DiMarsico (F),Colorado Eagles,7,1,2,3,0.43,2,-2,2025-2026,ahl,F,manual_matthew_dimarsico_f,Matthew Dimarsico
Patrick Thomas (C),Hershey Bears,7,1,2,3,0.43,2,-1,2025-2026,ahl,C,manual_patrick_thomas_c,Patrick Thomas
Ludwig Persson (LW/C),Hershey Bears,7,0,1,1,0.14,2,-1,2025-2026,ahl,LW/C,https://www.eliteprospects.com/player/423614/ludwig-persson,Ludwig Persson
Hank Kempf (D),Colorado Eagles,7,0,2,2,0.29,2,0,2025-2026,ahl,D,https://www.eliteprospects.com/player/201723/hank-kempf,Hank Kempf
Vincent Borgesi (D),Toronto Marlies,7,0,1,1,0.14,6,-3,2025-2026,ahl,D,manual_vincent_borgesi_d,Vincent Borgesi
Noah Östlund (C/LW),Rochester Americans,7,3,7,10,1.43,2,0,2025-2026,ahl,C/LW,https://www.eliteprospects.com/player/535699/noah-ostlund,Noah Ostlund
Anthony Kehrer (D),Springfield Thunderbirds,7,0,0,0,0.0,0,-3,2025-2026,ahl,D,manual_anthony_kehrer_d,Anthony Kehrer
Jiri Felcman (C),Rockford IceHogs,7,0,2,2,0.29,0,-2,2025-2026,ahl,C,https://www.eliteprospects.com/player/782897/jiri-felcman,Jiri Felcman
Cole Knuble (C/RW),Lehigh Valley Phantoms,7,1,2,3,0.43,0,0,2025-2026,ahl,C/RW,manual_cole_knuble_c,Cole Knuble
Scott Reedy (C),Bridgeport Islanders,6,0,0,0,0.0,0,-5,2025-2026,ahl,C,https://www.eliteprospects.com/player/269301/scott-reedy,Scott Reedy
James Stefan (RW/LW),Bakersfield Condors,6,0,0,0,0.0,0,0,2025-2026,ahl,RW/LW,https://www.eliteprospects.com/player/480110/james-stefan,James Stefan
Braidan Simmons-Fischer (D),Iowa Wild,6,0,0,0,0.0,5,0,2025-2026,ahl,D,manual_braidan_simmonsfischer_d,Braidan Simmonsfischer
Dillan Bentley (C/RW),Laval Rocket,6,0,0,0,0.0,6,0,2025-2026,ahl,C/RW,manual_dillan_bentley_c,Dillan Bentley
Dalibor Dvorský (C/RW),Springfield Thunderbirds,6,3,2,5,0.83,4,-4,2025-2026,ahl,C/RW,https://www.eliteprospects.com/player/527424/dalibor-dvorsky,Dalibor Dvorsky
Vincent Iorio (D),San Jose Barracuda,6,0,7,7,1.17,4,7,2025-2026,ahl,D,https://www.eliteprospects.com/player/201802/vincent-iorio,Vincent Iorio
Axel Sandin-Pellikka (D),Grand Rapids Griffins,6,2,1,3,0.5,0,0,2025-2026,ahl,D,https://www.eliteprospects.com/player/534818/axel-sandin-pellikka,Axel Sandinpellikka
Viggo Gustafsson (D),Milwaukee Admirals,6,1,1,2,0.33,6,3,2025-2026,ahl,D,https://www.eliteprospects.com/player/799949/viggo-gustafsson,Viggo Gustafsson
Artyom Guryev (D),Lehigh Valley Phantoms,6,0,0,0,0.0,4,-1,2025-2026,ahl,D,https://www.eliteprospects.com/player/617884/artyom-guryev,Artyom Guryev
Xavier Bernard (D),Calgary Wranglers,6,0,0,0,0.0,12,2,2025-2026,ahl,D,https://www.eliteprospects.com/player/335702/xavier-bernard,Xavier Bernard
Gavin Hain (C/LW),Hartford Wolf Pack,6,0,0,0,0.0,2,-3,2025-2026,ahl,C/LW,https://www.eliteprospects.com/player/354061/gavin-hain,Gavin Hain
Romain Rodzinski (D),Multiple Teams,6,0,0,0,0.0,0,-3,2025-2026,ahl,D,https://www.eliteprospects.com/player/534608/romain-rodzinski,Romain Rodzinski
Chongmin Lee (RW/LW),Cleveland Monsters,6,0,0,0,0.0,2,1,2025-2026,ahl,RW/LW,https://www.eliteprospects.com/player/325427/chongmin-lee,Chongmin Lee
Drew Elliott (RW/LW),San Diego Gulls,6,1,0,1,0.17,7,-1,2025-2026,ahl,RW/LW,https://www.eliteprospects.com/player/417740/drew-elliott,Drew Elliott
Hoyt Stanley (D),Belleville Senators,6,1,0,1,0.17,0,-1,2025-2026,ahl,D,manual_hoyt_stanley_d,Hoyt Stanley
Colin Ralph (D),Springfield Thunderbirds,6,0,2,2,0.33,0,-2,2025-2026,ahl,D,manual_colin_ralph_d,Colin Ralph
Jordan Gustafson (C/LW),Henderson Silver Knights,6,0,1,1,0.17,0,-4,2025-2026,ahl,C/LW,manual_jordan_gustafson_c,Jordan Gustafson
Curtis Douglas (C/LW),Syracuse Crunch,6,0,1,1,0.17,0,0,2025-2026,ahl,C/LW,https://www.eliteprospects.com/player/351462/curtis-douglas,Curtis Douglas
Aiden Fink (RW),Milwaukee Admirals,6,3,7,10,1.67,0,2,2025-2026,ahl,RW,manual_aiden_fink_rw,Aiden Fink
Lucas Wahlin (RW/LW),Manitoba Moose,6,1,2,3,0.5,4,4,2025-2026,ahl,RW/LW,manual_lucas_wahlin_rw,Lucas Wahlin
James Hagens (C/LW),Providence Bruins,6,1,3,4,0.67,2,-1,2025-2026,ahl,C/LW,manual_james_hagens_c,James Hagens
Kevin Wall (RW/LW),Springfield Thunderbirds,6,0,0,0,0.0,2,-1,2025-2026,ahl,RW/LW,https://www.eliteprospects.com/player/355153/kevin-wall,Kevin Wall
Brooklyn Kalmikov (RW/LW),Providence Bruins,5,0,0,0,0.0,2,-5,2025-2026,ahl,RW/LW,https://www.eliteprospects.com/player/290173/brooklyn-kalmikov,Brooklyn Kalmikov
Ryan Bottrill (F),Iowa Wild,5,0,0,0,0.0,2,-2,2025-2026,ahl,F,manual_ryan_bottrill_f,Ryan Bottrill
Henry Brzustewicz (D),Ontario Reign,5,0,0,0,0.0,8,1,2025-2026,ahl,D,manual_henry_brzustewicz_d,Henry Brzustewicz
Caige Sterzer (LW/RW),Hartford Wolf Pack,5,0,0,0,0.0,4,1,2025-2026,ahl,LW/RW,manual_caige_sterzer_lw,Caige Sterzer
Ryan Tattle (F),Providence Bruins,5,0,0,0,0.0,2,1,2025-2026,ahl,F,manual_ryan_tattle_f,Ryan Tattle
John Gormley (D),San Jose Barracuda,5,0,0,0,0.0,7,0,2025-2026,ahl,D,https://www.eliteprospects.com/player/519987/john-gormley,John Gormley
Kevin Conley (LW/C),Manitoba Moose,5,2,0,2,0.4,2,1,2025-2026,ahl,LW/C,https://www.eliteprospects.com/player/248429/kevin-conley,Kevin Conley
Kaden Bohlsen (RW/C),Hershey Bears,5,2,0,2,0.4,0,0,2025-2026,ahl,RW/C,manual_kaden_bohlsen_rw,Kaden Bohlsen
Logan Mailloux (D),Springfield Thunderbirds,5,2,0,2,0.4,2,-2,2025-2026,ahl,D,https://www.eliteprospects.com/player/582695/logan-mailloux,Logan Mailloux
Brandon Holt (D),Tucson Roadrunners,5,1,1,2,0.4,0,5,2025-2026,ahl,D,manual_brandon_holt_d,Brandon Holt
Tom Willander (D),Abbotsford Canucks,5,1,1,2,0.4,0,-5,2025-2026,ahl,D,https://www.eliteprospects.com/player/599426/tom-willander,Tom Willander
Tommy Lafrenière (C),Bakersfield Condors,5,1,1,2,0.4,0,0,2025-2026,ahl,C,manual_tommy_lafreniere_c,Tommy Lafreniere
Kyle Capobianco (D),Texas Stars,5,1,3,4,0.8,4,1,2025-2026,ahl,D,https://www.eliteprospects.com/player/225186/kyle-capobianco,Kyle Capobianco
Matthew Wood (LW/C),Milwaukee Admirals,5,1,3,4,0.8,0,-1,2025-2026,ahl,LW/C,https://www.eliteprospects.com/player/603587/matthew-wood,Matthew Wood
Brandon Buhr (F),Toronto Marlies,5,0,2,2,0.4,2,-2,2025-2026,ahl,F,manual_brandon_buhr_f,Brandon Buhr
Mikhail Ilyin (LW/RW),Wilkes-Barre/Scranton Penguins,5,0,2,2,0.4,2,2,2025-2026,ahl,LW/RW,https://www.eliteprospects.com/player/780088/mikhail-ilyin,Mikhail Ilyin
Emil Hemming (RW/LW),Texas Stars,5,0,0,0,0.0,0,-1,2025-2026,ahl,RW/LW,https://www.eliteprospects.com/player/689033/emil-hemming,Emil Hemming
Stevie Leskovar (D),Iowa Wild,5,0,0,0,0.0,0,-1,2025-2026,ahl,D,https://www.eliteprospects.com/player/526026/stevie-leskovar,Stevie Leskovar
Niko Huuhtanen (RW/LW),Syracuse Crunch,5,0,3,3,0.6,10,1,2025-2026,ahl,RW/LW,https://www.eliteprospects.com/player/525628/niko-huuhtanen,Niko Huuhtanen
Ben Meehan (D),Lehigh Valley Phantoms,5,0,0,0,0.0,0,-2,2025-2026,ahl,D,https://www.eliteprospects.com/player/499017/ben-meehan,Ben Meehan
Travis Dermott (D),Hartford Wolf Pack,5,0,3,3,0.6,2,-2,2025-2026,ahl,D,https://www.eliteprospects.com/player/214673/travis-dermott,Travis Dermott
Jack Berglund (C/W),Lehigh Valley Phantoms,5,1,0,1,0.2,13,0,2025-2026,ahl,C/W,https://www.eliteprospects.com/player/714281/jack-berglund,Jack Berglund
Lukas Sillinger (W/C),Iowa Wild,5,0,0,0,0.0,2,-1,2025-2026,ahl,W/C,manual_lukas_sillinger_w,Lukas Sillinger
Will MacKinnon (D),Cleveland Monsters,5,0,0,0,0.0,2,0,2025-2026,ahl,D,https://www.eliteprospects.com/player/285412/will-mackinnon,Will Mackinnon
Kaleb Pearson (RW/LW),Texas Stars,5,1,0,1,0.2,0,-3,2025-2026,ahl,RW/LW,https://www.eliteprospects.com/player/391108/kaleb-pearson,Kaleb Pearson
Gavin McCarthy (D),Rochester Americans,5,0,0,0,0.0,4,0,2025-2026,ahl,D,manual_gavin_mccarthy_d,Gavin Mccarthy
William Nicholl (C/LW),Bakersfield Condors,5,1,0,1,0.2,8,-1,2025-2026,ahl,C/LW,manual_william_nicholl_c,William Nicholl
Noah Steen (LW/RW),Syracuse Crunch,5,1,0,1,0.2,5,0,2025-2026,ahl,LW/RW,https://www.eliteprospects.com/player/607471/noah-steen,Noah Steen
Jonathan Aspirot (D/LW),Providence Bruins,5,1,2,3,0.6,4,2,2025-2026,ahl,D/LW,https://www.eliteprospects.com/player/354151/jonathan-aspirot,Jonathan Aspirot
Jack Bar (D),San Jose Barracuda,5,0,0,0,0.0,0,0,2025-2026,ahl,D,manual_jack_bar_d,Jack Bar
Braden Birnie (F),Abbotsford Canucks,5,0,1,1,0.2,0,0,2025-2026,ahl,F,manual_braden_birnie_f,Braden Birnie
Alfons Freij (D),Manitoba Moose,5,0,1,1,0.2,2,-5,2025-2026,ahl,D,manual_alfons_freij_d,Alfons Freij
Milan Lucic (LW),Springfield Thunderbirds,5,0,1,1,0.2,4,-7,2025-2026,ahl,LW,https://www.eliteprospects.com/player/11104/milan-lucic,Milan Lucic
Lukas Gustafsson (D),Manitoba Moose,5,0,1,1,0.2,2,-2,2025-2026,ahl,D,manual_lukas_gustafsson_d,Lukas Gustafsson
Jacob Dion (D),Laval Rocket,5,0,0,0,0.0,2,-2,2025-2026,ahl,D,manual_jacob_dion_d,Jacob Dion
Tyler Motte (C/W),Charlotte Checkers,4,1,0,1,0.25,2,-2,2025-2026,ahl,C/W,https://www.eliteprospects.com/player/151824/tyler-motte,Tyler Motte
Nathan Bastian (RW/C),Texas Stars,4,2,1,3,0.75,2,0,2025-2026,ahl,RW/C,https://www.eliteprospects.com/player/245157/nathan-bastian,Nathan Bastian
Aiden Hansen-Bukata (D),Colorado Eagles,4,0,1,1,0.25,2,0,2025-2026,ahl,D,https://www.eliteprospects.com/player/340231/aiden-hansen-bukata,Aiden Hansenbukata
Jackson Jutting (C/LW),Grand Rapids Griffins,4,0,1,1,0.25,2,-1,2025-2026,ahl,C/LW,manual_jackson_jutting_c,Jackson Jutting
Drew Callin (C/RW),Multiple Teams,4,0,1,1,0.25,2,-3,2025-2026,ahl,C/RW,https://www.eliteprospects.com/player/190462/drew-callin,Drew Callin
Peter Tischke (D),Rochester Americans,4,0,1,1,0.25,0,2,2025-2026,ahl,D,https://www.eliteprospects.com/player/194272/peter-tischke,Peter Tischke
Keaton Mastrodonato (RW),Ontario Reign,4,0,1,1,0.25,0,-3,2025-2026,ahl,RW,https://www.eliteprospects.com/player/344047/keaton-mastrodonato,Keaton Mastrodonato
Isak Walther (RW),Milwaukee Admirals,4,0,1,1,0.25,0,-1,2025-2026,ahl,RW,manual_isak_walther_rw,Isak Walther
Jakub Demek (C/W),Henderson Silver Knights,4,0,1,1,0.25,0,-4,2025-2026,ahl,C/W,https://www.eliteprospects.com/player/556420/jakub-demek,Jakub Demek
David Kämpf (C/W),Toronto Marlies,4,0,1,1,0.25,0,-1,2025-2026,ahl,C/W,https://www.eliteprospects.com/player/160499/david-kampf,David Kampf
Zach Berzolla (D),Springfield Thunderbirds,4,0,0,0,0.0,6,-1,2025-2026,ahl,D,https://www.eliteprospects.com/player/291858/zach-berzolla,Zach Berzolla
Darick Louis-Jean (D),Laval Rocket,4,0,0,0,0.0,2,-1,2025-2026,ahl,D,https://www.eliteprospects.com/player/382390/darick-louis-jean,Darick Louisjean
Sam Stevens (C/LW),Toronto Marlies,4,0,0,0,0.0,2,-1,2025-2026,ahl,C/LW,https://www.eliteprospects.com/player/315953/sam-stevens,Sam Stevens
Colin Swoyer (D),Cleveland Monsters,4,0,0,0,0.0,2,0,2025-2026,ahl,D,https://www.eliteprospects.com/player/271345/colin-swoyer,Colin Swoyer
Sullivan Mack (C/LW),Hartford Wolf Pack,4,0,0,0,0.0,2,0,2025-2026,ahl,C/LW,https://www.eliteprospects.com/player/415811/sullivan-mack,Sullivan Mack
Danny Katic (LW/RW),Belleville Senators,4,0,0,0,0.0,2,-1,2025-2026,ahl,LW/RW,https://www.eliteprospects.com/player/313394/danny-katic,Danny Katic
Lucas Pettersson (C/LW),San Diego Gulls,4,0,0,0,0.0,0,-2,2025-2026,ahl,C/LW,https://www.eliteprospects.com/player/714960/lucas-pettersson,Lucas Pettersson
Tristan Sarsland (D),San Jose Barracuda,4,0,0,0,0.0,0,-3,2025-2026,ahl,D,manual_tristan_sarsland_d,Tristan Sarsland
Samuel Mayer (D),Henderson Silver Knights,4,0,0,0,0.0,0,0,2025-2026,ahl,D,https://www.eliteprospects.com/player/479856/samuel-mayer,Samuel Mayer
Ian Moore (F/D),San Diego Gulls,4,0,0,0,0.0,0,0,2025-2026,ahl,F/D,manual_ian_moore_f,Ian Moore
Zayne Parekh (D),Calgary Wranglers,4,2,3,5,1.25,2,1,2025-2026,ahl,D,https://www.eliteprospects.com/player/535574/zayne-parekh,Zayne Parekh
Easton Cowan (C/W),Toronto Marlies,4,1,2,3,0.75,2,0,2025-2026,ahl,C/W,manual_easton_cowan_c,Easton Cowan
Jordan Harris (D),Providence Bruins,4,1,2,3,0.75,0,6,2025-2026,ahl,D,https://www.eliteprospects.com/player/321687/jordan-harris,Jordan Harris
Charle-Édouard D'Astous (D),Syracuse Crunch,4,1,2,3,0.75,0,3,2025-2026,ahl,D,https://www.eliteprospects.com/player/255979/charle-edouard-d-astous,Charleedouard Dastous
Dominic James (C/LW),Syracuse Crunch,4,3,2,5,1.25,0,3,2025-2026,ahl,C/LW,manual_dominic_james_c,Dominic James
Daniel Russell (C),Wilkes-Barre/Scranton Penguins,4,0,2,2,0.5,0,0,2025-2026,ahl,C,manual_daniel_russell_c,Daniel Russell
Riley Patterson (C/RW),Abbotsford Canucks,4,1,1,2,0.5,4,-1,2025-2026,ahl,C/RW,manual_riley_patterson_c,Riley Patterson
Sheldon Rempal (RW/LW),Hershey Bears,4,1,1,2,0.5,2,-2,2025-2026,ahl,RW/LW,https://www.eliteprospects.com/player/142304/sheldon-rempal,Sheldon Rempal
Matt Basgall (D),San Diego Gulls,4,1,1,2,0.5,0,6,2025-2026,ahl,D,manual_matt_basgall_d,Matt Basgall
Calum Ritchie (C/RW),Bridgeport Islanders,3,1,2,3,1.0,2,2,2025-2026,ahl,C/RW,https://www.eliteprospects.com/player/603108/calum-ritchie,Calum Ritchie
Jack Finley (C/RW),Syracuse Crunch,3,1,2,3,1.0,0,1,2025-2026,ahl,C/RW,https://www.eliteprospects.com/player/477357/jack-finley,Jack Finley
Jesse Kiiskinen (RW),Grand Rapids Griffins,3,1,1,2,0.67,2,1,2025-2026,ahl,RW,https://www.eliteprospects.com/player/734492/jesse-kiiskinen,Jesse Kiiskinen
Paul Ludwinski (C/LW),Rockford IceHogs,3,1,1,2,0.67,2,-2,2025-2026,ahl,C/LW,https://www.eliteprospects.com/player/603788/paul-ludwinski,Paul Ludwinski
Robby Fabbri (C/W),Charlotte Checkers,3,1,1,2,0.67,0,-4,2025-2026,ahl,C/W,https://www.eliteprospects.com/player/156923/robby-fabbri,Robby Fabbri
Dyllan Gill (D),Syracuse Crunch,3,0,0,0,0.0,0,-2,2025-2026,ahl,D,https://www.eliteprospects.com/player/573869/dyllan-gill,Dyllan Gill
Nick Leivermann (D),Hershey Bears,3,0,2,2,0.67,0,1,2025-2026,ahl,D,https://www.eliteprospects.com/player/344081/nick-leivermann,Nick Leivermann
Yegor Zamula (D),Lehigh Valley Phantoms,3,0,2,2,0.67,0,-3,2025-2026,ahl,D,https://www.eliteprospects.com/player/398138/yegor-zamula,Yegor Zamula
Chase Pauls (D),Calgary Wranglers,3,0,0,0,0.0,0,-2,2025-2026,ahl,D,https://www.eliteprospects.com/player/569256/chase-pauls,Chase Pauls
Kyle Walker (D),Calgary Wranglers,3,0,0,0,0.0,0,-1,2025-2026,ahl,D,manual_kyle_walker_d,Kyle Walker
Herman Träff (LW/RW),San Diego Gulls,3,0,0,0,0.0,0,-1,2025-2026,ahl,LW/RW,https://www.eliteprospects.com/player/618600/herman-traff,Herman Traff
Ilya Solovyov (D),Colorado Eagles,3,0,0,0,0.0,0,1,2025-2026,ahl,D,https://www.eliteprospects.com/player/490245/ilya-solovyov,Ilya Solovyov
Maxim Barbashyov (LW/RW),Tucson Roadrunners,3,0,0,0,0.0,0,-1,2025-2026,ahl,LW/RW,https://www.eliteprospects.com/player/699160/maxim-barbashyov,Maxim Barbashyov
Brayden Edwards (C/RW),Wilkes-Barre/Scranton Penguins,3,0,0,0,0.0,0,-1,2025-2026,ahl,C/RW,manual_brayden_edwards_c,Brayden Edwards
Matthew Sop (C/LW),Iowa Wild,3,0,0,0,0.0,0,-2,2025-2026,ahl,C/LW,https://www.eliteprospects.com/player/538401/matthew-sop,Matthew Sop
Matthew Andonovski (D),Belleville Senators,3,0,0,0,0.0,0,0,2025-2026,ahl,D,manual_matthew_andonovski_d,Matthew Andonovski
Ethan Czata (C/RW),Syracuse Crunch,3,0,0,0,0.0,17,-2,2025-2026,ahl,C/RW,manual_ethan_czata_c,Ethan Czata
Terrell Goldsmith (D),Tucson Roadrunners,3,0,0,0,0.0,7,1,2025-2026,ahl,D,manual_terrell_goldsmith_d,Terrell Goldsmith
Jacob Hudson (C/RW),Providence Bruins,3,0,0,0,0.0,5,-2,2025-2026,ahl,C/RW,https://www.eliteprospects.com/player/266583/jacob-hudson,Jacob Hudson
Luke Mistelbacher (RW),Belleville Senators,3,0,0,0,0.0,0,-1,2025-2026,ahl,RW,https://www.eliteprospects.com/player/648258/luke-mistelbacher,Luke Mistelbacher
Ben Strinden (RW/C),Milwaukee Admirals,3,0,0,0,0.0,0,-1,2025-2026,ahl,RW/C,manual_ben_strinden_rw,Ben Strinden
Thomas Messineo (D),San Jose Barracuda,3,0,0,0,0.0,0,-1,2025-2026,ahl,D,manual_thomas_messineo_d,Thomas Messineo
Elias Pettersson (D),Abbotsford Canucks,3,0,0,0,0.0,2,-1,2025-2026,ahl,D,https://www.eliteprospects.com/player/641020/elias-pettersson,Elias Pettersson
Ethen Frank (RW/C),Hershey Bears,3,2,0,2,0.67,0,0,2025-2026,ahl,RW/C,https://www.eliteprospects.com/player/247909/ethen-frank,Ethen Frank
Rieger Lorenz (LW/C),Iowa Wild,3,0,0,0,0.0,4,-4,2025-2026,ahl,LW/C,manual_rieger_lorenz_lw,Rieger Lorenz
Jayden Lee (D),Abbotsford Canucks,3,0,0,0,0.0,0,-2,2025-2026,ahl,D,https://www.eliteprospects.com/player/351553/jayden-lee,Jayden Lee
Owen Lindmark (C/RW),San Diego Gulls,3,0,0,0,0.0,0,-1,2025-2026,ahl,C/RW,https://www.eliteprospects.com/player/315962/owen-lindmark,Owen Lindmark
Landon McCallum (C/RW),Coachella Valley Firebirds,3,0,0,0,0.0,4,-2,2025-2026,ahl,C/RW,https://www.eliteprospects.com/player/582562/landon-mccallum,Landon Mccallum
Aidan Hreschuk (D),Texas Stars,3,0,1,1,0.33,0,-1,2025-2026,ahl,D,manual_aidan_hreschuk_d,Aidan Hreschuk
Simon Pinard (LW),Hershey Bears,3,0,1,1,0.33,0,2,2025-2026,ahl,LW,https://www.eliteprospects.com/player/295310/simon-pinard,Simon Pinard
Israel Mianscum (W/C),Laval Rocket,3,0,1,1,0.33,5,0,2025-2026,ahl,W/C,https://www.eliteprospects.com/player/485049/israel-mianscum,Israel Mianscum
Sean Larochelle (D),Manitoba Moose,3,0,0,0,0.0,2,0,2025-2026,ahl,D,manual_sean_larochelle_d,Sean Larochelle
Ryan Chyzowski (LW/C),Calgary Wranglers,3,1,0,1,0.33,0,-1,2025-2026,ahl,LW/C,https://www.eliteprospects.com/player/344066/ryan-chyzowski,Ryan Chyzowski
Filip Hållander (C/LW),Wilkes-Barre/Scranton Penguins,3,1,0,1,0.33,2,1,2025-2026,ahl,C/LW,https://www.eliteprospects.com/player/293387/filip-hallander,Filip Hallander
Saige Weinstein (D),Colorado Eagles,3,1,0,1,0.33,2,0,2025-2026,ahl,D,manual_saige_weinstein_d,Saige Weinstein
Dylan Moulton (D),Manitoba Moose,3,1,0,1,0.33,0,0,2025-2026,ahl,D,https://www.eliteprospects.com/player/370017/dylan-moulton,Dylan Moulton
Blake Montgomery (LW),Belleville Senators,3,1,0,1,0.33,6,-2,2025-2026,ahl,LW,manual_blake_montgomery_lw,Blake Montgomery
Will Riedell (D),Providence Bruins,2,0,0,0,0.0,0,1,2025-2026,ahl,D,https://www.eliteprospects.com/player/353791/will-riedell,Will Riedell
Ryan McGuire (C/RW),Iowa Wild,2,0,0,0,0.0,2,-2,2025-2026,ahl,C/RW,https://www.eliteprospects.com/player/201890/ryan-mcguire,Ryan Mcguire
Troy Murray (D),Springfield Thunderbirds,2,0,0,0,0.0,5,-1,2025-2026,ahl,D,https://www.eliteprospects.com/player/360750/troy-murray,Troy Murray
Max Dorrington (RW/LW),Bridgeport Islanders,2,1,1,2,1.0,0,1,2025-2026,ahl,RW/LW,https://www.eliteprospects.com/player/505134/max-dorrington,Max Dorrington
T.J. Hughes (C/RW),Colorado Eagles,2,1,1,2,1.0,0,-2,2025-2026,ahl,C/RW,manual_tj_hughes_c,Tj Hughes
Frank Djurasevic (D),Toronto Marlies,2,0,0,0,0.0,0,-3,2025-2026,ahl,D,manual_frank_djurasevic_d,Frank Djurasevic
Erik Bargholtz (F),San Jose Barracuda,2,0,0,0,0.0,0,0,2025-2026,ahl,F,manual_erik_bargholtz_f,Erik Bargholtz
Kent Anderson (D),Calgary Wranglers,2,0,0,0,0.0,0,2,2025-2026,ahl,D,manual_kent_anderson_d,Kent Anderson
Ben Dexheimer (D),Iowa Wild,2,0,0,0,0.0,0,-3,2025-2026,ahl,D,manual_ben_dexheimer_d,Ben Dexheimer
Dylan James (LW),Grand Rapids Griffins,2,2,0,2,1.0,0,1,2025-2026,ahl,LW,manual_dylan_james_lw,Dylan James
Cole Krygier (D),Charlotte Checkers,2,0,0,0,0.0,0,0,2025-2026,ahl,D,https://www.eliteprospects.com/player/283959/cole-krygier,Cole Krygier
Tarun Fizer (C),Springfield Thunderbirds,2,0,0,0,0.0,0,1,2025-2026,ahl,C,manual_tarun_fizer_c,Tarun Fizer
Max Sasson (C/W),Abbotsford Canucks,2,2,0,2,1.0,0,2,2025-2026,ahl,C/W,https://www.eliteprospects.com/player/462545/max-sasson,Max Sasson
Martin Pospisil (C/W),Calgary Wranglers,2,0,0,0,0.0,2,-3,2025-2026,ahl,C/W,https://www.eliteprospects.com/player/341691/martin-pospisil,Martin Pospisil
Jake Murray (D),Multiple Teams,2,0,0,0,0.0,2,0,2025-2026,ahl,D,https://www.eliteprospects.com/player/503980/jake-murray,Jake Murray
Ellis Rickwood (C/RW),Texas Stars,2,2,1,3,1.5,0,3,2025-2026,ahl,C/RW,manual_ellis_rickwood_c,Ellis Rickwood
Brendan Gorman (C),Ontario Reign,2,0,0,0,0.0,0,-1,2025-2026,ahl,C,manual_brendan_gorman_c,Brendan Gorman
Davis Burnside (F),Manitoba Moose,2,0,0,0,0.0,0,0,2025-2026,ahl,F,manual_davis_burnside_f,Davis Burnside
Kienan Draper (RW),Grand Rapids Griffins,2,0,0,0,0.0,0,-1,2025-2026,ahl,RW,manual_kienan_draper_rw,Kienan Draper
Charlie Elick (D),Cleveland Monsters,2,0,1,1,0.5,0,0,2025-2026,ahl,D,manual_charlie_elick_d,Charlie Elick
Josh Nadeau (RW/LW),Laval Rocket,2,0,1,1,0.5,0,0,2025-2026,ahl,RW/LW,manual_josh_nadeau_rw,Josh Nadeau
Michael Misa (C/LW),San Jose Barracuda,2,0,1,1,0.5,0,0,2025-2026,ahl,C/LW,manual_michael_misa_c,Michael Misa
Jayden Grubbe (C/RW),Abbotsford Canucks,2,1,0,1,0.5,2,-2,2025-2026,ahl,C/RW,https://www.eliteprospects.com/player/475192/jayden-grubbe,Jayden Grubbe
Liam Valente (LW/C),Rochester Americans,2,1,0,1,0.5,0,-1,2025-2026,ahl,LW/C,manual_liam_valente_lw,Liam Valente
Anthony Romano (C/RW),Springfield Thunderbirds,2,0,0,0,0.0,4,0,2025-2026,ahl,C/RW,https://www.eliteprospects.com/player/438110/anthony-romano,Anthony Romano
Max Psenicka (D),Tucson Roadrunners,2,0,1,1,0.5,10,1,2025-2026,ahl,D,https://www.eliteprospects.com/player/690440/max-psenicka,Max Psenicka
Riley McCourt (D),Belleville Senators,2,0,0,0,0.0,2,-1,2025-2026,ahl,D,https://www.eliteprospects.com/player/333799/riley-mccourt,Riley Mccourt
Mathieu Joseph (RW/LW),Springfield Thunderbirds,2,1,0,1,0.5,0,-1,2025-2026,ahl,RW/LW,https://www.eliteprospects.com/player/227640/mathieu-joseph,Mathieu Joseph
Josh Dunne (C/LW),Rochester Americans,2,1,0,1,0.5,4,1,2025-2026,ahl,C/LW,https://www.eliteprospects.com/player/272225/josh-dunne,Josh Dunne
Viking Gustafsson Nyberg (D),Iowa Wild,2,0,1,1,0.5,2,1,2025-2026,ahl,D,manual_viking_gustafsson_nyberg_d,Viking Gustafsson Nyberg
Robby Drazner (D),Abbotsford Canucks,2,0,1,1,0.5,6,-1,2025-2026,ahl,D,manual_robby_drazner_d,Robby Drazner
Maxim Strbak (D),Rochester Americans,2,0,1,1,0.5,0,-2,2025-2026,ahl,D,manual_maxim_strbak_d,Maxim Strbak
Brandon Hawkins (RW/LW),Grand Rapids Griffins,2,0,0,0,0.0,0,-1,2025-2026,ahl,RW/LW,https://www.eliteprospects.com/player/101957/brandon-hawkins,Brandon Hawkins
Zachary Okabe (RW/LW),Abbotsford Canucks,2,0,0,0,0.0,0,0,2025-2026,ahl,RW/LW,https://www.eliteprospects.com/player/337754/zachary-okabe,Zachary Okabe
Hunter Johannes (W/C),Lehigh Valley Phantoms,2,0,0,0,0.0,0,2,2025-2026,ahl,W/C,https://www.eliteprospects.com/player/379289/hunter-johannes,Hunter Johannes
Sam Sedley (D),Belleville Senators,2,0,0,0,0.0,0,-1,2025-2026,ahl,D,https://www.eliteprospects.com/player/525665/sam-sedley,Sam Sedley
Ethan Leyh (C/LW),Chicago Wolves,2,0,0,0,0.0,0,0,2025-2026,ahl,C/LW,manual_ethan_leyh_c,Ethan Leyh
Ben Zloty (D),Manitoba Moose,2,0,0,0,0.0,0,0,2025-2026,ahl,D,https://www.eliteprospects.com/player/475290/ben-zloty,Ben Zloty
Mason McCormick (C/LW),Milwaukee Admirals,2,0,0,0,0.0,0,-2,2025-2026,ahl,C/LW,manual_mason_mccormick_c,Mason Mccormick
Jarod Crespo (D),San Jose Barracuda,2,1,1,2,1.0,0,3,2025-2026,ahl,D,manual_jarod_crespo_d,Jarod Crespo
Alex Gaffney (C),Hershey Bears,2,0,0,0,0.0,0,-2,2025-2026,ahl,C,manual_alex_gaffney_c,Alex Gaffney
Deni Goure (C/W),Chicago Wolves,2,0,0,0,0.0,0,-2,2025-2026,ahl,C/W,https://www.eliteprospects.com/player/505395/deni-goure,Deni Goure
Ryan Miller (C),Wilkes-Barre/Scranton Penguins,2,0,0,0,0.0,2,-1,2025-2026,ahl,C,manual_ryan_miller_c,Ryan Miller
Dennis Cesana (D),Charlotte Checkers,2,0,0,0,0.0,0,2,2025-2026,ahl,D,https://www.eliteprospects.com/player/300960/dennis-cesana,Dennis Cesana
Christian Fitzgerald (C/LW),Texas Stars,2,0,0,0,0.0,0,2,2025-2026,ahl,C/LW,manual_christian_fitzgerald_c,Christian Fitzgerald
Nick Leddy (D),San Jose Barracuda,1,0,1,1,1.0,0,1,2025-2026,ahl,D,https://www.eliteprospects.com/player/38067/nick-leddy,Nick Leddy
Matthew Savoie (C/W),Bakersfield Condors,1,0,1,1,1.0,0,-1,2025-2026,ahl,C/W,https://www.eliteprospects.com/player/476028/matthew-savoie,Matthew Savoie
Miroslav Holinka (C/W),Toronto Marlies,1,0,1,1,1.0,0,1,2025-2026,ahl,C/W,https://www.eliteprospects.com/player/795967/miroslav-holinka,Miroslav Holinka
Neil Shea (LW/RW),Colorado Eagles,1,0,1,1,1.0,0,-1,2025-2026,ahl,LW/RW,https://www.eliteprospects.com/player/353682/neil-shea,Neil Shea
Vinzenz Rohrer (C/RW),Laval Rocket,1,1,1,2,2.0,0,1,2025-2026,ahl,C/RW,https://www.eliteprospects.com/player/406803/vinzenz-rohrer,Vinzenz Rohrer
Chad Nychuk (D),Milwaukee Admirals,1,0,0,0,0.0,0,0,2025-2026,ahl,D,https://www.eliteprospects.com/player/351204/chad-nychuk,Chad Nychuk
Hayes Hundley (D),Toronto Marlies,1,0,0,0,0.0,0,-1,2025-2026,ahl,D,manual_hayes_hundley_d,Hayes Hundley
Chris Hedden (D),Colorado Eagles,1,0,0,0,0.0,0,-1,2025-2026,ahl,D,manual_chris_hedden_d,Chris Hedden
Mack Oliphant (D),San Jose Barracuda,1,0,0,0,0.0,0,1,2025-2026,ahl,D,manual_mack_oliphant_d,Mack Oliphant
Lachlan Getz (D),Springfield Thunderbirds,1,0,0,0,0.0,0,0,2025-2026,ahl,D,manual_lachlan_getz_d,Lachlan Getz
Luke Kunin (C/W),Charlotte Checkers,1,0,2,2,2.0,0,1,2025-2026,ahl,C/W,https://www.eliteprospects.com/player/245278/luke-kunin,Luke Kunin
Garrett Pyke (D),Hershey Bears,1,0,0,0,0.0,0,-1,2025-2026,ahl,D,https://www.eliteprospects.com/player/273731/garrett-pyke,Garrett Pyke
Ryan McCleary (D),Toronto Marlies,1,0,0,0,0.0,0,-1,2025-2026,ahl,D,https://www.eliteprospects.com/player/483627/ryan-mccleary,Ryan Mccleary
Max Graham (C/LW),Wilkes-Barre/Scranton Penguins,1,0,0,0,0.0,9,0,2025-2026,ahl,C/LW,manual_max_graham_c,Max Graham
Josh Eernisse (RW/C),Cleveland Monsters,1,0,0,0,0.0,0,0,2025-2026,ahl,RW/C,manual_josh_eernisse_rw,Josh Eernisse
Quinn Beauchesne (D),Wilkes-Barre/Scranton Penguins,1,0,0,0,0.0,0,0,2025-2026,ahl,D,manual_quinn_beauchesne_d,Quinn Beauchesne
Andre Anania (D),Milwaukee Admirals,1,0,0,0,0.0,0,1,2025-2026,ahl,D,https://www.eliteprospects.com/player/651956/andre-anania,Andre Anania
Nicklas Andrews (D),Grand Rapids Griffins,1,0,0,0,0.0,0,0,2025-2026,ahl,D,https://www.eliteprospects.com/player/359528/nicklas-andrews,Nicklas Andrews
Valtteri Piironen (D),Coachella Valley Firebirds,1,0,0,0,0.0,0,-2,2025-2026,ahl,D,manual_valtteri_piironen_d,Valtteri Piironen
Antonio Venuto (RW),Cleveland Monsters,1,0,0,0,0.0,0,0,2025-2026,ahl,RW,https://www.eliteprospects.com/player/283955/antonio-venuto,Antonio Venuto
Caleb Jones (D),Wilkes-Barre/Scranton Penguins,1,0,0,0,0.0,0,0,2025-2026,ahl,D,https://www.eliteprospects.com/player/199902/caleb-jones,Caleb Jones
Brent Johnson (D),Wilkes-Barre/Scranton Penguins,1,0,0,0,0.0,0,0,2025-2026,ahl,D,https://www.eliteprospects.com/player/512370/brent-johnson,Brent Johnson
Andrew Mangiapane (W/C),Bakersfield Condors,1,0,0,0,0.0,0,0,2025-2026,ahl,W/C,https://www.eliteprospects.com/player/223199/andrew-mangiapane,Andrew Mangiapane
Tyler Weiss (W/C),Chicago Wolves,1,0,0,0,0.0,0,-1,2025-2026,ahl,W/C,https://www.eliteprospects.com/player/355485/tyler-weiss,Tyler Weiss
Maxim Andreev (C/LW),Providence Bruins,1,0,0,0,0.0,0,-1,2025-2026,ahl,C/LW,https://www.eliteprospects.com/player/337975/maxim-andreev,Maxim Andreev
Drake Burgin (D),Coachella Valley Firebirds,1,0,0,0,0.0,0,-1,2025-2026,ahl,D,https://www.eliteprospects.com/player/483617/drake-burgin,Drake Burgin
Broten Sabo (D),Wilkes-Barre/Scranton Penguins,1,0,0,0,0.0,0,0,2025-2026,ahl,D,manual_broten_sabo_d,Broten Sabo
David Lewandowski (LW),Bakersfield Condors,1,0,1,1,1.0,0,1,2025-2026,ahl,LW,https://www.eliteprospects.com/player/810734/david-lewandowski,David Lewandowski
Zakhar Bardakov (C/LW),Colorado Eagles,1,1,0,1,1.0,0,1,2025-2026,ahl,C/LW,https://www.eliteprospects.com/player/292101/zakhar-bardakov,Zakhar Bardakov
Nathan Brown (C/LW),Belleville Senators,1,0,0,0,0.0,7,0,2025-2026,ahl,C/LW,manual_nathan_brown_c,Nathan Brown
Aiden Dubinsky (D),Laval Rocket,1,0,0,0,0.0,2,0,2025-2026,ahl,D,manual_aiden_dubinsky_d,Aiden Dubinsky
Tommy Budnick (D),Wilkes-Barre/Scranton Penguins,1,0,0,0,0.0,2,0,2025-2026,ahl,D,manual_tommy_budnick_d,Tommy Budnick
Daniil Prokhorov (RW),Bridgeport Islanders,1,0,0,0,0.0,0,0,2025-2026,ahl,RW,manual_daniil_prokhorov_rw,Daniil Prokhorov
Connor Mayer (D),Hershey Bears,1,1,0,1,1.0,0,1,2025-2026,ahl,D,https://www.eliteprospects.com/player/313508/connor-mayer,Connor Mayer
Will Gilson (D),Providence Bruins,0,0,0,0,0.0,0,0,2025-2026,ahl,D,manual_will_gilson_d,Will Gilson
Milton Gästrin (C/LW),Hershey Bears,0,0,0,0,0.0,0,0,2025-2026,ahl,C/LW,https://www.eliteprospects.com/player/797476/milton-gastrin,Milton Gastrin
Charlie Leddy (D),Utica Comets,0,0,0,0,0.0,0,0,2025-2026,ahl,D,manual_charlie_leddy_d,Charlie Leddy
Luke Reid (D),Utica Comets,0,0,0,0,0.0,0,0,2025-2026,ahl,D,https://www.eliteprospects.com/player/351751/luke-reid,Luke Reid
Grant Slukynsky (C),Ontario Reign,0,0,0,0,0.0,0,0,2025-2026,ahl,C,manual_grant_slukynsky_c,Grant Slukynsky
Jan Chovan (C/RW),Ontario Reign,0,0,0,0,0.0,0,0,2025-2026,ahl,C/RW,manual_jan_chovan_c,Jan Chovan
Jesse Nurmi (LW/RW),Bridgeport Islanders,0,0,0,0,0.0,0,0,2025-2026,ahl,LW/RW,https://www.eliteprospects.com/player/618610/jesse-nurmi,Jesse Nurmi
Brady Peddle (D),Wilkes-Barre/Scranton Penguins,0,0,0,0,0.0,0,0,2025-2026,ahl,D,manual_brady_peddle_d,Brady Peddle
Maleek McGowan (D),Wilkes-Barre/Scranton Penguins,0,0,0,0,0.0,0,0,2025-2026,ahl,D,manual_maleek_mcgowan_d,Maleek Mcgowan
Simon Tassy (F),Bakersfield Condors,0,0,0,0,0.0,0,0,2025-2026,ahl,F,manual_simon_tassy_f,Simon Tassy
Juha Jääskä (LW/RW),Chicago Wolves,0,0,0,0,0.0,0,0,2025-2026,ahl,LW/RW,https://www.eliteprospects.com/player/222123/juha-jaaska,Juha Jaaska
Erik Middendorf (LW/RW),Providence Bruins,0,0,0,0,0.0,0,0,2025-2026,ahl,LW/RW,https://www.eliteprospects.com/player/351001/erik-middendorf,Erik Middendorf
Joe Carroll (LW/RW),Rockford IceHogs,0,0,0,0,0.0,0,0,2025-2026,ahl,LW/RW,https://www.eliteprospects.com/player/336897/joe-carroll,Joe Carroll
Mats Lindgren (D),Bakersfield Condors,0,0,0,0,0.0,0,0,2025-2026,ahl,D,https://www.eliteprospects.com/player/635389/mats-lindgren,Mats Lindgren
Charlie Cerrato (C/LW),Chicago Wolves,0,0,0,0,0.0,0,0,2025-2026,ahl,C/LW,manual_charlie_cerrato_c,Charlie Cerrato
John Fusco (D),Hershey Bears,0,0,0,0,0.0,0,0,2025-2026,ahl,D,manual_john_fusco_d,John Fusco
Marco Mignosa (RW),Syracuse Crunch,0,0,0,0,0.0,0,0,2025-2026,ahl,RW,manual_marco_mignosa_rw,Marco Mignosa
Brady Martin (C),Milwaukee Admirals,0,0,0,0,0.0,0,0,2025-2026,ahl,C,manual_brady_martin_c,Brady Martin
Jérémie Biakabutuka (D),San Diego Gulls,0,0,0,0,0.0,0,0,2025-2026,ahl,D,https://www.eliteprospects.com/player/425664/jeremie-biakabutuka,Jeremie Biakabutuka
Kale Dach (C),Wilkes-Barre/Scranton Penguins,0,0,0,0,0.0,0,0,2025-2026,ahl,C,manual_kale_dach_c,Kale Dach
Kieron Walton (C/LW),Manitoba Moose,0,0,0,0,0.0,0,0,2025-2026,ahl,C/LW,https://www.eliteprospects.com/player/911130/kieron-walton,Kieron Walton
Leo Sahlin Wallenius (D),San Jose Barracuda,0,0,0,0,0.0,0,0,2025-2026,ahl,D,https://www.eliteprospects.com/player/618999/leo-sahlin-wallenius,Leo Sahlin Wallenius
Eric Pohlkamp (D),San Jose Barracuda,0,0,0,0,0.0,0,0,2025-2026,ahl,D,manual_eric_pohlkamp_d,Eric Pohlkamp
Gannon Laroque (D),Laval Rocket,0,0,0,0,0.0,0,0,2025-2026,ahl,D,https://www.eliteprospects.com/player/476541/gannon-laroque,Gannon Laroque
Max McCormick (LW/RW),Coachella Valley Firebirds,0,0,0,0,0.0,0,0,2025-2026,ahl,LW/RW,https://www.eliteprospects.com/player/90365/max-mccormick,Max Mccormick
Connor Kelley (D),Colorado Eagles,0,0,0,0,0.0,0,0,2025-2026,ahl,D,https://www.eliteprospects.com/player/495926/connor-kelley,Connor Kelley
Owen Griffin (C/RW),Cleveland Monsters,0,0,0,0,0.0,0,0,2025-2026,ahl,C/RW,manual_owen_griffin_c,Owen Griffin
Travis Hayes (RW),Wilkes-Barre/Scranton Penguins,0,0,0,0,0.0,0,0,2025-2026,ahl,RW,manual_travis_hayes_rw,Travis Hayes
Jordan Charron (RW),Wilkes-Barre/Scranton Penguins,0,0,0,0,0.0,0,0,2025-2026,ahl,RW,manual_jordan_charron_rw,Jordan Charron
Kevin He (LW),Manitoba Moose,0,0,0,0,0.0,0,0,2025-2026,ahl,LW,manual_kevin_he_lw,Kevin He
Jaydon Dureau (LW/RW),Manitoba Moose,0,0,0,0,0.0,0,0,2025-2026,ahl,LW/RW,https://www.eliteprospects.com/player/352026/jaydon-dureau,Jaydon Dureau
Aron Dahlqvist (D),Hershey Bears,0,0,0,0,0.0,0,0,2025-2026,ahl,D,https://www.eliteprospects.com/player/805267/aron-dahlqvist,Aron Dahlqvist
Aiden Foster (C),Syracuse Crunch,0,0,0,0,0.0,0,0,2025-2026,ahl,C,manual_aiden_foster_c,Aiden Foster
Petr Fridrich (LW/RW),HC Olomouc,52,21,11,32,0.62,20,2,2025-2026,czechia,LW/RW,https://www.eliteprospects.com/player/297893/petr-fridrich,Petr Fridrich
Andrej Nestrasil (RW/C),HC Ocelari Trinec,52,13,20,33,0.63,10,12,2025-2026,czechia,RW/C,https://www.eliteprospects.com/player/19353/andrej-nestrasil,Andrej Nestrasil
Libor Zábranský (D),HC Kometa Brno,52,18,15,33,0.63,14,10,2025-2026,czechia,D,https://www.eliteprospects.com/player/247245/libor-zabransky,Libor Zabransky
Anthony Nellis (C/LW),HC Vitkovice,52,25,22,47,0.9,30,0,2025-2026,czechia,C/LW,manual_anthony_nellis_c,Anthony Nellis
Ondrej Vala (D),Motor Ceske Budejovice,52,4,7,11,0.21,28,-1,2025-2026,czechia,D,https://www.eliteprospects.com/player/214331/ondrej-vala,Ondrej Vala
Trevor Cosgrove (D),HC Olomouc,52,4,15,19,0.37,28,-13,2025-2026,czechia,D,https://www.eliteprospects.com/player/277977/trevor-cosgrove,Trevor Cosgrove
Martin Marincin (D),HC Ocelari Trinec,52,3,6,9,0.17,24,14,2025-2026,czechia,D,https://www.eliteprospects.com/player/34750/martin-marincin,Martin Marincin
Jakub Lev (C/W),HC Plzen,52,6,3,9,0.17,51,-1,2025-2026,czechia,C/W,https://www.eliteprospects.com/player/27856/jakub-lev,Jakub Lev
Vit Jiskra (C/LW),HC Energie Karlovy Vary,52,5,12,17,0.33,12,-1,2025-2026,czechia,C/LW,https://www.eliteprospects.com/player/405774/vit-jiskra,Vit Jiskra
Denis Zeman (D),Bili Tygri Liberec,52,7,10,17,0.33,34,5,2025-2026,czechia,D,https://www.eliteprospects.com/player/319255/denis-zeman,Denis Zeman
Layton Ahac (D),Bili Tygri Liberec,52,1,11,12,0.23,22,11,2025-2026,czechia,D,https://www.eliteprospects.com/player/439814/layton-ahac,Layton Ahac
Filip Prikryl (C/LW),Motor Ceske Budejovice,52,10,16,26,0.5,26,1,2025-2026,czechia,C/LW,https://www.eliteprospects.com/player/348181/filip-prikryl,Filip Prikryl
Ville Petman (C/LW),HC Plzen,52,10,11,21,0.4,24,9,2025-2026,czechia,C/LW,https://www.eliteprospects.com/player/376190/ville-petman,Ville Petman
Adam Zboril (C/LW),HC Kometa Brno,52,9,20,29,0.56,20,0,2025-2026,czechia,C/LW,https://www.eliteprospects.com/player/82314/adam-zboril,Adam Zboril
Tomas Zohorna (C/LW),HC Kometa Brno,52,9,21,30,0.58,46,7,2025-2026,czechia,C/LW,https://www.eliteprospects.com/player/22772/tomas-zohorna,Tomas Zohorna
Michal Kovařčík (C/RW),HC Ocelari Trinec,52,12,19,31,0.6,14,16,2025-2026,czechia,C/RW,https://www.eliteprospects.com/player/159841/michal-kova%C5%99cik,Michal Kovarcik
Milos Roman (C),HC Ocelari Trinec,52,5,7,12,0.23,20,-7,2025-2026,czechia,C,https://www.eliteprospects.com/player/223844/milos-roman,Milos Roman
Kristaps Zile (D),Bili Tygri Liberec,52,6,6,12,0.23,41,8,2025-2026,czechia,D,https://www.eliteprospects.com/player/214261/kristaps-zile,Kristaps Zile
Dominik Simon (C/W),HC Plzen,52,7,11,18,0.35,20,5,2025-2026,czechia,C/W,https://www.eliteprospects.com/player/105831/dominik-simon,Dominik Simon
Theodor Pistek (RW/LW),HC Litvinov,52,12,3,15,0.29,24,-17,2025-2026,czechia,RW/LW,manual_theodor_pistek_rw,Theodor Pistek
Jiri Ondrusek (D),HC Olomouc,52,2,12,14,0.27,27,-11,2025-2026,czechia,D,https://www.eliteprospects.com/player/67529/jiri-ondrusek,Jiri Ondrusek
Lukas Strnad (RW),HC Plzen,52,11,5,16,0.31,10,5,2025-2026,czechia,RW,https://www.eliteprospects.com/player/527446/lukas-strnad,Lukas Strnad
Jan Mandát (C/LW),HC Dynamo Pardubice,52,9,14,23,0.44,33,15,2025-2026,czechia,C/LW,https://www.eliteprospects.com/player/101225/jan-mandat,Jan Mandat
Martin Ruzicka (RW/LW),HC Ocelari Trinec,52,9,10,19,0.37,10,-8,2025-2026,czechia,RW/LW,https://www.eliteprospects.com/player/23860/martin-ruzicka,Martin Ruzicka
Patrik Hrehorcak (LW),HC Ocelari Trinec,52,5,3,8,0.15,15,-2,2025-2026,czechia,LW,https://www.eliteprospects.com/player/234764/patrik-hrehorcak,Patrik Hrehorcak
Filip Pyrochta (D),BK Mladá Boleslav,52,4,15,19,0.37,10,-3,2025-2026,czechia,D,https://www.eliteprospects.com/player/130785/filip-pyrochta,Filip Pyrochta
Jan Schleiss (RW/LW),HC Plzen,52,5,14,19,0.37,20,9,2025-2026,czechia,RW/LW,https://www.eliteprospects.com/player/100476/jan-schleiss,Jan Schleiss
Jiří Cernoch (C/RW),HC Energie Karlovy Vary,52,15,25,40,0.77,57,-2,2025-2026,czechia,C/RW,https://www.eliteprospects.com/player/160502/ji%C5%99i-cernoch,Jiri Cernoch
Michael Spacek (C/RW),HC Sparta Praha,52,15,28,43,0.83,18,-3,2025-2026,czechia,C/RW,https://www.eliteprospects.com/player/199564/michael-spacek,Michael Spacek
Robert Lantosi (RW/C),Motor Ceske Budejovice,52,17,26,43,0.83,36,-4,2025-2026,czechia,RW/C,https://www.eliteprospects.com/player/162490/robert-lantosi,Robert Lantosi
Michal Gulasi (D),HC Kometa Brno,52,1,4,5,0.1,45,5,2025-2026,czechia,D,https://www.eliteprospects.com/player/23408/michal-gulasi,Michal Gulasi
Jasper Weatherby (C/LW),Bili Tygri Liberec,52,5,15,20,0.38,20,14,2025-2026,czechia,C/LW,https://www.eliteprospects.com/player/262799/jasper-weatherby,Jasper Weatherby
Marian Adamek (D),HC Ocelari Trinec,52,5,15,20,0.38,14,4,2025-2026,czechia,D,https://www.eliteprospects.com/player/185169/marian-adamek,Marian Adamek
Michal Ivan (D),Bili Tygri Liberec,52,2,5,7,0.13,20,-1,2025-2026,czechia,D,https://www.eliteprospects.com/player/335802/michal-ivan,Michal Ivan
David Musil (D),HC Ocelari Trinec,52,2,5,7,0.13,12,3,2025-2026,czechia,D,https://www.eliteprospects.com/player/23298/david-musil,David Musil
Filip Koffer (RW/LW),HC Energie Karlovy Vary,52,3,4,7,0.13,26,-8,2025-2026,czechia,RW/LW,https://www.eliteprospects.com/player/385137/filip-koffer,Filip Koffer
Jakub Lichtag (LW/RW),BK Mladá Boleslav,52,4,3,7,0.13,44,-7,2025-2026,czechia,LW/RW,https://www.eliteprospects.com/player/334469/jakub-lichtag,Jakub Lichtag
Adam Mechura (C/LW),HC Plzen,52,19,12,31,0.6,22,13,2025-2026,czechia,C/LW,https://www.eliteprospects.com/player/579284/adam-mechura,Adam Mechura
Simon Stransky (LW/C),HC Kometa Brno,52,8,24,32,0.62,26,-14,2025-2026,czechia,LW/C,https://www.eliteprospects.com/player/190268/simon-stransky,Simon Stransky
Patrik Demel (D),HC Vitkovice,52,1,6,7,0.13,18,0,2025-2026,czechia,D,https://www.eliteprospects.com/player/190262/patrik-demel,Patrik Demel
Pavel Kousal (LW/RW),HC Sparta Praha,52,17,17,34,0.65,28,10,2025-2026,czechia,LW/RW,https://www.eliteprospects.com/player/225310/pavel-kousal,Pavel Kousal
Oscar Flynn (LW),HC Ocelari Trinec,52,12,23,35,0.67,16,14,2025-2026,czechia,LW,https://www.eliteprospects.com/player/271741/oscar-flynn,Oscar Flynn
Daniel Audette (C/LW),Rytiri Kladno,52,12,24,36,0.69,40,-4,2025-2026,czechia,C/LW,https://www.eliteprospects.com/player/128505/daniel-audette,Daniel Audette
Adam Musil (C/LW),Bili Tygri Liberec,51,10,22,32,0.63,39,13,2025-2026,czechia,C/LW,https://www.eliteprospects.com/player/189422/adam-musil,Adam Musil
T.J. Melancon (D),Mountfield HK,51,11,13,24,0.47,12,-10,2025-2026,czechia,D,https://www.eliteprospects.com/player/232631/t.j.-melancon,Tj Melancon
Jakub Navrátil (LW),HC Olomouc,51,10,12,22,0.43,14,-17,2025-2026,czechia,LW,https://www.eliteprospects.com/player/247612/jakub-navratil,Jakub Navratil
Jan Stencel (D),Motor Ceske Budejovice,51,8,19,27,0.53,18,11,2025-2026,czechia,D,https://www.eliteprospects.com/player/101097/jan-stencel,Jan Stencel
Radan Lenc (LW/RW),Bili Tygri Liberec,51,24,13,37,0.73,42,11,2025-2026,czechia,LW/RW,https://www.eliteprospects.com/player/99493/radan-lenc,Radan Lenc
Libor Hudáček (RW/C),HC Ocelari Trinec,51,17,27,44,0.86,51,7,2025-2026,czechia,RW/C,https://www.eliteprospects.com/player/17727/libor-hudacek,Libor Hudacek
Evan Stella (D),HC Olomouc,51,0,6,6,0.12,14,-1,2025-2026,czechia,D,https://www.eliteprospects.com/player/349999/evan-stella,Evan Stella
Jan Sir (C/RW),Multiple Teams,51,3,1,4,0.08,9,-6,2025-2026,czechia,C/RW,https://www.eliteprospects.com/player/316647/jan-sir,Jan Sir
Lukas Radil (LW/RW),Mountfield HK,51,13,20,33,0.65,24,8,2025-2026,czechia,LW/RW,https://www.eliteprospects.com/player/22785/lukas-radil,Lukas Radil
Andrej Kollár (C/W),HC Kometa Brno,51,14,13,27,0.53,10,12,2025-2026,czechia,C/W,https://www.eliteprospects.com/player/269545/andrej-kollar,Andrej Kollar
Nick Olesen (W/C),Motor Ceske Budejovice,51,14,31,45,0.88,32,-10,2025-2026,czechia,W/C,https://www.eliteprospects.com/player/151079/nick-olesen,Nick Olesen
Petr Tomek (C),HC Energie Karlovy Vary,51,13,7,20,0.39,12,2,2025-2026,czechia,C,manual_petr_tomek_c,Petr Tomek
David Stastny (LW),HC Energie Karlovy Vary,51,10,15,25,0.49,24,3,2025-2026,czechia,LW,https://www.eliteprospects.com/player/163956/david-stastny,David Stastny
Ondrej Miklis (D),HC Dynamo Pardubice,51,4,2,6,0.12,64,5,2025-2026,czechia,D,https://www.eliteprospects.com/player/212935/ondrej-miklis,Ondrej Miklis
Ondrej Jurcik (W/C),HC Litvinov,51,5,1,6,0.12,16,0,2025-2026,czechia,W/C,https://www.eliteprospects.com/player/156466/ondrej-jurcik,Ondrej Jurcik
Pavel Novák (RW),Motor Ceske Budejovice,51,4,4,8,0.16,18,-5,2025-2026,czechia,RW,https://www.eliteprospects.com/player/428143/pavel-novak,Pavel Novak
Ondrej Matys (LW),HC Olomouc,51,10,10,20,0.39,14,-8,2025-2026,czechia,LW,https://www.eliteprospects.com/player/272395/ondrej-matys,Ondrej Matys
Martin Beránek (RW/LW),Motor Ceske Budejovice,51,7,10,17,0.33,73,-6,2025-2026,czechia,RW/LW,https://www.eliteprospects.com/player/386966/martin-beranek,Martin Beranek
Lukas Nahodil (C),HC Olomouc,51,9,8,17,0.33,26,-10,2025-2026,czechia,C,https://www.eliteprospects.com/player/33050/lukas-nahodil,Lukas Nahodil
Aleksi Rekonen (W/C),BK Mladá Boleslav,51,8,9,17,0.33,6,-19,2025-2026,czechia,W/C,https://www.eliteprospects.com/player/40382/aleksi-rekonen,Aleksi Rekonen
Adam Najman (C/LW),Bili Tygri Liberec,51,8,13,21,0.41,16,2,2025-2026,czechia,C/LW,https://www.eliteprospects.com/player/322588/adam-najman,Adam Najman
Aaron Irving (D),HC Sparta Praha,51,5,13,18,0.35,27,-1,2025-2026,czechia,D,https://www.eliteprospects.com/player/84245/aaron-irving,Aaron Irving
Markus Nenonen (LW/RW),Mountfield HK,51,10,13,23,0.45,16,-1,2025-2026,czechia,LW/RW,https://www.eliteprospects.com/player/58352/markus-nenonen,Markus Nenonen
David Moravec (D),HC Energie Karlovy Vary,51,2,15,17,0.33,8,0,2025-2026,czechia,D,https://www.eliteprospects.com/player/522532/david-moravec,David Moravec
Igor Merezhko (D),HC Plzen,51,5,12,17,0.33,44,16,2025-2026,czechia,D,https://www.eliteprospects.com/player/279991/igor-merezhko,Igor Merezhko
Matej Toman (LW/RW),Motor Ceske Budejovice,51,3,9,12,0.24,45,-2,2025-2026,czechia,LW/RW,https://www.eliteprospects.com/player/290471/matej-toman,Matej Toman
Petr Koblasa (RW),HC Litvinov,51,7,10,17,0.33,45,-18,2025-2026,czechia,RW,https://www.eliteprospects.com/player/100305/petr-koblasa,Petr Koblasa
Miguël Tourigny (D),HC Dynamo Pardubice,50,8,19,27,0.54,33,5,2025-2026,czechia,D,https://www.eliteprospects.com/player/201910/miguel-tourigny,Miguel Tourigny
Jakub Flek (LW/RW),HC Kometa Brno,50,24,20,44,0.88,4,-1,2025-2026,czechia,LW/RW,https://www.eliteprospects.com/player/171406/jakub-flek,Jakub Flek
Martin Jandus (D),Rytiri Kladno,50,1,5,6,0.12,38,-6,2025-2026,czechia,D,https://www.eliteprospects.com/player/236651/martin-jandus,Martin Jandus
Martin Skärberg (D),BK Mladá Boleslav,50,1,6,7,0.14,16,-9,2025-2026,czechia,D,https://www.eliteprospects.com/player/568656/martin-skarberg,Martin Skarberg
Filip Sandberg (C/RW),Bili Tygri Liberec,50,8,26,34,0.68,16,11,2025-2026,czechia,C/RW,https://www.eliteprospects.com/player/33931/filip-sandberg,Filip Sandberg
Jindrich Abdul (RW/LW),HC Vitkovice,50,16,22,38,0.76,35,-11,2025-2026,czechia,RW/LW,https://www.eliteprospects.com/player/159845/jindrich-abdul,Jindrich Abdul
Kristian Pospisil (LW),HC Kometa Brno,50,14,29,43,0.86,44,11,2025-2026,czechia,LW,https://www.eliteprospects.com/player/187822/kristian-pospisil,Kristian Pospisil
Jachym Kondelik (C/W),HC Dynamo Pardubice,50,12,20,32,0.64,20,10,2025-2026,czechia,C/W,https://www.eliteprospects.com/player/271580/jachym-kondelik,Jachym Kondelik
Samuel Vigneault (C),Rytiri Kladno,50,12,12,24,0.48,28,-5,2025-2026,czechia,C,https://www.eliteprospects.com/player/151163/samuel-vigneault,Samuel Vigneault
Nicolas Hlava (LW/RW),HC Litvinov,50,10,7,17,0.34,34,-11,2025-2026,czechia,LW/RW,https://www.eliteprospects.com/player/172306/nicolas-hlava,Nicolas Hlava
Niko Ojamäki (RW),Rytiri Kladno,50,13,16,29,0.58,6,3,2025-2026,czechia,RW,https://www.eliteprospects.com/player/66785/niko-ojamaki,Niko Ojamaki
Jan Hladonik (C/W),HC Vitkovice,50,10,6,16,0.32,18,-3,2025-2026,czechia,C/W,https://www.eliteprospects.com/player/236757/jan-hladonik,Jan Hladonik
Filip Jansa (LW),Bili Tygri Liberec,50,8,5,13,0.26,20,2,2025-2026,czechia,LW,https://www.eliteprospects.com/player/473707/filip-jansa,Filip Jansa
Silvester Kusko (C/LW),HC Olomouc,50,4,12,16,0.32,21,5,2025-2026,czechia,C/LW,https://www.eliteprospects.com/player/150085/silvester-kusko,Silvester Kusko
Jaromír Pérez (LW/RW),Bili Tygri Liberec,50,9,10,19,0.38,16,6,2025-2026,czechia,LW/RW,https://www.eliteprospects.com/player/715792/jaromir-perez,Jaromir Perez
Renars Krastenbergs (C/LW),HC Olomouc,50,10,13,23,0.46,16,-15,2025-2026,czechia,C/LW,https://www.eliteprospects.com/player/280633/renars-krastenbergs,Renars Krastenbergs
Martin Fasko-Rudas (RW/LW),Bili Tygri Liberec,50,11,12,23,0.46,16,1,2025-2026,czechia,RW/LW,https://www.eliteprospects.com/player/342120/martin-fasko-rudas,Martin Faskorudas
Vojtech Lednicky (LW/RW),HC Vitkovice,50,4,4,8,0.16,8,-12,2025-2026,czechia,LW/RW,https://www.eliteprospects.com/player/322600/vojtech-lednicky,Vojtech Lednicky
Kelly Klima (RW),Rytiri Kladno,50,14,16,30,0.6,34,-4,2025-2026,czechia,RW,https://www.eliteprospects.com/player/283907/kelly-klima,Kelly Klima
Daniel Malák (D),HC Plzen,50,3,6,9,0.18,54,8,2025-2026,czechia,D,https://www.eliteprospects.com/player/472427/daniel-malak,Daniel Malak
Jakub Orsava (LW/RW),HC Olomouc,50,11,14,25,0.5,24,1,2025-2026,czechia,LW/RW,https://www.eliteprospects.com/player/34798/jakub-orsava,Jakub Orsava
Jakub Galvas (D),HC Ocelari Trinec,50,4,14,18,0.36,22,20,2025-2026,czechia,D,https://www.eliteprospects.com/player/236429/jakub-galvas,Jakub Galvas
Roman Vráblík (D),Motor Ceske Budejovice,50,4,10,14,0.28,20,1,2025-2026,czechia,D,https://www.eliteprospects.com/player/66760/roman-vrablik,Roman Vrablik
Martins Dzierkals (LW/RW),HC Sparta Praha,50,7,8,15,0.3,30,1,2025-2026,czechia,LW/RW,https://www.eliteprospects.com/player/239362/martins-dzierkals,Martins Dzierkals
Filip Pavlík (D),BK Mladá Boleslav,50,3,11,14,0.28,4,-9,2025-2026,czechia,D,https://www.eliteprospects.com/player/70387/filip-pavlik,Filip Pavlik
Mark Pysyk (D),HC Sparta Praha,50,6,15,21,0.42,28,25,2025-2026,czechia,D,https://www.eliteprospects.com/player/23154/mark-pysyk,Mark Pysyk
Jakub Kos (LW/C),HC Kometa Brno,50,5,5,10,0.2,16,-6,2025-2026,czechia,LW/C,https://www.eliteprospects.com/player/522505/jakub-kos,Jakub Kos
Griffin Mendel (D),Rytiri Kladno,50,4,12,16,0.32,8,2,2025-2026,czechia,D,https://www.eliteprospects.com/player/299146/griffin-mendel,Griffin Mendel
Milos Kelemen (RW/LW),HC Dynamo Pardubice,49,6,7,13,0.27,66,12,2025-2026,czechia,RW/LW,https://www.eliteprospects.com/player/272381/milos-kelemen,Milos Kelemen
Hynek Zohorna (RW/C),HC Kometa Brno,49,17,10,27,0.55,18,11,2025-2026,czechia,RW/C,https://www.eliteprospects.com/player/28129/hynek-zohorna,Hynek Zohorna
Lukas Sedlak (C/LW),HC Dynamo Pardubice,49,17,35,52,1.06,31,24,2025-2026,czechia,C/LW,https://www.eliteprospects.com/player/56037/lukas-sedlak,Lukas Sedlak
Jan Ordos (RW/LW),Motor Ceske Budejovice,49,13,10,23,0.47,16,-1,2025-2026,czechia,RW/LW,https://www.eliteprospects.com/player/160503/jan-ordos,Jan Ordos
Petr Zámorský (D),HC Plzen,49,11,17,28,0.57,14,2,2025-2026,czechia,D,https://www.eliteprospects.com/player/70391/petr-zamorsky,Petr Zamorsky
Petr Hasek (C),Mountfield HK,49,2,3,5,0.1,33,-6,2025-2026,czechia,C,https://www.eliteprospects.com/player/428171/petr-hasek,Petr Hasek
David Cienciala (LW/C),HC Ocelari Trinec,49,8,12,20,0.41,10,-8,2025-2026,czechia,LW/C,https://www.eliteprospects.com/player/211718/david-cienciala,David Cienciala
Martin Kohout (LW),Mountfield HK,49,11,15,26,0.53,56,10,2025-2026,czechia,LW,https://www.eliteprospects.com/player/127529/martin-kohout,Martin Kohout
Radovan Pavlik (LW/RW),Mountfield HK,49,14,10,24,0.49,31,14,2025-2026,czechia,LW/RW,https://www.eliteprospects.com/player/191041/radovan-pavlik,Radovan Pavlik
Petr Gewiese (D),BK Mladá Boleslav,49,1,4,5,0.1,39,-1,2025-2026,czechia,D,https://www.eliteprospects.com/player/160421/petr-gewiese,Petr Gewiese
Jakub Doktor (LW/RW),HC Olomouc,49,3,1,4,0.08,12,-7,2025-2026,czechia,LW/RW,https://www.eliteprospects.com/player/190166/jakub-doktor,Jakub Doktor
Connor Bunnaman (C/LW),Mountfield HK,49,5,7,12,0.24,26,1,2025-2026,czechia,C/LW,https://www.eliteprospects.com/player/267790/connor-bunnaman,Connor Bunnaman
Phil Pietroniro (D),Rytiri Kladno,48,5,13,18,0.38,26,0,2025-2026,czechia,D,https://www.eliteprospects.com/player/151799/phil-pietroniro,Phil Pietroniro
Jakub Konecny (C),Rytiri Kladno,48,6,4,10,0.21,2,-2,2025-2026,czechia,C,https://www.eliteprospects.com/player/404124/jakub-konecny,Jakub Konecny
Patrik Poulicek (C),HC Dynamo Pardubice,48,3,6,9,0.19,53,-2,2025-2026,czechia,C,https://www.eliteprospects.com/player/176358/patrik-poulicek,Patrik Poulicek
Mikko Petman (RW),HC Plzen,48,13,15,28,0.58,38,12,2025-2026,czechia,RW,https://www.eliteprospects.com/player/376191/mikko-petman,Mikko Petman
Janis Jaks (D),HC Energie Karlovy Vary,48,10,15,25,0.52,30,-9,2025-2026,czechia,D,https://www.eliteprospects.com/player/52413/janis-jaks,Janis Jaks
Filip Chlapík (C/LW),HC Sparta Praha,48,21,30,51,1.06,32,5,2025-2026,czechia,C/LW,https://www.eliteprospects.com/player/157524/filip-chlapik,Filip Chlapik
Radim Ferda (F),HC Kometa Brno,48,1,7,8,0.17,4,-7,2025-2026,czechia,F,https://www.eliteprospects.com/player/216106/radim-ferda,Radim Ferda
Lukas Andel (C),HC Olomouc,48,2,6,8,0.17,2,-16,2025-2026,czechia,C,https://www.eliteprospects.com/player/191805/lukas-andel,Lukas Andel
Dalimil Mikyska (D),HC Energie Karlovy Vary,48,0,12,12,0.25,12,7,2025-2026,czechia,D,https://www.eliteprospects.com/player/214925/dalimil-mikyska,Dalimil Mikyska
Kevin Czuczman (D),HC Litvinov,48,1,8,9,0.19,32,-7,2025-2026,czechia,D,https://www.eliteprospects.com/player/75939/kevin-czuczman,Kevin Czuczman
Krystof Hrabik (C/W),Multiple Teams,48,9,3,12,0.25,65,3,2025-2026,czechia,C/W,https://www.eliteprospects.com/player/236308/krystof-hrabik,Krystof Hrabik
Tomas Bartejs (D),HC Kometa Brno,48,0,3,3,0.06,24,-14,2025-2026,czechia,D,https://www.eliteprospects.com/player/156434/tomas-bartejs,Tomas Bartejs
Jakub Sirota (D),HC Sparta Praha,48,3,10,13,0.27,24,2,2025-2026,czechia,D,https://www.eliteprospects.com/player/247606/jakub-sirota,Jakub Sirota
Tomas Fort (C),BK Mladá Boleslav,47,14,10,24,0.51,16,6,2025-2026,czechia,C,https://www.eliteprospects.com/player/102440/tomas-fort,Tomas Fort
Marek Daloga (D),HC Kometa Brno,47,1,7,8,0.17,14,1,2025-2026,czechia,D,https://www.eliteprospects.com/player/11855/marek-daloga,Marek Daloga
Marek Kalus (LW),HC Vitkovice,47,11,14,25,0.53,56,0,2025-2026,czechia,LW,https://www.eliteprospects.com/player/56044/marek-kalus,Marek Kalus
Rhett Holland (D),HC Kometa Brno,47,2,4,6,0.13,29,6,2025-2026,czechia,D,https://www.eliteprospects.com/player/44972/rhett-holland,Rhett Holland
Tomas Cibulka (D),Motor Ceske Budejovice,47,7,15,22,0.47,35,-10,2025-2026,czechia,D,https://www.eliteprospects.com/player/600884/tomas-cibulka,Tomas Cibulka
Adam Polasek (D),HC Litvinov,47,3,9,12,0.26,30,-1,2025-2026,czechia,D,https://www.eliteprospects.com/player/34799/adam-polasek,Adam Polasek
Radim Simek (D),Bili Tygri Liberec,47,5,9,14,0.3,6,14,2025-2026,czechia,D,https://www.eliteprospects.com/player/160567/radim-simek,Radim Simek
Pavol Skalický (C/RW),BK Mladá Boleslav,47,6,9,15,0.32,31,-2,2025-2026,czechia,C/RW,https://www.eliteprospects.com/player/172229/pavol-skalicky,Pavol Skalicky
Pavel Pýcha (D),Motor Ceske Budejovice,47,3,10,13,0.28,24,-5,2025-2026,czechia,D,https://www.eliteprospects.com/player/153310/pavel-pycha,Pavel Pycha
Jakub Pour (RW),Mountfield HK,47,10,6,16,0.34,27,-1,2025-2026,czechia,RW,https://www.eliteprospects.com/player/272413/jakub-pour,Jakub Pour
Martin Procházka (RW/LW),Rytiri Kladno,47,4,8,12,0.26,14,0,2025-2026,czechia,RW/LW,https://www.eliteprospects.com/player/100470/martin-prochazka,Martin Prochazka
Jan Bambula (LW),Multiple Teams,47,7,11,18,0.38,21,-1,2025-2026,czechia,LW,https://www.eliteprospects.com/player/297660/jan-bambula,Jan Bambula
Michal Hrádek (D),Multiple Teams,47,1,2,3,0.06,17,4,2025-2026,czechia,D,https://www.eliteprospects.com/player/472420/michal-hradek,Michal Hradek
Vojtech Malinek (C),BK Mladá Boleslav,47,1,2,3,0.06,15,-11,2025-2026,czechia,C,https://www.eliteprospects.com/player/527444/vojtech-malinek,Vojtech Malinek
Ondrej Prochazka (LW),Multiple Teams,47,5,9,14,0.3,39,-19,2025-2026,czechia,LW,https://www.eliteprospects.com/player/216089/ondrej-prochazka,Ondrej Prochazka
Jan Scotka (D),HC Kometa Brno,47,4,12,16,0.34,52,5,2025-2026,czechia,D,https://www.eliteprospects.com/player/130953/jan-scotka,Jan Scotka
Matteo Kočí (D),HC Energie Karlovy Vary,47,4,12,16,0.34,28,-3,2025-2026,czechia,D,https://www.eliteprospects.com/player/786985/matteo-koci,Matteo Koci
Nick Jones (C/RW),HC Energie Karlovy Vary,46,13,18,31,0.67,14,0,2025-2026,czechia,C/RW,https://www.eliteprospects.com/player/63266/nick-jones,Nick Jones
Miroslav Forman (RW),Rytiri Kladno,46,4,14,18,0.39,20,-1,2025-2026,czechia,RW,https://www.eliteprospects.com/player/109389/miroslav-forman,Miroslav Forman
Tomas Dvorak (D),HC Dynamo Pardubice,46,2,2,4,0.09,40,10,2025-2026,czechia,D,https://www.eliteprospects.com/player/189591/tomas-dvorak,Tomas Dvorak
Adrian Holesinsky (RW/C),Multiple Teams,46,5,15,20,0.43,41,3,2025-2026,czechia,RW/C,https://www.eliteprospects.com/player/164878/adrian-holesinsky,Adrian Holesinsky
Tomas Vondracek (LW),HC Dynamo Pardubice,46,10,5,15,0.33,24,3,2025-2026,czechia,LW,https://www.eliteprospects.com/player/77408/tomas-vondracek,Tomas Vondracek
Lukas Cingel (C),HC Kometa Brno,46,9,6,15,0.33,12,-6,2025-2026,czechia,C,https://www.eliteprospects.com/player/43855/lukas-cingel,Lukas Cingel
Matej Mastalirsky (LW/RW),HC Litvinov,46,9,8,17,0.37,14,-7,2025-2026,czechia,LW/RW,https://www.eliteprospects.com/player/864840/matej-mastalirsky,Matej Mastalirsky
Vojtěch Husinecký (D),HC Litvinov,46,1,2,3,0.07,12,-9,2025-2026,czechia,D,https://www.eliteprospects.com/player/689789/vojtech-husinecky,Vojtech Husinecky
Jan Kostalek (D),HC Dynamo Pardubice,46,16,27,43,0.93,26,9,2025-2026,czechia,D,https://www.eliteprospects.com/player/100867/jan-kostalek,Jan Kostalek
Tommi Kivistö (D),Mountfield HK,46,0,4,4,0.09,51,14,2025-2026,czechia,D,https://www.eliteprospects.com/player/16045/tommi-kivisto,Tommi Kivisto
David Vitouch (C/LW),Multiple Teams,46,2,6,8,0.17,4,2,2025-2026,czechia,C/LW,https://www.eliteprospects.com/player/388095/david-vitouch,David Vitouch
Tomas Kundratek (D),HC Ocelari Trinec,46,0,8,8,0.17,12,-18,2025-2026,czechia,D,https://www.eliteprospects.com/player/13651/tomas-kundratek,Tomas Kundratek
Jaroslav Broz (RW),HC Litvinov,46,4,6,10,0.22,31,-2,2025-2026,czechia,RW,https://www.eliteprospects.com/player/297874/jaroslav-broz,Jaroslav Broz
Tomas Hyka (RW),HC Sparta Praha,46,7,15,22,0.48,16,4,2025-2026,czechia,RW,https://www.eliteprospects.com/player/56035/tomas-hyka,Tomas Hyka
Matyas Filip (C),HC Plzen,46,13,13,26,0.57,10,11,2025-2026,czechia,C,https://www.eliteprospects.com/player/279064/matyas-filip,Matyas Filip
Roberts Mamcics (D),HC Energie Karlovy Vary,46,0,8,8,0.17,43,-5,2025-2026,czechia,D,https://www.eliteprospects.com/player/91123/roberts-mamcics,Roberts Mamcics
Tomas Cerny (D),HC Olomouc,45,2,6,8,0.18,26,0,2025-2026,czechia,D,https://www.eliteprospects.com/player/197957/tomas-cerny,Tomas Cerny
Ondrej Najman (C/LW),Multiple Teams,45,3,7,10,0.22,20,-7,2025-2026,czechia,C/LW,https://www.eliteprospects.com/player/161353/ondrej-najman,Ondrej Najman
Ondřej Beránek (LW/RW),HC Energie Karlovy Vary,45,18,14,32,0.71,22,-5,2025-2026,czechia,LW/RW,https://www.eliteprospects.com/player/212199/ond%C5%99ej-beranek,Ondrej Beranek
Jan Ekrt (C),HC Kometa Brno,45,0,2,2,0.04,6,-6,2025-2026,czechia,C,https://www.eliteprospects.com/player/645765/jan-ekrt,Jan Ekrt
Ville Lajunen (D),HC Plzen,45,6,16,22,0.49,8,2,2025-2026,czechia,D,https://www.eliteprospects.com/player/9895/ville-lajunen,Ville Lajunen
Haralds Egle (C/RW),HC Energie Karlovy Vary,45,9,15,24,0.53,16,-5,2025-2026,czechia,C/RW,https://www.eliteprospects.com/player/91128/haralds-egle,Haralds Egle
Ivo Sedláček (F),HC Plzen,45,2,5,7,0.16,28,-2,2025-2026,czechia,F,https://www.eliteprospects.com/player/579261/ivo-sedlacek,Ivo Sedlacek
Tristen Robins (C),Rytiri Kladno,45,18,17,35,0.78,22,2,2025-2026,czechia,C,https://www.eliteprospects.com/player/286940/tristen-robins,Tristen Robins
Krzysztof Macias (LW/RW),HC Vitkovice,45,7,5,12,0.27,17,2,2025-2026,czechia,LW/RW,https://www.eliteprospects.com/player/560664/krzysztof-macias,Krzysztof Macias
Martin Rysavy (LW),Multiple Teams,45,6,4,10,0.22,41,-14,2025-2026,czechia,LW,https://www.eliteprospects.com/player/522440/martin-rysavy,Martin Rysavy
Radek Pilař (F/D),Mountfield HK,44,0,4,4,0.09,8,7,2025-2026,czechia,F/D,https://www.eliteprospects.com/player/191118/radek-pila%C5%99,Radek Pilar
Chad Yetman (C/RW),HC Vitkovice,44,14,21,35,0.8,12,2,2025-2026,czechia,C/RW,https://www.eliteprospects.com/player/416850/chad-yetman,Chad Yetman
John Ludvig (D),HC Dynamo Pardubice,44,3,10,13,0.3,93,13,2025-2026,czechia,D,https://www.eliteprospects.com/player/350236/john-ludvig,John Ludvig
David Nemecek (D),HC Sparta Praha,44,3,3,6,0.14,92,-1,2025-2026,czechia,D,https://www.eliteprospects.com/player/101143/david-nemecek,David Nemecek
Richard Nedomlel (D),HC Ocelari Trinec,44,1,4,5,0.11,16,-7,2025-2026,czechia,D,https://www.eliteprospects.com/player/79399/richard-nedomlel,Richard Nedomlel
Michal Repik (RW),HC Sparta Praha,44,15,20,35,0.8,20,13,2025-2026,czechia,RW,https://www.eliteprospects.com/player/10481/michal-%C5%98epik,Michal Repik
Matus Sukel (C),HC Litvinov,44,10,11,21,0.48,53,-11,2025-2026,czechia,C,https://www.eliteprospects.com/player/177055/matus-sukel,Matus Sukel
Michal Vitouch (F),HC Sparta Praha,44,2,4,6,0.14,18,-2,2025-2026,czechia,F,https://www.eliteprospects.com/player/559540/michal-vitouch,Michal Vitouch
Patrik Miskar (C),Mountfield HK,44,7,12,19,0.43,28,10,2025-2026,czechia,C,https://www.eliteprospects.com/player/161906/patrik-miskar,Patrik Miskar
Jaromir Pytlik (C/RW),Bili Tygri Liberec,44,10,16,26,0.59,31,17,2025-2026,czechia,C/RW,https://www.eliteprospects.com/player/318885/jaromir-pytlik,Jaromir Pytlik
Jakub Jeřábek (D),HC Plzen,44,2,6,8,0.18,41,7,2025-2026,czechia,D,https://www.eliteprospects.com/player/33045/jakub-je%C5%99abek,Jakub Jerabek
Jan Buchtele (LW),BK Mladá Boleslav,44,12,11,23,0.52,10,-3,2025-2026,czechia,LW,https://www.eliteprospects.com/player/33049/jan-buchtele,Jan Buchtele
Stuart Percy (D),HC Plzen,44,2,13,15,0.34,10,11,2025-2026,czechia,D,https://www.eliteprospects.com/player/45602/stuart-percy,Stuart Percy
Jakub Krejčík (D),HC Sparta Praha,44,3,23,26,0.59,46,12,2025-2026,czechia,D,https://www.eliteprospects.com/player/98156/jakub-krejcik,Jakub Krejcik
Libor Hájek (D),HC Dynamo Pardubice,44,6,7,13,0.3,41,6,2025-2026,czechia,D,https://www.eliteprospects.com/player/195023/libor-hajek,Libor Hajek
Matej Kaslik (C/LW),Motor Ceske Budejovice,44,2,3,5,0.11,4,-6,2025-2026,czechia,C/LW,https://www.eliteprospects.com/player/528530/matej-kaslik,Matej Kaslik
Devin Shore (C),HC Sparta Praha,44,18,14,32,0.73,8,12,2025-2026,czechia,C,https://www.eliteprospects.com/player/149937/devin-shore,Devin Shore
Patrik Zdráhal (LW/RW),Multiple Teams,44,6,9,15,0.34,6,-5,2025-2026,czechia,LW/RW,https://www.eliteprospects.com/player/101252/patrik-zdrahal,Patrik Zdrahal
Karel Plasek (LW),HC Olomouc,43,12,6,18,0.42,4,-14,2025-2026,czechia,LW,https://www.eliteprospects.com/player/272426/karel-plasek,Karel Plasek
Vojtěch Hradec (C),BK Mladá Boleslav,43,4,4,8,0.19,12,-12,2025-2026,czechia,C,https://www.eliteprospects.com/player/657751/vojtech-hradec,Vojtech Hradec
Dalibor Reznicek (D),HC Olomouc,43,1,5,6,0.14,14,-3,2025-2026,czechia,D,https://www.eliteprospects.com/player/93411/dalibor-reznicek,Dalibor Reznicek
Petr Senkerik (D),Multiple Teams,43,2,8,10,0.23,35,-3,2025-2026,czechia,D,https://www.eliteprospects.com/player/34802/petr-senkerik,Petr Senkerik
Markus Hännikäinen (LW/RW),HC Litvinov,43,7,11,18,0.42,12,-13,2025-2026,czechia,LW/RW,https://www.eliteprospects.com/player/45426/markus-hannikainen,Markus Hannikainen
Adam Raska (RW/LW),HC Sparta Praha,43,2,6,8,0.19,76,6,2025-2026,czechia,RW/LW,https://www.eliteprospects.com/player/298159/adam-raska,Adam Raska
Ondrej Kovarcik (LW),HC Ocelari Trinec,43,13,14,27,0.63,14,5,2025-2026,czechia,LW,https://www.eliteprospects.com/player/34794/ondrej-kovarcik,Ondrej Kovarcik
Robert Kousal (C/LW),HC Dynamo Pardubice,43,4,9,13,0.3,12,2,2025-2026,czechia,C/LW,https://www.eliteprospects.com/player/18093/robert-kousal,Robert Kousal
Roman Cervenka (C/LW),HC Dynamo Pardubice,43,19,41,60,1.4,28,26,2025-2026,czechia,C/LW,https://www.eliteprospects.com/player/15130/roman-cervenka,Roman Cervenka
Dominik Masin (D),HC Sparta Praha,43,3,12,15,0.35,49,20,2025-2026,czechia,D,https://www.eliteprospects.com/player/127501/dominik-masin,Dominik Masin
Ales Jergl (RW),Mountfield HK,43,12,14,26,0.6,12,2,2025-2026,czechia,RW,https://www.eliteprospects.com/player/176147/ales-jergl,Ales Jergl
Marek Hrivík (C/LW),HC Vitkovice,42,6,18,24,0.57,16,-2,2025-2026,czechia,C/LW,https://www.eliteprospects.com/player/17726/marek-hrivik,Marek Hrivik
Adam Bares (F),Rytiri Kladno,42,6,1,7,0.17,2,-6,2025-2026,czechia,F,https://www.eliteprospects.com/player/158059/adam-bares,Adam Bares
Michal Plutnar (D),HC Litvinov,42,1,5,6,0.14,24,-5,2025-2026,czechia,D,https://www.eliteprospects.com/player/100457/michal-plutnar,Michal Plutnar
Samuel Knazko (D),HC Vitkovice,42,2,13,15,0.36,20,-5,2025-2026,czechia,D,https://www.eliteprospects.com/player/423667/samuel-knazko,Samuel Knazko
Daniel Kurovsky (LW),HC Ocelari Trinec,42,11,9,20,0.48,56,-5,2025-2026,czechia,LW,https://www.eliteprospects.com/player/190237/daniel-kurovsky,Daniel Kurovsky
Ondrej Psenicka (RW),HC Plzen,42,3,2,5,0.12,18,2,2025-2026,czechia,RW,manual_ondrej_psenicka_rw,Ondrej Psenicka
Jakub Minárik (C),HC Energie Karlovy Vary,42,10,5,15,0.36,16,-7,2025-2026,czechia,C,https://www.eliteprospects.com/player/332980/jakub-minarik,Jakub Minarik
Martin Hanzl (C),HC Vitkovice,41,7,4,11,0.27,8,-13,2025-2026,czechia,C,https://www.eliteprospects.com/player/188836/martin-hanzl,Martin Hanzl
Daniel Gazda (D),HC Dynamo Pardubice,41,6,12,18,0.44,10,3,2025-2026,czechia,D,https://www.eliteprospects.com/player/236805/daniel-gazda,Daniel Gazda
Tomas Tomek (D),Rytiri Kladno,41,2,9,11,0.27,16,10,2025-2026,czechia,D,https://www.eliteprospects.com/player/472565/tomas-tomek,Tomas Tomek
Adam Kubík (LW),Multiple Teams,41,7,11,18,0.44,8,-8,2025-2026,czechia,LW,https://www.eliteprospects.com/player/195020/adam-kubik,Adam Kubik
Michal Houdek (D),Rytiri Kladno,41,1,2,3,0.07,31,-7,2025-2026,czechia,D,https://www.eliteprospects.com/player/317747/michal-houdek,Michal Houdek
Jakub Zboril (D),HC Vitkovice,41,1,9,10,0.24,79,-11,2025-2026,czechia,D,https://www.eliteprospects.com/player/112379/jakub-zboril,Jakub Zboril
Patrik Koch (D),HC Ocelari Trinec,41,1,7,8,0.2,30,-1,2025-2026,czechia,D,https://www.eliteprospects.com/player/112388/patrik-koch,Patrik Koch
David Mudrak (D),Mountfield HK,41,4,9,13,0.32,51,3,2025-2026,czechia,D,https://www.eliteprospects.com/player/388238/david-mudrak,David Mudrak
Niko Seppälä (D),HC Sparta Praha,41,2,4,6,0.15,52,3,2025-2026,czechia,D,https://www.eliteprospects.com/player/277059/niko-seppala,Niko Seppala
Antonín Melka (LW/C),Rytiri Kladno,41,0,7,7,0.17,47,-11,2025-2026,czechia,LW/C,https://www.eliteprospects.com/player/34808/antonin-melka,Antonin Melka
Vojtech Port (D),HC Vitkovice,41,0,2,2,0.05,10,-6,2025-2026,czechia,D,manual_vojtech_port_d,Vojtech Port
Jan Závora (C),BK Mladá Boleslav,41,1,0,1,0.02,6,-4,2025-2026,czechia,C,https://www.eliteprospects.com/player/425792/jan-zavora,Jan Zavora
Petr Hauser (RW/LW),HC Vitkovice,41,3,7,10,0.24,16,2,2025-2026,czechia,RW/LW,https://www.eliteprospects.com/player/527493/petr-hauser,Petr Hauser
Michal Teplý (LW/RW),HC Plzen,40,7,15,22,0.55,4,6,2025-2026,czechia,LW/RW,https://www.eliteprospects.com/player/290470/michal-teply,Michal Teply
Ondrej Kachyna (D),Motor Ceske Budejovice,40,4,4,8,0.2,30,5,2025-2026,czechia,D,https://www.eliteprospects.com/player/224601/ondrej-kachyna,Ondrej Kachyna
Filip Suchý (LW/C),BK Mladá Boleslav,40,0,1,1,0.03,31,-3,2025-2026,czechia,LW/C,https://www.eliteprospects.com/player/215541/filip-suchy,Filip Suchy
Radim Salda (D),HC Plzen,40,0,7,7,0.18,18,8,2025-2026,czechia,D,https://www.eliteprospects.com/player/225136/radim-salda,Radim Salda
Simon Kubicek (D),Multiple Teams,40,2,1,3,0.08,30,-2,2025-2026,czechia,D,https://www.eliteprospects.com/player/356490/simon-kubicek,Simon Kubicek
Marek Zachar (C/W),Bili Tygri Liberec,40,2,5,7,0.18,0,2,2025-2026,czechia,C/W,https://www.eliteprospects.com/player/196093/marek-zachar,Marek Zachar
Jordann Perret (RW),Mountfield HK,40,6,11,17,0.43,29,5,2025-2026,czechia,RW,https://www.eliteprospects.com/player/99556/jordann-perret,Jordann Perret
Tory Dello (D),HC Energie Karlovy Vary,40,1,9,10,0.25,14,4,2025-2026,czechia,D,https://www.eliteprospects.com/player/196789/tory-dello,Tory Dello
Roman Horák (C),HC Sparta Praha,40,17,14,31,0.78,10,5,2025-2026,czechia,C,https://www.eliteprospects.com/player/18089/roman-horak,Roman Horak
Vladimír Dravecký (LW/D),HC Ocelari Trinec,39,2,3,5,0.13,31,-2,2025-2026,czechia,LW/D,https://www.eliteprospects.com/player/12404/vladimir-dravecky,Vladimir Dravecky
Kevin Klima (LW/C),Mountfield HK,39,7,18,25,0.64,58,9,2025-2026,czechia,LW/C,https://www.eliteprospects.com/player/283908/kevin-klima,Kevin Klima
Steve Moses (RW),Multiple Teams,39,6,10,16,0.41,10,5,2025-2026,czechia,RW,https://www.eliteprospects.com/player/38086/steve-moses,Steve Moses
Robin Sapousek (C),HC Energie Karlovy Vary,39,2,5,7,0.18,4,-1,2025-2026,czechia,C,https://www.eliteprospects.com/player/579263/robin-sapousek,Robin Sapousek
Quinn Schmiemann (D),HC Litvinov,39,0,3,3,0.08,52,-11,2025-2026,czechia,D,https://www.eliteprospects.com/player/352013/quinn-schmiemann,Quinn Schmiemann
Christophe Lalancette (C),HC Plzen,38,8,23,31,0.82,10,9,2025-2026,czechia,C,https://www.eliteprospects.com/player/88659/christophe-lalancette,Christophe Lalancette
Michael Vukojevic (D),Mountfield HK,38,2,5,7,0.18,28,14,2025-2026,czechia,D,https://www.eliteprospects.com/player/418533/michael-vukojevic,Michael Vukojevic
Servác Petrovský (C/RW),Bili Tygri Liberec,38,11,5,16,0.42,16,7,2025-2026,czechia,C/RW,https://www.eliteprospects.com/player/527429/servac-petrovsky,Servac Petrovsky
Viliam Cacho (C),HC Olomouc,38,7,12,19,0.5,39,2,2025-2026,czechia,C,https://www.eliteprospects.com/player/228326/viliam-cacho,Viliam Cacho
Pawel Zygmunt (RW),HC Litvinov,37,2,4,6,0.16,15,1,2025-2026,czechia,RW,https://www.eliteprospects.com/player/315536/pawel-zygmunt,Pawel Zygmunt
Stepan Hoch (LW),Motor Ceske Budejovice,37,2,4,6,0.16,12,-5,2025-2026,czechia,LW,https://www.eliteprospects.com/player/872952/stepan-hoch,Stepan Hoch
Alex Lintuniemi (D),BK Mladá Boleslav,37,1,6,7,0.19,14,-14,2025-2026,czechia,D,https://www.eliteprospects.com/player/50668/alex-lintuniemi,Alex Lintuniemi
Maxim Cajkovic (RW),HC Litvinov,37,4,8,12,0.32,26,-13,2025-2026,czechia,RW,https://www.eliteprospects.com/player/291308/maxim-cajkovic,Maxim Cajkovic
Josef Mysak (D),HC Energie Karlovy Vary,37,4,5,9,0.24,50,-1,2025-2026,czechia,D,manual_josef_mysak_d,Josef Mysak
Frantisek Gajdos (D),HC Litvinov,37,0,5,5,0.14,16,-13,2025-2026,czechia,D,https://www.eliteprospects.com/player/495698/frantisek-gajdos,Frantisek Gajdos
Josef Jícha (C/LW),HC Litvinov,37,2,2,4,0.11,41,-14,2025-2026,czechia,C/LW,https://www.eliteprospects.com/player/196172/josef-jicha,Josef Jicha
Filip Král (D),HC Kometa Brno,37,2,13,15,0.41,12,0,2025-2026,czechia,D,https://www.eliteprospects.com/player/247241/filip-kral,Filip Kral
Frantisek Rehak (C/LW),HC Vitkovice,36,2,3,5,0.14,16,-3,2025-2026,czechia,C/LW,https://www.eliteprospects.com/player/297876/frantisek-rehak,Frantisek Rehak
Tomas Mazura (C),Multiple Teams,35,7,4,11,0.31,37,-14,2025-2026,czechia,C,https://www.eliteprospects.com/player/297692/tomas-mazura,Tomas Mazura
Peter Ceresnak (D),HC Dynamo Pardubice,34,7,12,19,0.56,10,4,2025-2026,czechia,D,https://www.eliteprospects.com/player/66434/peter-ceresnak,Peter Ceresnak
Jakub Lauko (C/W),HC Dynamo Pardubice,34,10,12,22,0.65,45,16,2025-2026,czechia,C/W,https://www.eliteprospects.com/player/273830/jakub-lauko,Jakub Lauko
Dominik Lakatos (RW),BK Mladá Boleslav,34,9,10,19,0.56,44,2,2025-2026,czechia,RW,https://www.eliteprospects.com/player/195562/dominik-lakatos,Dominik Lakatos
Tomas Havlin (D),BK Mladá Boleslav,33,0,0,0,0.0,14,-11,2025-2026,czechia,D,https://www.eliteprospects.com/player/130741/tomas-havlin,Tomas Havlin
Rok Macuh (C/LW),HC Olomouc,33,6,3,9,0.27,47,-6,2025-2026,czechia,C/LW,https://www.eliteprospects.com/player/174256/rok-macuh,Rok Macuh
Joe Leahy (D),HC Vitkovice,33,3,9,12,0.36,22,4,2025-2026,czechia,D,https://www.eliteprospects.com/player/240521/joe-leahy,Joe Leahy
Ondrej Kase (RW),HC Litvinov,33,8,17,25,0.76,14,-13,2025-2026,czechia,RW,https://www.eliteprospects.com/player/165006/ondrej-kase,Ondrej Kase
Brant Harris (C/RW),Motor Ceske Budejovice,33,13,14,27,0.82,18,-4,2025-2026,czechia,C/RW,https://www.eliteprospects.com/player/49262/brant-harris,Brant Harris
Oskar Lisler (LW/RW),Rytiri Kladno,33,3,7,10,0.3,4,-2,2025-2026,czechia,LW/RW,manual_oskar_lisler_lw,Oskar Lisler
Marko Dano (LW/C),HC Ocelari Trinec,33,14,7,21,0.64,64,0,2025-2026,czechia,LW/C,https://www.eliteprospects.com/player/94946/marko-dano,Marko Dano
Martin Pláněk (D),Mountfield HK,33,1,2,3,0.09,8,8,2025-2026,czechia,D,https://www.eliteprospects.com/player/50603/martin-planek,Martin Planek
Vladimír Sobotka (C/LW),HC Dynamo Pardubice,32,4,7,11,0.34,20,-1,2025-2026,czechia,C/LW,https://www.eliteprospects.com/player/9227/vladimir-sobotka,Vladimir Sobotka
Ralfs Freibergs (D),HC Vitkovice,32,0,4,4,0.13,22,3,2025-2026,czechia,D,https://www.eliteprospects.com/player/28754/ralfs-freibergs,Ralfs Freibergs
Tomas Galvas (D),Bili Tygri Liberec,32,8,16,24,0.75,10,16,2025-2026,czechia,D,https://www.eliteprospects.com/player/738866/tomas-galvas,Tomas Galvas
Alex Rasner (D),HC Olomouc,31,0,3,3,0.1,8,-9,2025-2026,czechia,D,https://www.eliteprospects.com/player/101861/alex-rasner,Alex Rasner
Tomas Chlubna (RW),Motor Ceske Budejovice,31,2,0,2,0.06,4,-1,2025-2026,czechia,RW,https://www.eliteprospects.com/player/404090/tomas-chlubna,Tomas Chlubna
Ondrej Blaha (LW),Multiple Teams,31,1,1,2,0.06,8,-4,2025-2026,czechia,LW,https://www.eliteprospects.com/player/271922/ondrej-blaha,Ondrej Blaha
Petr Vrána (C),HC Ocelari Trinec,31,1,1,2,0.06,8,-2,2025-2026,czechia,C,https://www.eliteprospects.com/player/9633/petr-vrana,Petr Vrana
Dávid Gríger (C/RW),BK Mladá Boleslav,31,7,7,14,0.45,26,-2,2025-2026,czechia,C/RW,https://www.eliteprospects.com/player/96439/david-griger,David Griger
Marek Baránek (D),Multiple Teams,31,1,2,3,0.1,24,-12,2025-2026,czechia,D,https://www.eliteprospects.com/player/212354/marek-baranek,Marek Baranek
Michal Bulir (C/LW),Motor Ceske Budejovice,31,8,11,19,0.61,8,5,2025-2026,czechia,C/LW,https://www.eliteprospects.com/player/59211/michal-bulir,Michal Bulir
Matej Pribyl (C/LW),HC Vitkovice,31,1,5,6,0.19,21,-1,2025-2026,czechia,C/LW,https://www.eliteprospects.com/player/527447/matej-pribyl,Matej Pribyl
Alex Tamasi (C),Mountfield HK,31,8,13,21,0.68,10,7,2025-2026,czechia,C,https://www.eliteprospects.com/player/274251/alex-tamasi,Alex Tamasi
Vojtech Budik (D),HC Vitkovice,30,0,2,2,0.07,6,-16,2025-2026,czechia,D,https://www.eliteprospects.com/player/201615/vojtech-budik,Vojtech Budik
Wyatte Wylie (D),Rytiri Kladno,30,2,7,9,0.3,6,-1,2025-2026,czechia,D,https://www.eliteprospects.com/player/300071/wyatte-wylie,Wyatte Wylie
Denis Kusý (LW/RW),Mountfield HK,30,2,3,5,0.17,8,-5,2025-2026,czechia,LW/RW,https://www.eliteprospects.com/player/213486/denis-kusy,Denis Kusy
Milan Doudera (D),Motor Ceske Budejovice,30,0,6,6,0.2,10,-5,2025-2026,czechia,D,https://www.eliteprospects.com/player/56032/milan-doudera,Milan Doudera
Carl Berglund (C/LW),BK Mladá Boleslav,29,2,4,6,0.21,8,-8,2025-2026,czechia,C/LW,https://www.eliteprospects.com/player/330886/carl-berglund,Carl Berglund
Adam Lukosik (LW),HC Energie Karlovy Vary,29,1,4,5,0.17,49,-8,2025-2026,czechia,LW,https://www.eliteprospects.com/player/513356/adam-lukosik,Adam Lukosik
Yohann Auvitu (D),HC Vitkovice,29,0,1,1,0.03,8,1,2025-2026,czechia,D,https://www.eliteprospects.com/player/11949/yohann-auvitu,Yohann Auvitu
Danny Chludil (LW),HC Kometa Brno,29,1,1,2,0.07,31,1,2025-2026,czechia,LW,https://www.eliteprospects.com/player/679688/danny-chludil,Danny Chludil
Jakub Strnad (LW),Multiple Teams,29,0,2,2,0.07,4,-5,2025-2026,czechia,LW,https://www.eliteprospects.com/player/40241/jakub-strnad,Jakub Strnad
Ondrej Dlapa (D),Mountfield HK,28,0,1,1,0.04,4,-5,2025-2026,czechia,D,https://www.eliteprospects.com/player/88156/ondrej-dlapa,Ondrej Dlapa
David Kase (W/C),HC Litvinov,28,6,10,16,0.57,6,-13,2025-2026,czechia,W/C,https://www.eliteprospects.com/player/158842/david-kase,David Kase
Graeme McCormack (D),Mountfield HK,28,3,10,13,0.46,8,7,2025-2026,czechia,D,https://www.eliteprospects.com/player/40111/graeme-mccormack,Graeme Mccormack
Markuss Komuls (D),HC Litvinov,28,2,8,10,0.36,8,2,2025-2026,czechia,D,https://www.eliteprospects.com/player/217795/markuss-komuls,Markuss Komuls
Bohumil Jank (D),Multiple Teams,28,2,1,3,0.11,8,1,2025-2026,czechia,D,https://www.eliteprospects.com/player/34791/bohumil-jank,Bohumil Jank
Daniel Ministr (F),HC Olomouc,27,1,1,2,0.07,6,-10,2025-2026,czechia,F,https://www.eliteprospects.com/player/427998/daniel-ministr,Daniel Ministr
Vojtech Cihar (LW),HC Energie Karlovy Vary,27,4,4,8,0.3,8,-2,2025-2026,czechia,LW,https://www.eliteprospects.com/player/690449/vojtech-cihar,Vojtech Cihar
Patrik Brůna (D),HC Vitkovice,27,0,4,4,0.15,2,-5,2025-2026,czechia,D,https://www.eliteprospects.com/player/148748/patrik-br%C5%AFna,Patrik Bruna
Josef Kolacek (C),Motor Ceske Budejovice,27,5,6,11,0.41,2,5,2025-2026,czechia,C,https://www.eliteprospects.com/player/472278/josef-kolacek,Josef Kolacek
David Aubrecht (D),Bili Tygri Liberec,26,1,1,2,0.08,10,2,2025-2026,czechia,D,https://www.eliteprospects.com/player/297729/david-aubrecht,David Aubrecht
Axel Holmström (C),HC Litvinov,26,6,6,12,0.46,6,-10,2025-2026,czechia,C,https://www.eliteprospects.com/player/86320/axel-holmstrom,Axel Holmstrom
David Moravec (LW),HC Kometa Brno,25,1,2,3,0.12,2,3,2025-2026,czechia,LW,manual_david_moravec_lw,David Moravec
Michal Gut (C),HC Litvinov,25,2,1,3,0.12,18,-1,2025-2026,czechia,C,https://www.eliteprospects.com/player/428162/michal-gut,Michal Gut
Ondrej Balaz (D),HC Litvinov,25,0,2,2,0.08,0,-5,2025-2026,czechia,D,https://www.eliteprospects.com/player/472400/ondrej-balaz,Ondrej Balaz
Adam Rutar (D),HC Olomouc,24,2,3,5,0.21,10,-7,2025-2026,czechia,D,https://www.eliteprospects.com/player/428094/adam-rutar,Adam Rutar
Adam Janosik (D),BK Mladá Boleslav,24,1,5,6,0.25,14,1,2025-2026,czechia,D,https://www.eliteprospects.com/player/34749/adam-janosik,Adam Janosik
Jan Eberle (W/C),HC Sparta Praha,24,1,2,3,0.13,8,3,2025-2026,czechia,W/C,https://www.eliteprospects.com/player/11618/jan-eberle,Jan Eberle
Petr Sikora (C),HC Ocelari Trinec,24,3,6,9,0.38,8,-6,2025-2026,czechia,C,https://www.eliteprospects.com/player/864708/petr-sikora,Petr Sikora
Jan Stransky (RW/LW),HC Dynamo Pardubice,23,1,4,5,0.22,2,-3,2025-2026,czechia,RW/LW,https://www.eliteprospects.com/player/18091/jan-stransky,Jan Stransky
Tomas Vandas (D),Rytiri Kladno,23,0,4,4,0.17,10,-4,2025-2026,czechia,D,https://www.eliteprospects.com/player/776956/tomas-vandas,Tomas Vandas
David Skurek (D),HC Olomouc,22,0,0,0,0.0,16,-8,2025-2026,czechia,D,https://www.eliteprospects.com/player/176165/david-skurek,David Skurek
Petr Kalina (D),Mountfield HK,22,0,2,2,0.09,0,6,2025-2026,czechia,D,https://www.eliteprospects.com/player/216082/petr-kalina,Petr Kalina
Jérémie Blain (D),Rytiri Kladno,22,2,6,8,0.36,20,0,2025-2026,czechia,D,https://www.eliteprospects.com/player/37074/jeremie-blain,Jeremie Blain
Ales Cech (D),BK Mladá Boleslav,22,1,2,3,0.14,18,-2,2025-2026,czechia,D,https://www.eliteprospects.com/player/527438/ales-cech,Ales Cech
Jan Sprynar (RW),HC Litvinov,21,1,0,1,0.05,0,-1,2025-2026,czechia,RW,https://www.eliteprospects.com/player/721706/jan-sprynar,Jan Sprynar
Matej Kubiesa (RW),HC Ocelari Trinec,21,4,1,5,0.24,2,1,2025-2026,czechia,RW,https://www.eliteprospects.com/player/619071/matej-kubiesa,Matej Kubiesa
David Kvasnicka (D),HC Plzen,21,0,2,2,0.1,4,6,2025-2026,czechia,D,https://www.eliteprospects.com/player/236494/david-kvasnicka,David Kvasnicka
Dusan Zovinec (D),Rytiri Kladno,20,6,1,7,0.35,14,0,2025-2026,czechia,D,manual_dusan_zovinec_d,Dusan Zovinec
Nino Tomov (D),HC Sparta Praha,20,0,3,3,0.15,6,-4,2025-2026,czechia,D,https://www.eliteprospects.com/player/641504/nino-tomov,Nino Tomov
Josh Wesley (D),HC Vitkovice,20,3,5,8,0.4,25,7,2025-2026,czechia,D,https://www.eliteprospects.com/player/189578/josh-wesley,Josh Wesley
Tomas Filippi (C),Bili Tygri Liberec,20,4,7,11,0.55,10,-2,2025-2026,czechia,C,https://www.eliteprospects.com/player/70379/tomas-filippi,Tomas Filippi
Jan Piskacek (D),Rytiri Kladno,19,0,1,1,0.05,14,-3,2025-2026,czechia,D,https://www.eliteprospects.com/player/13571/jan-piskacek,Jan Piskacek
Robin Kaplan (LW/RW),HC Dynamo Pardubice,19,0,0,0,0.0,4,-4,2025-2026,czechia,LW/RW,https://www.eliteprospects.com/player/428100/robin-kaplan,Robin Kaplan
Oskars Batna (C/LW),Mountfield HK,19,2,0,2,0.11,12,-3,2025-2026,czechia,C/LW,https://www.eliteprospects.com/player/52426/oskars-batna,Oskars Batna
Lucas Edmonds (RW/LW),HC Vitkovice,18,3,6,9,0.5,2,-3,2025-2026,czechia,RW/LW,https://www.eliteprospects.com/player/418530/lucas-edmonds,Lucas Edmonds
Rayen Petrovický (D),HC Olomouc,18,2,5,7,0.39,4,-5,2025-2026,czechia,D,https://www.eliteprospects.com/player/561820/rayen-petrovicky,Rayen Petrovicky
Marcel Marcel (LW/RW),Rytiri Kladno,17,2,6,8,0.47,39,6,2025-2026,czechia,LW/RW,https://www.eliteprospects.com/player/559520/marcel-marcel,Marcel Marcel
Hunter Fejes (LW),HC Dynamo Pardubice,17,2,2,4,0.24,6,1,2025-2026,czechia,LW,https://www.eliteprospects.com/player/106299/hunter-fejes,Hunter Fejes
Ondrej Rohlik (LW),HC Plzen,17,2,5,7,0.41,2,1,2025-2026,czechia,LW,https://www.eliteprospects.com/player/385141/ondrej-rohlik,Ondrej Rohlik
Martin Kaut (RW),HC Dynamo Pardubice,17,5,5,10,0.59,0,3,2025-2026,czechia,RW,https://www.eliteprospects.com/player/237068/martin-kaut,Martin Kaut
Matej Gardon (LW),BK Mladá Boleslav,16,0,1,1,0.06,4,-8,2025-2026,czechia,LW,https://www.eliteprospects.com/player/94060/matej-gardon,Matej Gardon
Ondrej Hrabik (F),HC Sparta Praha,16,0,1,1,0.06,2,0,2025-2026,czechia,F,https://www.eliteprospects.com/player/579208/ondrej-hrabik,Ondrej Hrabik
Simon Marha (F),Mountfield HK,16,1,0,1,0.06,4,-2,2025-2026,czechia,F,manual_simon_marha_f,Simon Marha
Kristian Vesalainen (W/C),HC Sparta Praha,16,3,1,4,0.25,4,-3,2025-2026,czechia,W/C,https://www.eliteprospects.com/player/222125/kristian-vesalainen,Kristian Vesalainen
Jaroslav Vlach (LW),Bili Tygri Liberec,15,3,2,5,0.33,10,5,2025-2026,czechia,LW,https://www.eliteprospects.com/player/40997/jaroslav-vlach,Jaroslav Vlach
Matyas Humenik (RW),Motor Ceske Budejovice,15,0,0,0,0.0,0,0,2025-2026,czechia,RW,https://www.eliteprospects.com/player/872943/matyas-humenik,Matyas Humenik
Tomas Redlich (W),HC Energie Karlovy Vary,14,3,0,3,0.21,4,-2,2025-2026,czechia,W,https://www.eliteprospects.com/player/174605/tomas-redlich,Tomas Redlich
Miks Indrasis (LW/RW),BK Mladá Boleslav,14,0,1,1,0.07,6,-2,2025-2026,czechia,LW/RW,https://www.eliteprospects.com/player/18106/miks-indrasis,Miks Indrasis
Jiri Smejkal (LW/C),HC Dynamo Pardubice,14,4,5,9,0.64,2,0,2025-2026,czechia,LW/C,https://www.eliteprospects.com/player/159844/jiri-smejkal,Jiri Smejkal
Dominik Hrnicko (RW/LW),HC Dynamo Pardubice,14,1,3,4,0.29,0,-3,2025-2026,czechia,RW/LW,https://www.eliteprospects.com/player/211929/dominik-hrnicko,Dominik Hrnicko
Frantisek Formanek (RW/LW),HC Dynamo Pardubice,14,0,0,0,0.0,2,-1,2025-2026,czechia,RW/LW,https://www.eliteprospects.com/player/615564/frantisek-formanek,Frantisek Formanek
Ronald Knot (D),HC Sparta Praha,14,1,2,3,0.21,4,-1,2025-2026,czechia,D,https://www.eliteprospects.com/player/100443/ronald-knot,Ronald Knot
Karel Krepelka (D),BK Mladá Boleslav,14,1,1,2,0.14,12,-2,2025-2026,czechia,D,https://www.eliteprospects.com/player/522361/karel-krepelka,Karel Krepelka
Lukas Kachlir (D),Bili Tygri Liberec,13,0,0,0,0.0,0,0,2025-2026,czechia,D,manual_lukas_kachlir_d,Lukas Kachlir
Carsen Twarynski (LW/RW),HC Dynamo Pardubice,13,1,2,3,0.23,8,-2,2025-2026,czechia,LW/RW,https://www.eliteprospects.com/player/107898/carsen-twarynski,Carsen Twarynski
Kristians Rubins (D),HC Plzen,12,0,1,1,0.08,2,1,2025-2026,czechia,D,https://www.eliteprospects.com/player/207726/kristians-rubins,Kristians Rubins
Michal Hartl (C/W),HC Kometa Brno,12,0,1,1,0.08,0,-5,2025-2026,czechia,C/W,manual_michal_hartl_c,Michal Hartl
Matyas Vana (C),HC Energie Karlovy Vary,12,1,1,2,0.17,0,-3,2025-2026,czechia,C,https://www.eliteprospects.com/player/733410/matyas-vana,Matyas Vana
Tomas Hanousek (D),Bili Tygri Liberec,12,0,3,3,0.25,2,2,2025-2026,czechia,D,https://www.eliteprospects.com/player/278910/tomas-hanousek,Tomas Hanousek
Jakub Klepis (C/RW),Multiple Teams,11,2,1,3,0.27,4,-2,2025-2026,czechia,C/RW,https://www.eliteprospects.com/player/9609/jakub-klepis,Jakub Klepis
Simon Fasner (C/LW),HC Vitkovice,11,2,1,3,0.27,2,-1,2025-2026,czechia,C/LW,https://www.eliteprospects.com/player/899359/simon-fasner,Simon Fasner
Daniel Hercik (RW/LW),HC Dynamo Pardubice,11,0,0,0,0.0,0,-1,2025-2026,czechia,RW/LW,https://www.eliteprospects.com/player/522470/daniel-hercik,Daniel Hercik
Jakub Hujer (LW/C),Bili Tygri Liberec,11,0,0,0,0.0,6,1,2025-2026,czechia,LW/C,https://www.eliteprospects.com/player/620757/jakub-hujer,Jakub Hujer
Branden Troock (RW),HC Vitkovice,11,1,1,2,0.18,2,-8,2025-2026,czechia,RW,https://www.eliteprospects.com/player/51702/branden-troock,Branden Troock
Radek Koblizek (RW/LW),BK Mladá Boleslav,11,0,3,3,0.27,0,-3,2025-2026,czechia,RW/LW,https://www.eliteprospects.com/player/195021/radek-koblizek,Radek Koblizek
Tomas Urban (C/LW),HC Dynamo Pardubice,10,0,0,0,0.0,2,-4,2025-2026,czechia,C/LW,https://www.eliteprospects.com/player/472319/tomas-urban,Tomas Urban
Arttu Ilomäki (C/RW),HC Kometa Brno,10,0,1,1,0.1,4,-1,2025-2026,czechia,C/RW,https://www.eliteprospects.com/player/40572/arttu-ilomaki,Arttu Ilomaki
Tomas Pavelka (D),Mountfield HK,10,0,1,1,0.1,2,-1,2025-2026,czechia,D,https://www.eliteprospects.com/player/100224/tomas-pavelka,Tomas Pavelka
Matěj Pekař (C/LW),HC Dynamo Pardubice,10,2,1,3,0.3,0,0,2025-2026,czechia,C/LW,https://www.eliteprospects.com/player/271642/matej-peka%C5%99,Matej Pekar
Brendan O'Donnell (W/C),HC Kometa Brno,9,1,0,1,0.11,6,-1,2025-2026,czechia,W/C,https://www.eliteprospects.com/player/40229/brendan-o-donnell,Brendan Odonnell
Marcel Barinka (C),Rytiri Kladno,9,0,1,1,0.11,2,-3,2025-2026,czechia,C,https://www.eliteprospects.com/player/290462/marcel-barinka,Marcel Barinka
Filip Novák (F),HC Sparta Praha,9,0,0,0,0.0,0,-1,2025-2026,czechia,F,manual_filip_novak_f,Filip Novak
Adam Rulík (D),Multiple Teams,9,0,0,0,0.0,6,4,2025-2026,czechia,D,https://www.eliteprospects.com/player/193937/adam-rulik,Adam Rulik
Denis Svoboda (D),HC Kometa Brno,9,0,0,0,0.0,0,-1,2025-2026,czechia,D,https://www.eliteprospects.com/player/732015/denis-svoboda,Denis Svoboda
Adam Vlasák (D),BK Mladá Boleslav,9,0,1,1,0.11,4,-1,2025-2026,czechia,D,https://www.eliteprospects.com/player/795639/adam-vlasak,Adam Vlasak
Mikael Seppälä (D),HC Sparta Praha,9,0,1,1,0.11,4,-1,2025-2026,czechia,D,https://www.eliteprospects.com/player/77382/mikael-seppala,Mikael Seppala
Jakub Valsky (LW/RW),Motor Ceske Budejovice,8,0,1,1,0.13,4,-1,2025-2026,czechia,LW/RW,https://www.eliteprospects.com/player/22710/jakub-valsky,Jakub Valsky
Matej Prcik (D),HC Vitkovice,8,1,1,2,0.25,0,0,2025-2026,czechia,D,https://www.eliteprospects.com/player/527419/matej-prcik,Matej Prcik
Jiri Pospisil (F),HC Sparta Praha,8,0,0,0,0.0,2,-2,2025-2026,czechia,F,https://www.eliteprospects.com/player/691429/jiri-pospisil,Jiri Pospisil
Krystof Dyk (D),HC Energie Karlovy Vary,7,0,0,0,0.0,4,0,2025-2026,czechia,D,https://www.eliteprospects.com/player/917820/krystof-dyk,Krystof Dyk
David Silhan (LW/RW),HC Energie Karlovy Vary,7,0,0,0,0.0,2,0,2025-2026,czechia,LW/RW,manual_david_silhan_lw,David Silhan
Petr Ton (F),HC Sparta Praha,7,0,0,0,0.0,0,-4,2025-2026,czechia,F,https://www.eliteprospects.com/player/559505/petr-ton,Petr Ton
Daniel Rákos (C),HC Dynamo Pardubice,7,0,0,0,0.0,2,2,2025-2026,czechia,C,https://www.eliteprospects.com/player/10479/daniel-rakos,Daniel Rakos
Patrik Král (F),BK Mladá Boleslav,7,0,0,0,0.0,0,-1,2025-2026,czechia,F,https://www.eliteprospects.com/player/657750/patrik-kral,Patrik Kral
Lukas Kovar (D),Mountfield HK,6,0,0,0,0.0,8,-3,2025-2026,czechia,D,https://www.eliteprospects.com/player/97235/lukas-kovar,Lukas Kovar
Jani Lajunen (C),HC Sparta Praha,6,1,3,4,0.67,2,3,2025-2026,czechia,C,https://www.eliteprospects.com/player/15653/jani-lajunen,Jani Lajunen
Filip Kutak (C),HC Sparta Praha,6,0,0,0,0.0,0,-1,2025-2026,czechia,C,https://www.eliteprospects.com/player/211114/filip-kutak,Filip Kutak
Jonas Bednarik (F),HC Litvinov,6,0,0,0,0.0,0,1,2025-2026,czechia,F,manual_jonas_bednarik_f,Jonas Bednarik
Jakub Lev (F),Motor Ceske Budejovice,6,0,0,0,0.0,0,0,2025-2026,czechia,F,manual_jakub_lev_f,Jakub Lev
Jaromír Jágr (RW),Rytiri Kladno,6,0,1,1,0.17,10,-7,2025-2026,czechia,RW,https://www.eliteprospects.com/player/8627/jaromir-jagr,Jaromir Jagr
Adam Boltvan (LW/RW),HC Kometa Brno,5,0,0,0,0.0,2,-1,2025-2026,czechia,LW/RW,https://www.eliteprospects.com/player/641560/adam-boltvan,Adam Boltvan
Jan Jurny (D),HC Kometa Brno,5,0,0,0,0.0,0,0,2025-2026,czechia,D,manual_jan_jurny_d,Jan Jurny
Michal Moravcik (D),HC Litvinov,5,0,3,3,0.6,4,-3,2025-2026,czechia,D,https://www.eliteprospects.com/player/128619/michal-moravcik,Michal Moravcik
Pavel Musil (C/W),BK Mladá Boleslav,5,0,1,1,0.2,0,1,2025-2026,czechia,C/W,https://www.eliteprospects.com/player/160040/pavel-musil,Pavel Musil
Tadeas Beroun (D),HC Kometa Brno,5,0,1,1,0.2,2,-1,2025-2026,czechia,D,manual_tadeas_beroun_d,Tadeas Beroun
Petr Kolmann (D),Bili Tygri Liberec,5,1,1,2,0.4,4,2,2025-2026,czechia,D,https://www.eliteprospects.com/player/28502/petr-kolmann,Petr Kolmann
Martin Stohanzl (C),Mountfield HK,4,0,0,0,0.0,0,1,2025-2026,czechia,C,https://www.eliteprospects.com/player/236237/martin-stohanzl,Martin Stohanzl
Jan Zdráhal (D),HC Kometa Brno,4,0,0,0,0.0,0,-1,2025-2026,czechia,D,https://www.eliteprospects.com/player/72690/jan-zdrahal,Jan Zdrahal
David Sykora (D),Mountfield HK,4,0,0,0,0.0,2,2,2025-2026,czechia,D,manual_david_sykora_d,David Sykora
Jakub Malý (F),HC Kometa Brno,4,0,0,0,0.0,2,-1,2025-2026,czechia,F,https://www.eliteprospects.com/player/323444/jakub-maly,Jakub Maly
Vasyl Spilka (LW),Bili Tygri Liberec,4,0,0,0,0.0,0,-1,2025-2026,czechia,LW,manual_vasyl_spilka_lw,Vasyl Spilka
Tobias Pastor (C),HC Energie Karlovy Vary,4,0,0,0,0.0,0,-1,2025-2026,czechia,C,manual_tobias_pastor_c,Tobias Pastor
Jakub Sedivy (D),Bili Tygri Liberec,4,0,0,0,0.0,0,0,2025-2026,czechia,D,https://www.eliteprospects.com/player/522345/jakub-sedivy,Jakub Sedivy
Jan Bernovský (RW),HC Vitkovice,3,1,1,2,0.67,0,2,2025-2026,czechia,RW,https://www.eliteprospects.com/player/319227/jan-bernovsky,Jan Bernovsky
Vít Macek (LW/RW),HC Dynamo Pardubice,3,0,1,1,0.33,0,0,2025-2026,czechia,LW/RW,https://www.eliteprospects.com/player/690442/vit-macek,Vit Macek
Martin Matejicek (D),Rytiri Kladno,3,0,0,0,0.0,0,-3,2025-2026,czechia,D,https://www.eliteprospects.com/player/98157/martin-matejicek,Martin Matejicek
Sebastian Malat (C/LW),HC Energie Karlovy Vary,3,0,0,0,0.0,0,0,2025-2026,czechia,C/LW,https://www.eliteprospects.com/player/427983/sebastian-malat,Sebastian Malat
Marek Chvátal (D/F),HC Olomouc,3,0,0,0,0.0,0,0,2025-2026,czechia,D/F,manual_marek_chvatal_d,Marek Chvatal
Marek Berka (LW/RW),HC Litvinov,3,0,0,0,0.0,0,-1,2025-2026,czechia,LW/RW,https://www.eliteprospects.com/player/272038/marek-berka,Marek Berka
Dominick Byrtus (D),HC Ocelari Trinec,3,0,0,0,0.0,0,-1,2025-2026,czechia,D,manual_dominick_byrtus_d,Dominick Byrtus
Alex Gaso (F),Mountfield HK,3,1,1,2,0.67,0,-1,2025-2026,czechia,F,https://www.eliteprospects.com/player/806070/alex-gaso,Alex Gaso
Ondrej Dorot (D),HC Energie Karlovy Vary,3,0,0,0,0.0,2,-2,2025-2026,czechia,D,https://www.eliteprospects.com/player/706887/ondrej-dorot,Ondrej Dorot
Jakub Zubicek (D),HC Kometa Brno,3,0,0,0,0.0,0,-1,2025-2026,czechia,D,manual_jakub_zubicek_d,Jakub Zubicek
Jan Süss (C),HC Kometa Brno,3,0,0,0,0.0,2,-1,2025-2026,czechia,C,https://www.eliteprospects.com/player/214931/jan-suss,Jan Suss
Marek Peroutka (F),HC Litvinov,3,0,0,0,0.0,2,-1,2025-2026,czechia,F,manual_marek_peroutka_f,Marek Peroutka
Josef Trojna (D),Rytiri Kladno,2,0,0,0,0.0,0,-1,2025-2026,czechia,D,https://www.eliteprospects.com/player/800437/josef-trojna,Josef Trojna
Tomas Cermak (D),BK Mladá Boleslav,2,0,0,0,0.0,0,-1,2025-2026,czechia,D,manual_tomas_cermak_d,Tomas Cermak
Jakub Siler (F),HC Plzen,2,0,0,0,0.0,2,0,2025-2026,czechia,F,https://www.eliteprospects.com/player/579243/jakub-siler,Jakub Siler
Přemysl Svoboda (W/C),HC Litvinov,2,0,0,0,0.0,0,0,2025-2026,czechia,W/C,https://www.eliteprospects.com/player/272042/p%C5%99emysl-svoboda,Premysl Svoboda
David Bernad (D),BK Mladá Boleslav,2,0,0,0,0.0,0,-1,2025-2026,czechia,D,https://www.eliteprospects.com/player/189995/david-bernad,David Bernad
Erik Pospisil (F),HC Dynamo Pardubice,2,0,0,0,0.0,0,1,2025-2026,czechia,F,manual_erik_pospisil_f,Erik Pospisil
Marek Horejsi (F),HC Plzen,2,0,0,0,0.0,0,0,2025-2026,czechia,F,https://www.eliteprospects.com/player/729129/marek-horejsi,Marek Horejsi
Vit Beran (D),HC Litvinov,2,0,0,0,0.0,0,-2,2025-2026,czechia,D,https://www.eliteprospects.com/player/641451/vit-beran,Vit Beran
Jan Vyvial (F),Mountfield HK,2,0,0,0,0.0,0,0,2025-2026,czechia,F,manual_jan_vyvial_f,Jan Vyvial
Dominik Pavlák (D),HC Sparta Praha,2,0,0,0,0.0,0,0,2025-2026,czechia,D,https://www.eliteprospects.com/player/579432/dominik-pavlak,Dominik Pavlak
Vojtěch Vochvest (D),BK Mladá Boleslav,2,0,0,0,0.0,0,0,2025-2026,czechia,D,manual_vojtech_vochvest_d,Vojtech Vochvest
Pavel Simek (LW),Mountfield HK,2,0,0,0,0.0,0,-1,2025-2026,czechia,LW,https://www.eliteprospects.com/player/721717/pavel-simek,Pavel Simek
Dominik Sklenář (LW),Mountfield HK,2,0,0,0,0.0,0,0,2025-2026,czechia,LW,https://www.eliteprospects.com/player/297726/dominik-sklena%C5%99,Dominik Sklenar
Radek Číp (RW),HC Energie Karlovy Vary,2,0,0,0,0.0,0,-1,2025-2026,czechia,RW,manual_radek_cip_rw,Radek Cip
Michael Nazad (C/LW),HC Vitkovice,2,0,0,0,0.0,0,-2,2025-2026,czechia,C/LW,manual_michael_nazad_c,Michael Nazad
Ondrej Chabada (D),HC Dynamo Pardubice,2,0,0,0,0.0,0,0,2025-2026,czechia,D,https://www.eliteprospects.com/player/615562/ondrej-chabada,Ondrej Chabada
Jiří Fronk (RW/C),HC Vitkovice,2,0,1,1,0.5,0,-1,2025-2026,czechia,RW/C,https://www.eliteprospects.com/player/100462/ji%C5%99i-fronk,Jiri Fronk
Patriks Ozols (D),HC Olomouc,1,0,0,0,0.0,0,0,2025-2026,czechia,D,https://www.eliteprospects.com/player/476827/patriks-ozols,Patriks Ozols
Vojtech Pilisek (D),Bili Tygri Liberec,1,0,0,0,0.0,0,-1,2025-2026,czechia,D,manual_vojtech_pilisek_d,Vojtech Pilisek
Tomas Selic (RW),HC Kometa Brno,1,0,0,0,0.0,0,-1,2025-2026,czechia,RW,manual_tomas_selic_rw,Tomas Selic
Daniel Krenzelok (D),HC Vitkovice,1,0,0,0,0.0,0,0,2025-2026,czechia,D,https://www.eliteprospects.com/player/182172/daniel-krenzelok,Daniel Krenzelok
David Sedlacek (C/W),HC Energie Karlovy Vary,1,0,0,0,0.0,0,0,2025-2026,czechia,C/W,manual_david_sedlacek_c,David Sedlacek
Jan Peroutka (C/LW),HC Litvinov,1,0,0,0,0.0,0,-1,2025-2026,czechia,C/LW,manual_jan_peroutka_c,Jan Peroutka
Adam Nemec (LW),Bili Tygri Liberec,1,0,0,0,0.0,0,0,2025-2026,czechia,LW,manual_adam_nemec_lw,Adam Nemec
Tomas Rolinek (F),HC Dynamo Pardubice,1,0,1,1,1.0,0,1,2025-2026,czechia,F,manual_tomas_rolinek_f,Tomas Rolinek
Matus Valek (LW/C),HC Dynamo Pardubice,1,0,0,0,0.0,0,-1,2025-2026,czechia,LW/C,manual_matus_valek_lw,Matus Valek
Matyas Cicha (D),Motor Ceske Budejovice,1,0,0,0,0.0,0,0,2025-2026,czechia,D,manual_matyas_cicha_d,Matyas Cicha
Martin Svec (D),HC Dynamo Pardubice,1,0,0,0,0.0,0,0,2025-2026,czechia,D,https://www.eliteprospects.com/player/692911/martin-svec,Martin Svec
Marek Hrabina (RW/LW),HC Vitkovice,1,0,0,0,0.0,0,0,2025-2026,czechia,RW/LW,manual_marek_hrabina_rw,Marek Hrabina
Sebastián Redlich (F),Rytiri Kladno,1,0,0,0,0.0,0,0,2025-2026,czechia,F,https://www.eliteprospects.com/player/641555/sebastian-redlich,Sebastian Redlich
Ondrej Satek (D),Rytiri Kladno,1,0,0,0,0.0,0,0,2025-2026,czechia,D,https://www.eliteprospects.com/player/872559/ondrej-satek,Ondrej Satek
Jan Kolar (D),HC Dynamo Pardubice,1,0,0,0,0.0,0,0,2025-2026,czechia,D,https://www.eliteprospects.com/player/22773/jan-kolar,Jan Kolar
Tomas Herman (D),HC Vitkovice,1,0,0,0,0.0,0,0,2025-2026,czechia,D,manual_tomas_herman_d,Tomas Herman
Tadeas Kaluzik (RW),HC Dynamo Pardubice,1,0,0,0,0.0,0,-1,2025-2026,czechia,RW,manual_tadeas_kaluzik_rw,Tadeas Kaluzik
Martin Docekal (LW),HC Vitkovice,1,0,0,0,0.0,0,-1,2025-2026,czechia,LW,https://www.eliteprospects.com/player/77406/martin-docekal,Martin Docekal
Vojtech Polak (C/W),Rytiri Kladno,1,0,0,0,0.0,0,0,2025-2026,czechia,C/W,https://www.eliteprospects.com/player/615545/vojtech-polak,Vojtech Polak
Michal Furch (D),HC Kometa Brno,1,0,0,0,0.0,0,0,2025-2026,czechia,D,manual_michal_furch_d,Michal Furch
Vojtech Tvrdik (D),HC Dynamo Pardubice,1,0,0,0,0.0,0,0,2025-2026,czechia,D,https://www.eliteprospects.com/player/615561/vojtech-tvrdik,Vojtech Tvrdik
Adam Veselsky (W/C),HC Kometa Brno,1,0,0,0,0.0,0,0,2025-2026,czechia,W/C,https://www.eliteprospects.com/player/872648/adam-veselsky,Adam Veselsky
Joshua James Mácha (RW),HC Olomouc,1,0,0,0,0.0,0,-1,2025-2026,czechia,RW,https://www.eliteprospects.com/player/428097/joshua-james-macha,Joshua James Macha
Kristers Zvagulis (RW/LW),BK Mladá Boleslav,1,0,0,0,0.0,0,0,2025-2026,czechia,RW/LW,https://www.eliteprospects.com/player/624003/kristers-zvagulis,Kristers Zvagulis
Oleksii Yevtiekhov (C/LW),HC Dynamo Pardubice,1,1,0,1,1.0,0,0,2025-2026,czechia,C/LW,manual_oleksii_yevtiekhov_c,Oleksii Yevtiekhov
Michal Tomecek (C/LW),HC Olomouc,1,0,1,1,1.0,2,0,2025-2026,czechia,C/LW,https://www.eliteprospects.com/player/527431/michal-tomecek,Michal Tomecek
Aliaksandr Vishneuski (C/LW),Rytiri Kladno,0,0,0,0,0.0,0,0,2025-2026,czechia,C/LW,https://www.eliteprospects.com/player/1000162/aliaksandr-vishneuski,Aliaksandr Vishneuski
Adam Fiala (LW/RW),HC Dynamo Pardubice,0,0,0,0,0.0,0,0,2025-2026,czechia,LW/RW,https://www.eliteprospects.com/player/787681/adam-fiala,Adam Fiala
Brandon Davidson (D),HC Kometa Brno,0,0,0,0,0.0,0,0,2025-2026,czechia,D,https://www.eliteprospects.com/player/45525/brandon-davidson,Brandon Davidson
Marek Soukup (F),HC Plzen,0,0,0,0,0.0,0,0,2025-2026,czechia,F,https://www.eliteprospects.com/player/579249/marek-soukup,Marek Soukup
Radek Janata (LW/RW),HC Energie Karlovy Vary,0,0,0,0,0.0,0,0,2025-2026,czechia,LW/RW,https://www.eliteprospects.com/player/786768/radek-janata,Radek Janata
Jake Gricius (C),HC Plzen,0,0,0,0,0.0,0,0,2025-2026,czechia,C,https://www.eliteprospects.com/player/311287/jake-gricius,Jake Gricius
Stepan Matejcek (C),Mountfield HK,0,0,0,0,0.0,0,0,2025-2026,czechia,C,manual_stepan_matejcek_c,Stepan Matejcek
Martin Osmík (C/W),HC Energie Karlovy Vary,0,0,0,0,0.0,0,0,2025-2026,czechia,C/W,https://www.eliteprospects.com/player/190528/martin-osmik,Martin Osmik
David Kofron (RW),HC Ocelari Trinec,0,0,0,0,0.0,0,0,2025-2026,czechia,RW,https://www.eliteprospects.com/player/236759/david-kofron,David Kofron
David Michalek (LW),HC Kometa Brno,0,0,0,0,0.0,0,0,2025-2026,czechia,LW,manual_david_michalek_lw,David Michalek
Dominik Halacka (C),HC Kometa Brno,0,0,0,0,0.0,0,0,2025-2026,czechia,C,manual_dominik_halacka_c,Dominik Halacka
Petr Hanys (LW/RW),BK Mladá Boleslav,0,0,0,0,0.0,0,0,2025-2026,czechia,LW/RW,manual_petr_hanys_lw,Petr Hanys
Marek Chaloupka (D),HC Dynamo Pardubice,0,0,0,0,0.0,0,0,2025-2026,czechia,D,https://www.eliteprospects.com/player/854385/marek-chaloupka,Marek Chaloupka
Pavel Prusek (D),HC Ocelari Trinec,0,0,0,0,0.0,0,0,2025-2026,czechia,D,https://www.eliteprospects.com/player/870743/pavel-prusek,Pavel Prusek
Adam Cedzo (RW/LW),HC Ocelari Trinec,0,0,0,0,0.0,0,0,2025-2026,czechia,RW/LW,manual_adam_cedzo_rw,Adam Cedzo
Stepan Machacek (C/W),HC Ocelari Trinec,0,0,0,0,0.0,0,0,2025-2026,czechia,C/W,manual_stepan_machacek_c,Stepan Machacek
Marek Hrbas (D),HC Ocelari Trinec,0,0,0,0,0.0,0,0,2025-2026,czechia,D,https://www.eliteprospects.com/player/53781/marek-hrbas,Marek Hrbas
Ales Zielinski (D),HC Ocelari Trinec,0,0,0,0,0.0,0,0,2025-2026,czechia,D,manual_ales_zielinski_d,Ales Zielinski
Timo Ruckdäschel (F),Grizzlys Wolfsburg,52,3,2,5,0.1,20,0,2025-2026,del,F,https://www.eliteprospects.com/player/714439/timo-ruckdaschel,Timo Ruckdaschel
Matthias Plachta (LW/RW),Adler Mannheim,52,15,24,39,0.75,22,7,2025-2026,del,LW/RW,https://www.eliteprospects.com/player/34850/matthias-plachta,Matthias Plachta
Zach Solow (C/RW),Adler Mannheim,52,18,21,39,0.75,59,14,2025-2026,del,C/RW,https://www.eliteprospects.com/player/272232/zach-solow,Zach Solow
Spencer Machacek (RW/C),Grizzlys Wolfsburg,52,19,20,39,0.75,26,3,2025-2026,del,RW/C,https://www.eliteprospects.com/player/12505/spencer-machacek,Spencer Machacek
Austin Ortega (RW/LW),Dresdner Eislöwen,52,21,18,39,0.75,35,-45,2025-2026,del,RW/LW,https://www.eliteprospects.com/player/121863/austin-ortega,Austin Ortega
Dominik Bokk (RW/LW),Kölner Haie,52,17,23,40,0.77,22,-4,2025-2026,del,RW/LW,https://www.eliteprospects.com/player/259973/dominik-bokk,Dominik Bokk
Leo Pföderl (RW/LW),Eisbären Berlin,52,11,30,41,0.79,22,6,2025-2026,del,RW/LW,https://www.eliteprospects.com/player/43386/leo-pfoderl,Leo Pfoderl
Marc Michaelis (LW/C),Adler Mannheim,52,11,31,42,0.81,14,8,2025-2026,del,LW/C,https://www.eliteprospects.com/player/71958/marc-michaelis,Marc Michaelis
Tyler Gaudet (C),Grizzlys Wolfsburg,52,14,29,43,0.83,31,-3,2025-2026,del,C,https://www.eliteprospects.com/player/96052/tyler-gaudet,Tyler Gaudet
Colin Ugbekile (D),Iserlohn Roosters,52,9,34,43,0.83,20,10,2025-2026,del,D,https://www.eliteprospects.com/player/249331/colin-ugbekile,Colin Ugbekile
Christian Hanke (F),Augsburger Panther,52,5,2,7,0.13,6,-17,2025-2026,del,F,https://www.eliteprospects.com/player/547476/christian-hanke,Christian Hanke
Daniel Neumann (F),Iserlohn Roosters,52,5,0,5,0.1,2,-9,2025-2026,del,F,https://www.eliteprospects.com/player/340890/daniel-neumann,Daniel Neumann
Linus Fröberg (D/C),Löwen Frankfurt,52,10,26,36,0.69,20,-15,2025-2026,del,D/C,manual_linus_froberg_d,Linus Froberg
Markus Schweiger (F),Löwen Frankfurt,52,6,4,10,0.19,12,-21,2025-2026,del,F,https://www.eliteprospects.com/player/318109/markus-schweiger,Markus Schweiger
Eric Hördler (RW),Eisbären Berlin,52,3,7,10,0.19,16,2,2025-2026,del,RW,https://www.eliteprospects.com/player/601781/eric-hordler,Eric Hordler
Yasin Ehliz (LW/RW),EHC München,52,14,24,38,0.73,16,4,2025-2026,del,LW/RW,https://www.eliteprospects.com/player/38699/yasin-ehliz,Yasin Ehliz
Owen Headrick (D),Nürnberg Ice Tigers,52,12,26,38,0.73,31,-1,2025-2026,del,D,https://www.eliteprospects.com/player/239986/owen-headrick,Owen Headrick
Ziga Jeglic (W/C),Fischtown Pinguins,52,13,23,36,0.69,30,6,2025-2026,del,W/C,https://www.eliteprospects.com/player/17442/ziga-jeglic,Ziga Jeglic
Daniel Schmölz (LW),ERC Ingolstadt,52,16,17,33,0.63,13,10,2025-2026,del,LW,https://www.eliteprospects.com/player/51399/daniel-schmolz,Daniel Schmolz
Thomas Schemitsch (D),Augsburger Panther,52,5,28,33,0.63,18,-14,2025-2026,del,D,https://www.eliteprospects.com/player/232612/thomas-schemitsch,Thomas Schemitsch
Daniel Pietta (C/LW),ERC Ingolstadt,52,14,19,33,0.63,8,20,2025-2026,del,C/LW,https://www.eliteprospects.com/player/22387/daniel-pietta,Daniel Pietta
Ludwig Byström (D),Fischtown Pinguins,52,6,14,20,0.38,16,13,2025-2026,del,D,https://www.eliteprospects.com/player/27493/ludwig-bystrom,Ludwig Bystrom
Johannes Krauß (C/W),ERC Ingolstadt,52,4,9,13,0.25,12,2,2025-2026,del,C/W,https://www.eliteprospects.com/player/415499/johannes-krau%C3%9F,Johannes Krau
Nino Kinder (LW),Fischtown Pinguins,52,8,6,14,0.27,4,-4,2025-2026,del,LW,https://www.eliteprospects.com/player/277620/nino-kinder,Nino Kinder
John Gilmour (D),Adler Mannheim,52,6,24,30,0.58,18,-1,2025-2026,del,D,https://www.eliteprospects.com/player/146192/john-gilmour,John Gilmour
Jakob Weber (D),Nürnberg Ice Tigers,52,2,11,13,0.25,12,-2,2025-2026,del,D,https://www.eliteprospects.com/player/560210/jakob-weber,Jakob Weber
Tim Brunnhuber (C),Straubing Tigers,52,3,10,13,0.25,24,5,2025-2026,del,C,https://www.eliteprospects.com/player/258069/tim-brunnhuber,Tim Brunnhuber
Fabio Wagner (D),EHC München,52,4,9,13,0.25,37,19,2025-2026,del,D,https://www.eliteprospects.com/player/85176/fabio-wagner,Fabio Wagner
Cameron Brace (RW/C),Löwen Frankfurt,52,20,15,35,0.67,16,-13,2025-2026,del,RW/C,https://www.eliteprospects.com/player/62543/cameron-brace,Cameron Brace
Andreas Eder (RW/C),Eisbären Berlin,52,16,18,34,0.65,10,3,2025-2026,del,RW/C,https://www.eliteprospects.com/player/95495/andreas-eder,Andreas Eder
Miha Verlic (C/LW),Fischtown Pinguins,52,18,15,33,0.63,12,5,2025-2026,del,C/LW,https://www.eliteprospects.com/player/34328/miha-verlic,Miha Verlic
Nick Halloran (RW),Straubing Tigers,52,22,36,58,1.12,18,18,2025-2026,del,RW,https://www.eliteprospects.com/player/234030/nick-halloran,Nick Halloran
Patrick Russell (RW/C),Kölner Haie,52,27,33,60,1.15,27,29,2025-2026,del,RW/C,https://www.eliteprospects.com/player/29181/patrick-russell,Patrick Russell
Nicolas Mattinen (D),Adler Mannheim,52,20,30,50,0.96,50,25,2025-2026,del,D,https://www.eliteprospects.com/player/251744/nicolas-mattinen,Nicolas Mattinen
Liam Kirk (LW/C),Eisbären Berlin,52,32,23,55,1.06,14,11,2025-2026,del,LW/C,https://www.eliteprospects.com/player/230605/liam-kirk,Liam Kirk
Riley Barber (RW/LW),ERC Ingolstadt,52,32,31,63,1.21,29,22,2025-2026,del,RW/LW,https://www.eliteprospects.com/player/89847/riley-barber,Riley Barber
Alexander Blank (C),Augsburger Panther,52,19,28,47,0.9,16,1,2025-2026,del,C,https://www.eliteprospects.com/player/382514/alexander-blank,Alexander Blank
Alex Breton (D),ERC Ingolstadt,52,15,35,50,0.96,18,15,2025-2026,del,D,https://www.eliteprospects.com/player/242613/alex-breton,Alex Breton
Riley Damiani (C/RW),Augsburger Panther,52,18,12,30,0.58,14,-16,2025-2026,del,C/RW,https://www.eliteprospects.com/player/305431/riley-damiani,Riley Damiani
Patrick Hager (C/LW),EHC München,52,13,19,32,0.62,24,10,2025-2026,del,C/LW,https://www.eliteprospects.com/player/15229/patrick-hager,Patrick Hager
Frederik Tiffels (LW),Eisbären Berlin,52,9,38,47,0.9,23,10,2025-2026,del,LW,https://www.eliteprospects.com/player/85240/frederik-tiffels,Frederik Tiffels
Anthony Greco (RW),Adler Mannheim,52,16,31,47,0.9,19,15,2025-2026,del,RW,https://www.eliteprospects.com/player/91246/anthony-greco,Anthony Greco
Maximilian Heim (F),Adler Mannheim,52,10,5,15,0.29,14,11,2025-2026,del,F,https://www.eliteprospects.com/player/500425/maximilian-heim,Maximilian Heim
Austen Keating (C),ERC Ingolstadt,52,15,16,31,0.6,10,8,2025-2026,del,C,https://www.eliteprospects.com/player/267787/austen-keating,Austen Keating
Michael Joyaux (D),Löwen Frankfurt,52,8,14,22,0.42,10,-18,2025-2026,del,D,https://www.eliteprospects.com/player/234310/michael-joyaux,Michael Joyaux
Matthew Abt (D),Fischtown Pinguins,52,12,10,22,0.42,38,0,2025-2026,del,D,https://www.eliteprospects.com/player/57111/matthew-abt,Matthew Abt
Julius Karrer (D),Nürnberg Ice Tigers,52,4,18,22,0.42,37,13,2025-2026,del,D,https://www.eliteprospects.com/player/318445/julius-karrer,Julius Karrer
Eirik Salsten (C),Iserlohn Roosters,52,8,12,20,0.38,10,-20,2025-2026,del,C,https://www.eliteprospects.com/player/73463/eirik-salsten,Eirik Salsten
Alec McCrea (D),Dresdner Eislöwen,52,4,13,17,0.33,10,-24,2025-2026,del,D,https://www.eliteprospects.com/player/86910/alec-mccrea,Alec Mccrea
Ville Pokka (D),EHC München,52,6,19,25,0.48,12,12,2025-2026,del,D,https://www.eliteprospects.com/player/45222/ville-pokka,Ville Pokka
Julian Chrobot (F),Grizzlys Wolfsburg,52,11,14,25,0.48,34,12,2025-2026,del,F,https://www.eliteprospects.com/player/320972/julian-chrobot,Julian Chrobot
Thomas Heigl (F),Nürnberg Ice Tigers,52,11,13,24,0.46,8,9,2025-2026,del,F,https://www.eliteprospects.com/player/560408/thomas-heigl,Thomas Heigl
Ryan MacInnis (C),Kölner Haie,52,13,10,23,0.44,8,9,2025-2026,del,C,https://www.eliteprospects.com/player/168707/ryan-macinnis,Ryan Macinnis
Alex Friesen (C),Fischtown Pinguins,52,12,16,28,0.54,26,-5,2025-2026,del,C,https://www.eliteprospects.com/player/31568/alex-friesen,Alex Friesen
Leon Hüttl (D),ERC Ingolstadt,52,6,22,28,0.54,34,24,2025-2026,del,D,https://www.eliteprospects.com/player/317373/leon-huttl,Leon Huttl
Greg Meireles (C),Nürnberg Ice Tigers,52,4,24,28,0.54,22,-8,2025-2026,del,C,https://www.eliteprospects.com/player/286948/greg-meireles,Greg Meireles
Daniel Pfaffengut (C),Löwen Frankfurt,52,9,17,26,0.5,18,-22,2025-2026,del,C,https://www.eliteprospects.com/player/93687/daniel-pfaffengut,Daniel Pfaffengut
Marcel Brandt (D/LW),Straubing Tigers,51,16,26,42,0.82,53,10,2025-2026,del,D/LW,https://www.eliteprospects.com/player/43412/marcel-brandt,Marcel Brandt
Valtteri Kemiläinen (D),Kölner Haie,51,14,29,43,0.84,34,16,2025-2026,del,D,https://www.eliteprospects.com/player/58336/valtteri-kemilainen,Valtteri Kemilainen
Justin Braun (D),Dresdner Eislöwen,51,0,8,8,0.16,16,-31,2025-2026,del,D,https://www.eliteprospects.com/player/15033/justin-braun,Justin Braun
Yannick Proske (C/W),Adler Mannheim,51,4,2,6,0.12,12,5,2025-2026,del,C/W,https://www.eliteprospects.com/player/475445/yannick-proske,Yannick Proske
Maximilian Renner (D),Augsburger Panther,51,0,6,6,0.12,12,-18,2025-2026,del,D,https://www.eliteprospects.com/player/42531/maximilian-renner,Maximilian Renner
Enrico Henriquez-Morales (F),Augsburger Panther,51,2,8,10,0.2,4,-17,2025-2026,del,F,https://www.eliteprospects.com/player/320855/enrico-henriquez-morales,Enrico Henriquezmorales
Konrad Abeltshauser (D),EHC München,51,2,8,10,0.2,16,19,2025-2026,del,D,https://www.eliteprospects.com/player/34836/konrad-abeltshauser,Konrad Abeltshauser
Christian Thomas (LW/RW),Iserlohn Roosters,51,21,14,35,0.69,8,-6,2025-2026,del,LW/RW,https://www.eliteprospects.com/player/30686/christian-thomas,Christian Thomas
Louis-Marc Aubry (C/LW),Kölner Haie,51,10,32,42,0.82,46,10,2025-2026,del,C/LW,https://www.eliteprospects.com/player/37500/louis-marc-aubry,Louismarc Aubry
Peter Abbandonato (C/LW),ERC Ingolstadt,51,11,24,35,0.69,12,16,2025-2026,del,C/LW,https://www.eliteprospects.com/player/252496/peter-abbandonato,Peter Abbandonato
Alex Green (D),Straubing Tigers,51,8,14,22,0.43,42,10,2025-2026,del,D,https://www.eliteprospects.com/player/233565/alex-green,Alex Green
Nicolas Beaudin (D),Straubing Tigers,51,6,21,27,0.53,38,9,2025-2026,del,D,https://www.eliteprospects.com/player/284924/nicolas-beaudin,Nicolas Beaudin
Trevor Parkes (RW),Dresdner Eislöwen,51,11,16,27,0.53,48,-22,2025-2026,del,RW,https://www.eliteprospects.com/player/45162/trevor-parkes,Trevor Parkes
Dan Renouf (D),Adler Mannheim,51,2,13,15,0.29,49,25,2025-2026,del,D,https://www.eliteprospects.com/player/76892/dan-renouf,Dan Renouf
Robin Norell (D),Iserlohn Roosters,51,2,11,13,0.25,22,-19,2025-2026,del,D,https://www.eliteprospects.com/player/38721/robin-norell,Robin Norell
Evan Barratt (C/LW),Nürnberg Ice Tigers,51,16,49,65,1.27,43,-4,2025-2026,del,C/LW,https://www.eliteprospects.com/player/303599/evan-barratt,Evan Barratt
Andy Miele (C),Fischtown Pinguins,51,7,22,29,0.57,53,-3,2025-2026,del,C,https://www.eliteprospects.com/player/15665/andy-miele,Andy Miele
Kris Bennett (C/LW),Adler Mannheim,51,15,9,24,0.47,46,16,2025-2026,del,C/LW,https://www.eliteprospects.com/player/205488/kris-bennett,Kris Bennett
Eric Mik (D),Eisbären Berlin,51,4,20,24,0.47,48,20,2025-2026,del,D,https://www.eliteprospects.com/player/266723/eric-mik,Eric Mik
Tyler Boland (C/RW),Iserlohn Roosters,51,12,13,25,0.49,14,-1,2025-2026,del,C/RW,https://www.eliteprospects.com/player/200112/tyler-boland,Tyler Boland
Eric Martinsson (D),Schwenninger Wild Wings,51,5,20,25,0.49,22,8,2025-2026,del,D,https://www.eliteprospects.com/player/21459/eric-martinsson,Eric Martinsson
Adrian Klein (D),Straubing Tigers,51,5,11,16,0.31,45,10,2025-2026,del,D,https://www.eliteprospects.com/player/381680/adrian-klein,Adrian Klein
Cody Kunyk (C),Augsburger Panther,51,10,20,30,0.59,26,-17,2025-2026,del,C,https://www.eliteprospects.com/player/44471/cody-kunyk,Cody Kunyk
Keaton Thompson (D),Grizzlys Wolfsburg,51,8,14,22,0.43,42,8,2025-2026,del,D,https://www.eliteprospects.com/player/108393/keaton-thompson,Keaton Thompson
Matt White (LW/RW),Grizzlys Wolfsburg,51,15,30,45,0.88,16,-13,2025-2026,del,LW/RW,https://www.eliteprospects.com/player/19259/matt-white,Matt White
Tyler Spezia (LW/C),Nürnberg Ice Tigers,50,18,12,30,0.6,27,-1,2025-2026,del,LW/C,https://www.eliteprospects.com/player/188787/tyler-spezia,Tyler Spezia
Tylor Spink (C),Schwenninger Wild Wings,50,11,19,30,0.6,31,4,2025-2026,del,C,https://www.eliteprospects.com/player/77954/tylor-spink,Tylor Spink
Jeremy McKenna (RW),EHC München,50,17,15,32,0.64,40,13,2025-2026,del,RW,https://www.eliteprospects.com/player/275807/jeremy-mckenna,Jeremy Mckenna
Bobby Lynch (RW/C),Grizzlys Wolfsburg,50,13,19,32,0.64,10,-18,2025-2026,del,RW/C,https://www.eliteprospects.com/player/387359/bobby-lynch,Bobby Lynch
Leo Hafenrichter (D),Grizzlys Wolfsburg,50,0,3,3,0.06,4,0,2025-2026,del,D,https://www.eliteprospects.com/player/564242/leo-hafenrichter,Leo Hafenrichter
Tim Fleischer (C),Straubing Tigers,50,9,19,28,0.56,18,3,2025-2026,del,C,https://www.eliteprospects.com/player/238101/tim-fleischer,Tim Fleischer
Adam Smith (D),Eisbären Berlin,50,1,6,7,0.14,34,10,2025-2026,del,D,https://www.eliteprospects.com/player/259294/adam-smith,Adam Smith
Samuel Dove-McFalls (LW/C),Nürnberg Ice Tigers,50,23,20,43,0.86,45,12,2025-2026,del,LW/C,https://www.eliteprospects.com/player/135860/samuel-dove-mcfalls,Samuel Dovemcfalls
Justin Scott (C),Straubing Tigers,50,16,11,27,0.54,35,8,2025-2026,del,C,https://www.eliteprospects.com/player/149405/justin-scott,Justin Scott
Sam Ruopp (D),ERC Ingolstadt,50,5,14,19,0.38,49,21,2025-2026,del,D,https://www.eliteprospects.com/player/120650/sam-ruopp,Sam Ruopp
Morgan Ellis (D),ERC Ingolstadt,50,5,14,19,0.38,41,14,2025-2026,del,D,https://www.eliteprospects.com/player/37281/morgan-ellis,Morgan Ellis
Stefan Loibl (RW/C),Straubing Tigers,50,10,23,33,0.66,14,-1,2025-2026,del,RW/C,https://www.eliteprospects.com/player/117469/stefan-loibl,Stefan Loibl
Brady Austin (D),Kölner Haie,50,8,13,21,0.42,20,20,2025-2026,del,D,https://www.eliteprospects.com/player/45403/brady-austin,Brady Austin
Lance Bouma (LW),Dresdner Eislöwen,50,11,10,21,0.42,34,-35,2025-2026,del,LW,https://www.eliteprospects.com/player/16499/lance-bouma,Lance Bouma
Abbott Girduckis (RW/C),ERC Ingolstadt,50,12,22,34,0.68,8,3,2025-2026,del,RW/C,https://www.eliteprospects.com/player/215158/abbott-girduckis,Abbott Girduckis
Eric Cornel (C/RW),Iserlohn Roosters,50,13,23,36,0.72,6,-7,2025-2026,del,C/RW,https://www.eliteprospects.com/player/154475/eric-cornel,Eric Cornel
Julian Melchiori (D),Grizzlys Wolfsburg,50,3,15,18,0.36,22,4,2025-2026,del,D,https://www.eliteprospects.com/player/73778/julian-melchiori,Julian Melchiori
Thomas Larkin (D),Schwenninger Wild Wings,50,4,15,19,0.38,40,2,2025-2026,del,D,https://www.eliteprospects.com/player/38061/thomas-larkin,Thomas Larkin
Veli-Matti Vittasmäki (D),Kölner Haie,50,4,19,23,0.46,10,27,2025-2026,del,D,https://www.eliteprospects.com/player/17288/veli-matti-vittasmaki,Velimatti Vittasmaki
Tim Wohlgemuth (C/LW),Augsburger Panther,50,9,16,25,0.5,24,-5,2025-2026,del,C/LW,https://www.eliteprospects.com/player/208148/tim-wohlgemuth,Tim Wohlgemuth
Taro Hirose (LW),EHC München,50,9,45,54,1.08,6,34,2025-2026,del,LW,https://www.eliteprospects.com/player/83462/taro-hirose,Taro Hirose
Kenny Agostino (LW/C),ERC Ingolstadt,50,19,27,46,0.92,12,-1,2025-2026,del,LW/C,https://www.eliteprospects.com/player/75015/kenny-agostino,Kenny Agostino
Boaz Bassen (F/D),Schwenninger Wild Wings,50,4,10,14,0.28,30,-9,2025-2026,del,F/D,https://www.eliteprospects.com/player/481783/boaz-bassen,Boaz Bassen
Marcus Weber (D),Nürnberg Ice Tigers,50,4,8,12,0.24,27,-3,2025-2026,del,D,https://www.eliteprospects.com/player/43599/marcus-weber,Marcus Weber
Juhani Tyrväinen (C),Kölner Haie,49,8,19,27,0.55,30,10,2025-2026,del,C,https://www.eliteprospects.com/player/16460/juhani-tyrvainen,Juhani Tyrvainen
Julian Napravnik (RW),Iserlohn Roosters,49,10,21,31,0.63,6,-13,2025-2026,del,RW,https://www.eliteprospects.com/player/72063/julian-napravnik,Julian Napravnik
Leon Gawanke (D),Adler Mannheim,49,5,25,30,0.61,25,20,2025-2026,del,D,https://www.eliteprospects.com/player/243313/leon-gawanke,Leon Gawanke
Daniel Fischbuch (RW),Iserlohn Roosters,49,18,27,45,0.92,55,-4,2025-2026,del,RW,https://www.eliteprospects.com/player/43335/daniel-fischbuch,Daniel Fischbuch
Lukas Kälble (D),Adler Mannheim,49,3,16,19,0.39,22,24,2025-2026,del,D,https://www.eliteprospects.com/player/71941/lukas-kalble,Lukas Kalble
Noah Dunham (F),Löwen Frankfurt,49,1,5,6,0.12,14,-1,2025-2026,del,F,https://www.eliteprospects.com/player/374519/noah-dunham,Noah Dunham
Charlie Gerard (C/RW),Nürnberg Ice Tigers,49,10,18,28,0.57,30,-7,2025-2026,del,C/RW,https://www.eliteprospects.com/player/66239/charlie-gerard,Charlie Gerard
Håkon Hänelt (F/D),Schwenninger Wild Wings,49,2,6,8,0.16,4,-12,2025-2026,del,F/D,https://www.eliteprospects.com/player/475676/hakon-hanelt,Hakon Hanelt
Justin Feser (C/LW),Grizzlys Wolfsburg,49,13,16,29,0.59,12,-1,2025-2026,del,C/LW,https://www.eliteprospects.com/player/32760/justin-feser,Justin Feser
Riley Sheen (LW/D),ERC Ingolstadt,49,9,27,36,0.73,16,-10,2025-2026,del,LW/D,https://www.eliteprospects.com/player/80447/riley-sheen,Riley Sheen
Philipp Krening (F),EHC München,49,4,4,8,0.16,35,1,2025-2026,del,F,https://www.eliteprospects.com/player/564193/philipp-krening,Philipp Krening
Alexander Karachun (F),Schwenninger Wild Wings,49,21,14,35,0.71,68,0,2025-2026,del,F,https://www.eliteprospects.com/player/212071/alexander-karachun,Alexander Karachun
Phil Hungerecker (F),Schwenninger Wild Wings,49,11,11,22,0.45,28,9,2025-2026,del,F,https://www.eliteprospects.com/player/43477/phil-hungerecker,Phil Hungerecker
David Suvanto (D),Dresdner Eislöwen,49,2,8,10,0.2,18,-42,2025-2026,del,D,manual_david_suvanto_d,David Suvanto
Tomas Andres (C),Dresdner Eislöwen,49,4,21,25,0.51,31,-18,2025-2026,del,C,manual_tomas_andres_c,Tomas Andres
Kyle Mayhew (D),Augsburger Panther,49,6,19,25,0.51,10,-8,2025-2026,del,D,https://www.eliteprospects.com/player/354396/kyle-mayhew,Kyle Mayhew
Ryan Button (D),Augsburger Panther,49,1,12,13,0.27,45,-1,2025-2026,del,D,https://www.eliteprospects.com/player/32780/ryan-button,Ryan Button
Ben Marshall (D),Schwenninger Wild Wings,49,2,16,18,0.37,10,-8,2025-2026,del,D,https://www.eliteprospects.com/player/40255/ben-marshall,Ben Marshall
Kyle Platzer (C),Schwenninger Wild Wings,49,9,28,37,0.76,38,-1,2025-2026,del,C,https://www.eliteprospects.com/player/126916/kyle-platzer,Kyle Platzer
Maximilian Glötzl (D),Kölner Haie,48,0,2,2,0.04,2,-1,2025-2026,del,D,https://www.eliteprospects.com/player/318111/maximilian-glotzl,Maximilian Glotzl
Maxim Rausch (D),Fischtown Pinguins,48,0,4,4,0.08,17,-3,2025-2026,del,D,https://www.eliteprospects.com/player/393669/maxim-rausch,Maxim Rausch
Kristian Reichel (C),Adler Mannheim,48,15,17,32,0.67,26,13,2025-2026,del,C,https://www.eliteprospects.com/player/167519/kristian-reichel,Kristian Reichel
Tyson Spink (LW/RW),Schwenninger Wild Wings,48,17,14,31,0.65,46,-1,2025-2026,del,LW/RW,https://www.eliteprospects.com/player/77955/tyson-spink,Tyson Spink
Lucas Dumont (F),Grizzlys Wolfsburg,48,0,1,1,0.02,2,-4,2025-2026,del,F,https://www.eliteprospects.com/player/89917/lucas-dumont,Lucas Dumont
Oliwer Kaski (D),Kölner Haie,48,11,27,38,0.79,18,13,2025-2026,del,D,https://www.eliteprospects.com/player/92097/oliwer-kaski,Oliwer Kaski
Carter Rowney (RW),Löwen Frankfurt,48,4,19,23,0.48,16,-3,2025-2026,del,RW,https://www.eliteprospects.com/player/23959/carter-rowney,Carter Rowney
Vladimír Eminger (D),Fischtown Pinguins,48,4,10,14,0.29,24,10,2025-2026,del,D,https://www.eliteprospects.com/player/70378/vladimir-eminger,Vladimir Eminger
Alexander Ehl (RW/LW),Adler Mannheim,48,9,10,19,0.4,2,19,2025-2026,del,RW/LW,https://www.eliteprospects.com/player/257653/alexander-ehl,Alexander Ehl
Jonas Müller (D),Eisbären Berlin,48,3,17,20,0.42,69,6,2025-2026,del,D,https://www.eliteprospects.com/player/72678/jonas-muller,Jonas Muller
Emil Johansson (D),Dresdner Eislöwen,48,4,16,20,0.42,38,-21,2025-2026,del,D,https://www.eliteprospects.com/player/79498/emil-johansson,Emil Johansson
Dennis Lobach (RW),Löwen Frankfurt,48,8,5,13,0.27,70,-19,2025-2026,del,RW,https://www.eliteprospects.com/player/259981/dennis-lobach,Dennis Lobach
Justin Schütz (LW),Adler Mannheim,48,16,21,37,0.77,22,10,2025-2026,del,LW,https://www.eliteprospects.com/player/238113/justin-schutz,Justin Schutz
Akito Hirose (D),Fischtown Pinguins,48,5,33,38,0.79,20,-1,2025-2026,del,D,https://www.eliteprospects.com/player/287310/akito-hirose,Akito Hirose
Lua Niehus (D),Multiple Teams,47,1,4,5,0.11,20,-13,2025-2026,del,D,https://www.eliteprospects.com/player/789149/lua-niehus,Lua Niehus
Ricardo Hendreschke (F),Dresdner Eislöwen,47,4,2,6,0.13,8,-16,2025-2026,del,F,manual_ricardo_hendreschke_f,Ricardo Hendreschke
Ross Mauermann (W/C),Fischtown Pinguins,47,6,6,12,0.26,26,4,2025-2026,del,W/C,https://www.eliteprospects.com/player/47982/ross-mauermann,Ross Mauermann
Ryan Murphy (D),EHC München,47,9,29,38,0.81,12,25,2025-2026,del,D,https://www.eliteprospects.com/player/44666/ryan-murphy,Ryan Murphy
Maximilian Kammerer (C/LW),Kölner Haie,47,17,16,33,0.7,22,11,2025-2026,del,C/LW,https://www.eliteprospects.com/player/95507/maximilian-kammerer,Maximilian Kammerer
Moritz Elias (RW),Augsburger Panther,47,3,6,9,0.19,8,-17,2025-2026,del,RW,https://www.eliteprospects.com/player/560189/moritz-elias,Moritz Elias
Luis Schinko (C/W),Multiple Teams,47,6,11,17,0.36,36,-7,2025-2026,del,C/W,https://www.eliteprospects.com/player/269224/luis-schinko,Luis Schinko
Filip Varejcka (LW),Straubing Tigers,47,9,10,19,0.4,27,1,2025-2026,del,LW,manual_filip_varejcka_lw,Filip Varejcka
Chris Wilkie (RW/LW),Löwen Frankfurt,47,9,13,22,0.47,50,-23,2025-2026,del,RW/LW,https://www.eliteprospects.com/player/120644/chris-wilkie,Chris Wilkie
Dillon Heatherington (D),EHC München,47,2,11,13,0.28,38,18,2025-2026,del,D,https://www.eliteprospects.com/player/62233/dillon-heatherington,Dillon Heatherington
Brady Ferguson (C),EHC München,47,11,13,24,0.51,59,10,2025-2026,del,C,https://www.eliteprospects.com/player/190324/brady-ferguson,Brady Ferguson
Henrik Törnqvist (RW),Iserlohn Roosters,47,8,3,11,0.23,8,-4,2025-2026,del,RW,https://www.eliteprospects.com/player/86363/henrik-tornqvist,Henrik Tornqvist
Madison Bowey (D),Augsburger Panther,47,5,11,16,0.34,65,-1,2025-2026,del,D,https://www.eliteprospects.com/player/97787/madison-bowey,Madison Bowey
Dane Fox (W/C),Dresdner Eislöwen,46,11,16,27,0.59,47,-17,2025-2026,del,W/C,https://www.eliteprospects.com/player/45607/dane-fox,Dane Fox
Ryan McKiernan (D),Löwen Frankfurt,46,4,6,10,0.22,45,-16,2025-2026,del,D,https://www.eliteprospects.com/player/31514/ryan-mckiernan,Ryan Mckiernan
Arkadiusz Dziambor (D),Schwenninger Wild Wings,46,5,6,11,0.24,12,-6,2025-2026,del,D,https://www.eliteprospects.com/player/382230/arkadiusz-dziambor,Arkadiusz Dziambor
Matthew Wedman (C/LW),Löwen Frankfurt,46,11,12,23,0.5,100,-22,2025-2026,del,C/LW,https://www.eliteprospects.com/player/201359/matthew-wedman,Matthew Wedman
Lean Bergmann (C/W),Eisbären Berlin,46,3,14,17,0.37,58,-3,2025-2026,del,C/W,https://www.eliteprospects.com/player/148119/lean-bergmann,Lean Bergmann
Cody Haiskanen (D),Nürnberg Ice Tigers,46,4,11,15,0.33,20,-7,2025-2026,del,D,https://www.eliteprospects.com/player/388142/cody-haiskanen,Cody Haiskanen
Sebastian Gorcik (LW),Dresdner Eislöwen,46,9,5,14,0.3,54,-19,2025-2026,del,LW,https://www.eliteprospects.com/player/101258/sebastian-gorcik,Sebastian Gorcik
D.J. Busdeker (RW/D),Augsburger Panther,46,23,22,45,0.98,29,-3,2025-2026,del,RW/D,https://www.eliteprospects.com/player/273906/d.j.-busdeker,Dj Busdeker
Danjo Leonhardt (F),Straubing Tigers,45,7,22,29,0.64,35,13,2025-2026,del,F,https://www.eliteprospects.com/player/319668/danjo-leonhardt,Danjo Leonhardt
Yannick Veilleux (LW),Eisbären Berlin,45,15,15,30,0.67,64,4,2025-2026,del,LW,https://www.eliteprospects.com/player/45271/yannick-veilleux,Yannick Veilleux
Jordan Szwarz (RW/C),Schwenninger Wild Wings,45,6,20,26,0.58,17,-6,2025-2026,del,RW/C,https://www.eliteprospects.com/player/23107/jordan-szwarz,Jordan Szwarz
Mirko Höfflin (C/W),Schwenninger Wild Wings,45,5,7,12,0.27,10,-11,2025-2026,del,C/W,https://www.eliteprospects.com/player/34842/mirko-hofflin,Mirko Hofflin
Nico Krämmer (LW/RW),Fischtown Pinguins,45,6,15,21,0.47,14,3,2025-2026,del,LW/RW,https://www.eliteprospects.com/player/43434/nico-krammer,Nico Krammer
Fabio Pfohl (D/C),Grizzlys Wolfsburg,45,5,14,19,0.42,20,1,2025-2026,del,D/C,https://www.eliteprospects.com/player/85174/fabio-pfohl,Fabio Pfohl
Luke Esposito (C),Adler Mannheim,45,4,15,19,0.42,21,3,2025-2026,del,C,https://www.eliteprospects.com/player/212938/luke-esposito,Luke Esposito
Ty Glover (LW/C),Löwen Frankfurt,45,6,16,22,0.49,36,-18,2025-2026,del,LW/C,https://www.eliteprospects.com/player/414766/ty-glover,Ty Glover
Kyle Wood (D),Iserlohn Roosters,45,5,17,22,0.49,10,1,2025-2026,del,D,https://www.eliteprospects.com/player/189639/kyle-wood,Kyle Wood
Alexandre Grenier (RW/C),Augsburger Panther,45,13,27,40,0.89,22,0,2025-2026,del,RW/C,https://www.eliteprospects.com/player/64591/alexandre-grenier,Alexandre Grenier
Fabian Herrmann (F),Fischtown Pinguins,45,3,5,8,0.18,12,-4,2025-2026,del,F,https://www.eliteprospects.com/player/344144/fabian-herrmann,Fabian Herrmann
Elis Hede (F),Straubing Tigers,45,18,16,34,0.76,6,18,2025-2026,del,F,https://www.eliteprospects.com/player/467928/elis-hede,Elis Hede
Tommy Pasanen (D),Löwen Frankfurt,45,3,6,9,0.2,26,-7,2025-2026,del,D,manual_tommy_pasanen_d,Tommy Pasanen
Mitch Reinke (D),Eisbären Berlin,44,4,16,20,0.45,14,-1,2025-2026,del,D,https://www.eliteprospects.com/player/195228/mitch-reinke,Mitch Reinke
Ethan Prow (D),Grizzlys Wolfsburg,44,2,24,26,0.59,8,-1,2025-2026,del,D,https://www.eliteprospects.com/player/90323/ethan-prow,Ethan Prow
Alex Trivellato (D),Schwenninger Wild Wings,44,3,14,17,0.39,12,3,2025-2026,del,D,https://www.eliteprospects.com/player/34627/alex-trivellato,Alex Trivellato
Mario Zimmermann (D),Straubing Tigers,44,3,8,11,0.25,24,4,2025-2026,del,D,https://www.eliteprospects.com/player/344166/mario-zimmermann,Mario Zimmermann
Tariq Hammond (D),Dresdner Eislöwen,44,1,4,5,0.11,26,-11,2025-2026,del,D,https://www.eliteprospects.com/player/106368/tariq-hammond,Tariq Hammond
Roman Kechter (C),Nürnberg Ice Tigers,44,3,6,9,0.2,4,-7,2025-2026,del,C,https://www.eliteprospects.com/player/564243/roman-kechter,Roman Kechter
Maksim Matushkin (D),Löwen Frankfurt,44,11,22,33,0.75,30,-20,2025-2026,del,D,https://www.eliteprospects.com/player/10016/maksim-matushkin,Maksim Matushkin
Stephan Daschner (D),Straubing Tigers,43,1,12,13,0.3,12,3,2025-2026,del,D,https://www.eliteprospects.com/player/15220/stephan-daschner,Stephan Daschner
Frederik Storm (LW/RW),Kölner Haie,43,9,5,14,0.33,14,-9,2025-2026,del,LW/RW,https://www.eliteprospects.com/player/15200/frederik-storm,Frederik Storm
Daniel Wirt (D),Löwen Frankfurt,43,4,4,8,0.19,14,-15,2025-2026,del,D,https://www.eliteprospects.com/player/238100/daniel-wirt,Daniel Wirt
Josh Melnick (C),Straubing Tigers,43,4,10,14,0.33,18,4,2025-2026,del,C,https://www.eliteprospects.com/player/212961/josh-melnick,Josh Melnick
Bennet Roßmy (LW),Fischtown Pinguins,43,10,16,26,0.6,64,8,2025-2026,del,LW,https://www.eliteprospects.com/player/542979/bennet-ro%C3%9Fmy,Bennet Romy
Johannes Huß (D),Iserlohn Roosters,43,1,4,5,0.12,14,-21,2025-2026,del,D,https://www.eliteprospects.com/player/215249/johannes-hu%C3%9F,Johannes Hu
Christian Wejse (C/LW),Fischtown Pinguins,42,14,10,24,0.57,73,-5,2025-2026,del,C/LW,https://www.eliteprospects.com/player/210744/christian-wejse,Christian Wejse
Myles Powell (LW/C),ERC Ingolstadt,42,17,21,38,0.9,35,7,2025-2026,del,LW/C,https://www.eliteprospects.com/player/103660/myles-powell,Myles Powell
Moritz Müller (D),Kölner Haie,42,3,9,12,0.29,20,-4,2025-2026,del,D,https://www.eliteprospects.com/player/22397/moritz-muller,Moritz Muller
Marcel Noebels (LW/C),Eisbären Berlin,42,9,20,29,0.69,12,3,2025-2026,del,LW/C,https://www.eliteprospects.com/player/34847/marcel-noebels,Marcel Noebels
Sebastian Uvira (LW/RW),Schwenninger Wild Wings,42,6,9,15,0.36,39,-8,2025-2026,del,LW/RW,https://www.eliteprospects.com/player/42797/sebastian-uvira,Sebastian Uvira
Robin van Calster (C),Kölner Haie,42,1,4,5,0.12,4,6,2025-2026,del,C,https://www.eliteprospects.com/player/475710/robin-van-calster,Robin Van Calster
Josef Eham (F),Nürnberg Ice Tigers,42,3,2,5,0.12,26,-7,2025-2026,del,F,https://www.eliteprospects.com/player/402936/josef-eham,Josef Eham
Kevin Niedenz (RW),Kölner Haie,42,4,8,12,0.29,12,7,2025-2026,del,RW,https://www.eliteprospects.com/player/561635/kevin-niedenz,Kevin Niedenz
Janik Möser (D/F),Grizzlys Wolfsburg,42,1,2,3,0.07,18,1,2025-2026,del,D/F,https://www.eliteprospects.com/player/71959/janik-moser,Janik Moser
Drew LeBlanc (C),Dresdner Eislöwen,42,2,13,15,0.36,10,-25,2025-2026,del,C,https://www.eliteprospects.com/player/15518/drew-leblanc,Drew Leblanc
Justus Böttner (D),Nürnberg Ice Tigers,42,1,3,4,0.1,10,-7,2025-2026,del,D,https://www.eliteprospects.com/player/339664/justus-bottner,Justus Bottner
Tanner Kero (C/RW),Kölner Haie,41,11,18,29,0.71,17,19,2025-2026,del,C/RW,https://www.eliteprospects.com/player/55796/tanner-kero,Tanner Kero
Danny O'Regan (C/RW),Schwenninger Wild Wings,41,11,19,30,0.73,10,-8,2025-2026,del,C/RW,https://www.eliteprospects.com/player/121936/danny-o-regan,Danny Oregan
Gregor MacLeod (LW/C),Kölner Haie,41,18,35,53,1.29,10,14,2025-2026,del,LW/C,https://www.eliteprospects.com/player/196166/gregor-macleod,Gregor Macleod
Markus Vikingstad (F),Eisbären Berlin,41,13,11,24,0.59,20,17,2025-2026,del,F,https://www.eliteprospects.com/player/321375/markus-vikingstad,Markus Vikingstad
Jacob Hayhurst (C/LW),Grizzlys Wolfsburg,41,10,14,24,0.59,22,-4,2025-2026,del,C/LW,https://www.eliteprospects.com/player/245213/jacob-hayhurst,Jacob Hayhurst
Phillip Bruggisser (D),Fischtown Pinguins,41,4,16,20,0.49,8,-8,2025-2026,del,D,https://www.eliteprospects.com/player/22561/phillip-bruggisser,Phillip Bruggisser
Macoy Erkamps (D),Iserlohn Roosters,41,1,2,3,0.07,40,-6,2025-2026,del,D,https://www.eliteprospects.com/player/101580/macoy-erkamps,Macoy Erkamps
Nate Schnarr (C/RW),Kölner Haie,41,17,23,40,0.98,14,-4,2025-2026,del,C/RW,https://www.eliteprospects.com/player/283248/nate-schnarr,Nate Schnarr
Dominik Bittner (D),Schwenninger Wild Wings,41,1,5,6,0.15,14,-14,2025-2026,del,D,https://www.eliteprospects.com/player/34837/dominik-bittner,Dominik Bittner
Joseph Cramarossa (C/LW),Augsburger Panther,40,5,15,20,0.5,29,-1,2025-2026,del,C/LW,https://www.eliteprospects.com/player/45600/joseph-cramarossa,Joseph Cramarossa
Philipp Preto (D),ERC Ingolstadt,40,2,8,10,0.25,19,10,2025-2026,del,D,https://www.eliteprospects.com/player/322048/philipp-preto,Philipp Preto
Jimmy Martinovic (D),Grizzlys Wolfsburg,40,0,6,6,0.15,18,0,2025-2026,del,D,https://www.eliteprospects.com/player/382293/jimmy-martinovic,Jimmy Martinovic
Matthias Pischoff (F),Dresdner Eislöwen,40,1,2,3,0.08,19,-16,2025-2026,del,F,manual_matthias_pischoff_f,Matthias Pischoff
Skyler McKenzie (LW),Straubing Tigers,40,6,6,12,0.3,26,4,2025-2026,del,LW,https://www.eliteprospects.com/player/166653/skyler-mckenzie,Skyler Mckenzie
Cole Maier (C/LW),Nürnberg Ice Tigers,40,16,14,30,0.75,32,2,2025-2026,del,C/LW,https://www.eliteprospects.com/player/248390/cole-maier,Cole Maier
Taro Jentzsch (C/LW),Iserlohn Roosters,40,3,10,13,0.33,10,-12,2025-2026,del,C/LW,https://www.eliteprospects.com/player/266718/taro-jentzsch,Taro Jentzsch
Fabio Kose (D),Löwen Frankfurt,40,2,3,5,0.13,24,-7,2025-2026,del,D,manual_fabio_kose_d,Fabio Kose
Tyler Madden (C),Straubing Tigers,39,20,18,38,0.97,4,5,2025-2026,del,C,https://www.eliteprospects.com/player/201489/tyler-madden,Tyler Madden
Travis Turnbull (C),Dresdner Eislöwen,39,5,6,11,0.28,25,-17,2025-2026,del,C,https://www.eliteprospects.com/player/33251/travis-turnbull,Travis Turnbull
Matias Lassen (D),Iserlohn Roosters,39,2,9,11,0.28,12,-2,2025-2026,del,D,https://www.eliteprospects.com/player/148162/matias-lassen,Matias Lassen
Edwin Tropmann (D),ERC Ingolstadt,39,5,2,7,0.18,14,0,2025-2026,del,D,https://www.eliteprospects.com/player/791653/edwin-tropmann,Edwin Tropmann
Matěj Leden (F),Eisbären Berlin,39,2,1,3,0.08,6,0,2025-2026,del,F,https://www.eliteprospects.com/player/620761/matej-leden,Matej Leden
Maximilian Kastner (LW),EHC München,39,4,4,8,0.21,38,-6,2025-2026,del,LW,https://www.eliteprospects.com/player/43591/maximilian-kastner,Maximilian Kastner
Philipp Krauß (F),ERC Ingolstadt,39,4,8,12,0.31,52,-3,2025-2026,del,F,https://www.eliteprospects.com/player/320513/philipp-krau%C3%9F,Philipp Krau
Daniel Geiger (F),Iserlohn Roosters,39,0,1,1,0.03,10,-4,2025-2026,del,F,https://www.eliteprospects.com/player/795071/daniel-geiger,Daniel Geiger
Luca Hauf (RW/C),ERC Ingolstadt,38,1,1,2,0.05,8,-3,2025-2026,del,RW/C,https://www.eliteprospects.com/player/561615/luca-hauf,Luca Hauf
Markus Eisenschmid (C/RW),EHC München,38,14,10,24,0.63,28,9,2025-2026,del,C/RW,https://www.eliteprospects.com/player/44144/markus-eisenschmid,Markus Eisenschmid
Veit Oswald (RW/LW),EHC München,38,12,14,26,0.68,17,16,2025-2026,del,RW/LW,manual_veit_oswald_rw,Veit Oswald
Gabriel Fontaine (C/LW),EHC München,38,10,11,21,0.55,8,6,2025-2026,del,C/LW,https://www.eliteprospects.com/player/213781/gabriel-fontaine,Gabriel Fontaine
Jimmy Lambert (RW/C),Grizzlys Wolfsburg,38,11,14,25,0.66,22,7,2025-2026,del,RW/C,https://www.eliteprospects.com/player/213106/jimmy-lambert,Jimmy Lambert
Adam Brooks (C/LW),EHC München,38,12,26,38,1.0,21,19,2025-2026,del,C/LW,https://www.eliteprospects.com/player/120202/adam-brooks,Adam Brooks
Nikolaus Heigl (F),EHC München,38,1,5,6,0.16,14,4,2025-2026,del,F,https://www.eliteprospects.com/player/560407/nikolaus-heigl,Nikolaus Heigl
Julius Ramoser (F),Grizzlys Wolfsburg,38,2,3,5,0.13,34,-1,2025-2026,del,F,https://www.eliteprospects.com/player/466730/julius-ramoser,Julius Ramoser
Rayan Bettahar (D),Fischtown Pinguins,38,4,6,10,0.26,23,13,2025-2026,del,D,https://www.eliteprospects.com/player/547264/rayan-bettahar,Rayan Bettahar
Brett Murray (LW/RW),Nürnberg Ice Tigers,38,17,16,33,0.87,10,-4,2025-2026,del,LW/RW,https://www.eliteprospects.com/player/267772/brett-murray,Brett Murray
Les Lancaster (D),Multiple Teams,38,6,9,15,0.39,6,7,2025-2026,del,D,https://www.eliteprospects.com/player/203338/les-lancaster,Les Lancaster
Manuel Wiederer (C),Eisbären Berlin,38,4,6,10,0.26,28,10,2025-2026,del,C,https://www.eliteprospects.com/player/86675/manuel-wiederer,Manuel Wiederer
Jakub Borzecki (RW),Iserlohn Roosters,37,0,2,2,0.05,4,-9,2025-2026,del,RW,https://www.eliteprospects.com/player/291268/jakub-borzecki,Jakub Borzecki
Björn Krupp (D),Grizzlys Wolfsburg,37,0,3,3,0.08,16,0,2025-2026,del,D,https://www.eliteprospects.com/player/18632/bjorn-krupp,Bjorn Krupp
Maximilian Daubner (D),EHC München,37,2,5,7,0.19,18,2,2025-2026,del,D,https://www.eliteprospects.com/player/86655/maximilian-daubner,Maximilian Daubner
Norwin Panocha (D),Eisbären Berlin,36,0,3,3,0.08,12,-5,2025-2026,del,D,https://www.eliteprospects.com/player/796404/norwin-panocha,Norwin Panocha
Anthony Louis (C/LW),Augsburger Panther,36,14,13,27,0.75,10,2,2025-2026,del,C/LW,https://www.eliteprospects.com/player/151833/anthony-louis,Anthony Louis
Colt Conrad (C),Fischtown Pinguins,36,10,17,27,0.75,10,1,2025-2026,del,C,https://www.eliteprospects.com/player/199895/colt-conrad,Colt Conrad
Fabrizio Pilu (D),Augsburger Panther,36,0,4,4,0.11,18,-7,2025-2026,del,D,https://www.eliteprospects.com/player/340882/fabrizio-pilu,Fabrizio Pilu
Dominik Uher (C/LW),Kölner Haie,36,1,4,5,0.14,4,2,2025-2026,del,C/LW,https://www.eliteprospects.com/player/41098/dominik-uher,Dominik Uher
Tobias Fohrler (D),Adler Mannheim,35,0,1,1,0.03,36,0,2025-2026,del,D,https://www.eliteprospects.com/player/148120/tobias-fohrler,Tobias Fohrler
Phillip Sinn (D),EHC München,35,1,2,3,0.09,18,6,2025-2026,del,D,https://www.eliteprospects.com/player/564061/phillip-sinn,Phillip Sinn
Ty Ronning (RW/LW),Eisbären Berlin,34,19,18,37,1.09,10,11,2025-2026,del,RW/LW,https://www.eliteprospects.com/player/195952/ty-ronning,Ty Ronning
Nathan Burns (LW/C),Löwen Frankfurt,34,3,10,13,0.38,20,1,2025-2026,del,LW/C,https://www.eliteprospects.com/player/45643/nathan-burns,Nathan Burns
Jan Urbas (C/W),Fischtown Pinguins,34,12,17,29,0.85,14,5,2025-2026,del,C/W,https://www.eliteprospects.com/player/9500/jan-urbas,Jan Urbas
Parker Tuomie (RW),Kölner Haie,34,6,13,19,0.56,16,6,2025-2026,del,RW,https://www.eliteprospects.com/player/72683/parker-tuomie,Parker Tuomie
Felix Maegaard Scheel (LW/RW),Schwenninger Wild Wings,33,6,6,12,0.36,8,-5,2025-2026,del,LW/RW,https://www.eliteprospects.com/player/23951/felix-maegaard-scheel,Felix Maegaard Scheel
Bruno Riedl (D),Dresdner Eislöwen,33,0,3,3,0.09,14,-13,2025-2026,del,D,manual_bruno_riedl_d,Bruno Riedl
Tobias Rieder (W/C),EHC München,33,16,9,25,0.76,2,3,2025-2026,del,W/C,https://www.eliteprospects.com/player/34851/tobias-rieder,Tobias Rieder
Jakob Lilja (LW),Löwen Frankfurt,32,6,10,16,0.5,10,-7,2025-2026,del,LW,https://www.eliteprospects.com/player/16800/jakob-lilja,Jakob Lilja
Anthony Camara (W/C),Iserlohn Roosters,32,10,15,25,0.78,38,1,2025-2026,del,W/C,https://www.eliteprospects.com/player/45561/anthony-camara,Anthony Camara
Hayden Shaw (D),Adler Mannheim,32,1,2,3,0.09,17,6,2025-2026,del,D,https://www.eliteprospects.com/player/248320/hayden-shaw,Hayden Shaw
Philipp Bidoul (D),Löwen Frankfurt,32,0,3,3,0.09,2,-8,2025-2026,del,D,https://www.eliteprospects.com/player/560202/philipp-bidoul,Philipp Bidoul
Eric Uba (RW/LW),Multiple Teams,32,2,8,10,0.31,10,1,2025-2026,del,RW/LW,https://www.eliteprospects.com/player/370337/eric-uba,Eric Uba
Max Görtz (RW/LW),Fischtown Pinguins,32,2,9,11,0.34,6,-1,2025-2026,del,RW/LW,https://www.eliteprospects.com/player/27258/max-gortz,Max Gortz
Gordejs Radionovs (D),Iserlohn Roosters,31,0,0,0,0.0,2,-1,2025-2026,del,D,manual_gordejs_radionovs_d,Gordejs Radionovs
Jan Luca Sennhenn (D),Kölner Haie,31,1,5,6,0.19,10,9,2025-2026,del,D,https://www.eliteprospects.com/player/266988/jan-luca-sennhenn,Jan Luca Sennhenn
Will Weber (D),Schwenninger Wild Wings,31,1,2,3,0.1,37,2,2025-2026,del,D,https://www.eliteprospects.com/player/12515/will-weber,Will Weber
Timo Bakos (F),Nürnberg Ice Tigers,31,2,3,5,0.16,4,-1,2025-2026,del,F,manual_timo_bakos_f,Timo Bakos
Jake Ustorf (F),Nürnberg Ice Tigers,31,3,5,8,0.26,4,0,2025-2026,del,F,https://www.eliteprospects.com/player/310972/jake-ustorf,Jake Ustorf
C.J. Suess (C),Dresdner Eislöwen,31,4,5,9,0.29,12,-23,2025-2026,del,C,https://www.eliteprospects.com/player/195507/c.j.-suess,Cj Suess
Zach Senyshyn (RW),Schwenninger Wild Wings,31,10,5,15,0.48,2,1,2025-2026,del,RW,https://www.eliteprospects.com/player/245108/zach-senyshyn,Zach Senyshyn
Simon Karlsson (D),Dresdner Eislöwen,31,1,1,2,0.06,20,-29,2025-2026,del,D,https://www.eliteprospects.com/player/22501/simon-karlsson,Simon Karlsson
Rourke Chartier (C),Dresdner Eislöwen,30,4,14,18,0.6,4,-25,2025-2026,del,C,https://www.eliteprospects.com/player/120201/rourke-chartier,Rourke Chartier
Andrew Yogan (C/LW),Dresdner Eislöwen,30,8,5,13,0.43,2,-20,2025-2026,del,C/LW,https://www.eliteprospects.com/player/13839/andrew-yogan,Andrew Yogan
Niklas Postel (C/W),Dresdner Eislöwen,30,0,1,1,0.03,6,-15,2025-2026,del,C/W,manual_niklas_postel_c,Niklas Postel
Tim Gettinger (LW/C),Schwenninger Wild Wings,30,5,2,7,0.23,6,-4,2025-2026,del,LW/C,https://www.eliteprospects.com/player/272570/tim-gettinger,Tim Gettinger
Blaine Byron (C),Eisbären Berlin,29,7,10,17,0.59,16,6,2025-2026,del,C,https://www.eliteprospects.com/player/117940/blaine-byron,Blaine Byron
Eugen Alanov (LW),Nürnberg Ice Tigers,29,1,6,7,0.24,6,-6,2025-2026,del,LW,https://www.eliteprospects.com/player/263391/eugen-alanov,Eugen Alanov
Connor Korte (F),Dresdner Eislöwen,29,1,1,2,0.07,4,-9,2025-2026,del,F,manual_connor_korte_f,Connor Korte
Linus Brandl (C),Straubing Tigers,29,1,2,3,0.1,15,-2,2025-2026,del,C,https://www.eliteprospects.com/player/751866/linus-brandl,Linus Brandl
Korbinian Geibel (D),Eisbären Berlin,29,4,3,7,0.24,23,9,2025-2026,del,D,https://www.eliteprospects.com/player/382172/korbinian-geibel,Korbinian Geibel
Jason Bast (C),Augsburger Panther,28,2,6,8,0.29,6,-1,2025-2026,del,C,https://www.eliteprospects.com/player/11661/jason-bast,Jason Bast
Chris DeSousa (C/LW),EHC München,28,16,12,28,1.0,35,13,2025-2026,del,C/LW,https://www.eliteprospects.com/player/30925/chris-desousa,Chris Desousa
Zac Leslie (D),Straubing Tigers,28,5,15,20,0.71,15,4,2025-2026,del,D,https://www.eliteprospects.com/player/78063/zac-leslie,Zac Leslie
Nicholas B. Jensen (D/C),Fischtown Pinguins,28,1,8,9,0.32,29,4,2025-2026,del,D/C,https://www.eliteprospects.com/player/6635/nicholas-b.-jensen,Nicholas B Jensen
Chris Jandric (D),ERC Ingolstadt,28,1,4,5,0.18,18,-14,2025-2026,del,D,https://www.eliteprospects.com/player/332112/chris-jandric,Chris Jandric
Florian Elias (C),Augsburger Panther,27,2,2,4,0.15,6,-9,2025-2026,del,C,https://www.eliteprospects.com/player/382170/florian-elias,Florian Elias
Kevin Bicker (LW/RW),Multiple Teams,27,2,2,4,0.15,4,1,2025-2026,del,LW/RW,https://www.eliteprospects.com/player/752269/kevin-bicker,Kevin Bicker
Niklas Hübner (D),Schwenninger Wild Wings,27,0,3,3,0.11,6,1,2025-2026,del,D,https://www.eliteprospects.com/player/750194/niklas-hubner,Niklas Hubner
Leon van der Linde (D),Augsburger Panther,27,1,1,2,0.07,2,-7,2025-2026,del,D,https://www.eliteprospects.com/player/564199/leon-van-der-linde,Leon Van Der Linde
Jakin Smallwood (RW),ERC Ingolstadt,27,3,3,6,0.22,8,-2,2025-2026,del,RW,manual_jakin_smallwood_rw,Jakin Smallwood
Timo Kose (F),Löwen Frankfurt,26,4,1,5,0.19,12,-6,2025-2026,del,F,manual_timo_kose_f,Timo Kose
Jean-Sébastien Dea (C),Eisbären Berlin,26,2,4,6,0.23,8,-3,2025-2026,del,C,https://www.eliteprospects.com/player/128463/jean-sebastien-dea,Jeansebastien Dea
Ryan Merkley (D),Straubing Tigers,26,1,9,10,0.38,19,5,2025-2026,del,D,https://www.eliteprospects.com/player/273668/ryan-merkley,Ryan Merkley
Sinan Akdag (D),Nürnberg Ice Tigers,26,2,6,8,0.31,12,3,2025-2026,del,D,https://www.eliteprospects.com/player/19022/sinan-akdag,Sinan Akdag
Wade Allison (RW/LW),Straubing Tigers,24,6,9,15,0.63,8,5,2025-2026,del,RW/LW,https://www.eliteprospects.com/player/199949/wade-allison,Wade Allison
Moritz Wirth (D),Augsburger Panther,24,1,3,4,0.17,6,-4,2025-2026,del,D,https://www.eliteprospects.com/player/215513/moritz-wirth,Moritz Wirth
Peter Spornberger (D),ERC Ingolstadt,24,0,2,2,0.08,8,1,2025-2026,del,D,https://www.eliteprospects.com/player/381955/peter-spornberger,Peter Spornberger
Sten Fischer (D),Kölner Haie,23,0,1,1,0.04,2,-1,2025-2026,del,D,https://www.eliteprospects.com/player/475678/sten-fischer,Sten Fischer
Brendan O'Donnell (W/C),Adler Mannheim,23,6,3,9,0.39,12,-3,2025-2026,del,W/C,https://www.eliteprospects.com/player/40229/brendan-o-donnell,Brendan Odonnell
Matt Choupani (C),Grizzlys Wolfsburg,23,10,8,18,0.78,8,2,2025-2026,del,C,https://www.eliteprospects.com/player/201897/matt-choupani,Matt Choupani
Will Graber (C),Nürnberg Ice Tigers,22,4,7,11,0.5,18,-7,2025-2026,del,C,https://www.eliteprospects.com/player/248365/will-graber,Will Graber
Tomas Sykora (LW),Dresdner Eislöwen,22,0,2,2,0.09,2,-11,2025-2026,del,LW,https://www.eliteprospects.com/player/17749/tomas-sykora,Tomas Sykora
Markus Niemeläinen (D),Eisbären Berlin,22,0,3,3,0.14,4,2,2025-2026,del,D,https://www.eliteprospects.com/player/175894/markus-niemelainen,Markus Niemelainen
Oliver Granz (D),Dresdner Eislöwen,21,1,3,4,0.19,47,-8,2025-2026,del,D,manual_oliver_granz_d,Oliver Granz
Justin Büsing (F),Fischtown Pinguins,21,2,2,4,0.19,5,-3,2025-2026,del,F,https://www.eliteprospects.com/player/561650/justin-busing,Justin Busing
Noel Saffran (F),Iserlohn Roosters,21,0,0,0,0.0,0,-9,2025-2026,del,F,https://www.eliteprospects.com/player/644450/noel-saffran,Noel Saffran
Reid McNeill (D),Löwen Frankfurt,21,0,3,3,0.14,48,-4,2025-2026,del,D,https://www.eliteprospects.com/player/45609/reid-mcneill,Reid Mcneill
Philip Feist (F),Schwenninger Wild Wings,20,2,1,3,0.15,8,-4,2025-2026,del,F,https://www.eliteprospects.com/player/475712/philip-feist,Philip Feist
T.J. Trevelyan (LW),Augsburger Panther,20,4,3,7,0.35,0,1,2025-2026,del,LW,https://www.eliteprospects.com/player/9735/t.j.-trevelyan,Tj Trevelyan
Maximilian Eisenmenger (C/W),Iserlohn Roosters,19,2,4,6,0.32,6,-5,2025-2026,del,C/W,https://www.eliteprospects.com/player/240731/maximilian-eisenmenger,Maximilian Eisenmenger
Gemel Smith (C/W),Grizzlys Wolfsburg,19,8,2,10,0.53,10,-2,2025-2026,del,C/W,https://www.eliteprospects.com/player/122937/gemel-smith,Gemel Smith
Sebastian Zwickl (F),Augsburger Panther,19,1,1,2,0.11,0,-2,2025-2026,del,F,manual_sebastian_zwickl_f,Sebastian Zwickl
Simon Seidl (F),Straubing Tigers,19,1,2,3,0.16,2,-1,2025-2026,del,F,manual_simon_seidl_f,Simon Seidl
Tom Kühnhackl (W/C),Adler Mannheim,19,3,9,12,0.63,6,12,2025-2026,del,W/C,https://www.eliteprospects.com/player/17637/tom-kuhnhackl,Tom Kuhnhackl
Mike Connolly (LW),Straubing Tigers,19,3,7,10,0.53,6,2,2025-2026,del,LW,https://www.eliteprospects.com/player/18759/mike-connolly,Mike Connolly
Vadim Schreiner (C),EHC München,19,0,1,1,0.05,0,2,2025-2026,del,C,manual_vadim_schreiner_c,Vadim Schreiner
Nils Elten (D),Iserlohn Roosters,17,0,0,0,0.0,2,0,2025-2026,del,D,https://www.eliteprospects.com/player/394749/nils-elten,Nils Elten
Constantin Braun (D/LW),Nürnberg Ice Tigers,17,2,5,7,0.41,4,3,2025-2026,del,D/LW,https://www.eliteprospects.com/player/9273/constantin-braun,Constantin Braun
Niclas Hempel (D),Schwenninger Wild Wings,16,0,0,0,0.0,2,-4,2025-2026,del,D,manual_niclas_hempel_d,Niclas Hempel
Marco Münzenberger (F),Kölner Haie,16,0,0,0,0.0,2,-3,2025-2026,del,F,https://www.eliteprospects.com/player/791650/marco-munzenberger,Marco Munzenberger
Luis Üffing (F),Nürnberg Ice Tigers,15,0,1,1,0.07,2,-4,2025-2026,del,F,https://www.eliteprospects.com/player/267995/luis-uffing,Luis Uffing
Sven Ziegler (RW),Grizzlys Wolfsburg,15,1,1,2,0.13,7,-6,2025-2026,del,RW,https://www.eliteprospects.com/player/42740/sven-ziegler,Sven Ziegler
Manuel Alberg (RW),Iserlohn Roosters,14,0,0,0,0.0,4,-2,2025-2026,del,RW,https://www.eliteprospects.com/player/319267/manuel-alberg,Manuel Alberg
Rio Kaiser (D),EHC München,14,0,1,1,0.07,4,1,2025-2026,del,D,https://www.eliteprospects.com/player/866013/rio-kaiser,Rio Kaiser
Max Calce (C),Adler Mannheim,14,2,0,2,0.14,0,0,2025-2026,del,C,manual_max_calce_c,Max Calce
Colton Jobke (D),Iserlohn Roosters,13,0,2,2,0.15,4,-1,2025-2026,del,D,https://www.eliteprospects.com/player/45492/colton-jobke,Colton Jobke
Samir Kharboutli (LW/C),ERC Ingolstadt,13,1,0,1,0.08,12,0,2025-2026,del,LW/C,https://www.eliteprospects.com/player/273828/samir-kharboutli,Samir Kharboutli
Kai Wissmann (D),Eisbären Berlin,12,3,5,8,0.67,4,7,2025-2026,del,D,https://www.eliteprospects.com/player/85491/kai-wissmann,Kai Wissmann
Moritz Kretzschmar (D),Eisbären Berlin,11,0,1,1,0.09,2,1,2025-2026,del,D,manual_moritz_kretzschmar_d,Moritz Kretzschmar
Moritz Warnecke (D),EHC München,11,0,0,0,0.0,0,0,2025-2026,del,D,manual_moritz_warnecke_d,Moritz Warnecke
Felix Krüger (D),Dresdner Eislöwen,10,0,0,0,0.0,0,-3,2025-2026,del,D,manual_felix_kruger_d,Felix Kruger
David Farrance (D),Augsburger Panther,9,1,1,2,0.22,0,-6,2025-2026,del,D,https://www.eliteprospects.com/player/269310/david-farrance,David Farrance
Carter Proft (C/LW),Löwen Frankfurt,7,0,2,2,0.29,6,1,2025-2026,del,C/LW,https://www.eliteprospects.com/player/57034/carter-proft,Carter Proft
Liron Pellizzari (D),Augsburger Panther,7,0,0,0,0.0,0,0,2025-2026,del,D,manual_liron_pellizzari_d,Liron Pellizzari
C.J. Smith (LW),Fischtown Pinguins,7,3,4,7,1.0,0,3,2025-2026,del,LW,https://www.eliteprospects.com/player/151013/c.j.-smith,Cj Smith
Nicolas Schindler (F),ERC Ingolstadt,6,0,0,0,0.0,0,-1,2025-2026,del,F,https://www.eliteprospects.com/player/641491/nicolas-schindler,Nicolas Schindler
Bence Farkas (F),Iserlohn Roosters,6,0,0,0,0.0,0,-1,2025-2026,del,F,manual_bence_farkas_f,Bence Farkas
Colin Schlenker (D),Adler Mannheim,6,0,0,0,0.0,0,-2,2025-2026,del,D,manual_colin_schlenker_d,Colin Schlenker
Sebastian Cimmerman (F),Löwen Frankfurt,5,0,0,0,0.0,0,0,2025-2026,del,F,https://www.eliteprospects.com/player/399187/sebastian-cimmerman,Sebastian Cimmerman
Alberts Smits (D),EHC München,5,0,1,1,0.2,2,0,2025-2026,del,D,https://www.eliteprospects.com/player/876994/alberts-smits,Alberts Smits
Matthew Boucher (LW),ERC Ingolstadt,5,0,1,1,0.2,12,0,2025-2026,del,LW,https://www.eliteprospects.com/player/213477/matthew-boucher,Matthew Boucher
Luca Tosto (F),Augsburger Panther,4,0,0,0,0.0,0,-1,2025-2026,del,F,https://www.eliteprospects.com/player/317379/luca-tosto,Luca Tosto
Nick Mähler (D),Adler Mannheim,4,0,0,0,0.0,0,1,2025-2026,del,D,manual_nick_mahler_d,Nick Mahler
William Worge Kreü (D),Adler Mannheim,4,0,0,0,0.0,0,2,2025-2026,del,D,https://www.eliteprospects.com/player/281973/william-worge-kreu,William Worge Kreu
Patrick Khodorenko (C),Eisbären Berlin,4,1,2,3,0.75,2,-1,2025-2026,del,C,https://www.eliteprospects.com/player/233499/patrick-khodorenko,Patrick Khodorenko
Luca Münzenberger (D),Kölner Haie,3,0,0,0,0.0,0,0,2025-2026,del,D,manual_luca_munzenberger_d,Luca Munzenberger
Markus Nutivaara (D),Kölner Haie,3,0,2,2,0.67,0,-1,2025-2026,del,D,https://www.eliteprospects.com/player/47273/markus-nutivaara,Markus Nutivaara
Ivan Komirist (D),Dresdner Eislöwen,2,0,0,0,0.0,0,0,2025-2026,del,D,manual_ivan_komirist_d,Ivan Komirist
Lennard Nieleck (C/RW),Multiple Teams,2,0,0,0,0.0,0,-1,2025-2026,del,C/RW,https://www.eliteprospects.com/player/527418/lennard-nieleck,Lennard Nieleck
Tobias Schwarz (F),Straubing Tigers,1,0,0,0,0.0,0,1,2025-2026,del,F,manual_tobias_schwarz_f,Tobias Schwarz
Karl Gärtner (F),Dresdner Eislöwen,1,0,0,0,0.0,0,0,2025-2026,del,F,manual_karl_gartner_f,Karl Gartner
Til Raab (F),Grizzlys Wolfsburg,1,0,0,0,0.0,0,0,2025-2026,del,F,manual_til_raab_f,Til Raab
Malte Barthold (F),Dresdner Eislöwen,0,0,0,0,0.0,0,0,2025-2026,del,F,manual_malte_barthold_f,Malte Barthold
Maximilian Merkl (D),Nürnberg Ice Tigers,0,0,0,0,0.0,0,0,2025-2026,del,D,https://www.eliteprospects.com/player/866019/maximilian-merkl,Maximilian Merkl
Noah Münzenberger (D/F),Kölner Haie,0,0,0,0,0.0,0,0,2025-2026,del,D/F,manual_noah_munzenberger_d,Noah Munzenberger
Will Riedell (D),Fischtown Pinguins,0,0,0,0,0.0,0,0,2025-2026,del,D,https://www.eliteprospects.com/player/353791/will-riedell,Will Riedell
Lenny Boos (F),Fischtown Pinguins,0,0,0,0,0.0,0,0,2025-2026,del,F,https://www.eliteprospects.com/player/810736/lenny-boos,Lenny Boos
Samuel Soramies (F),Adler Mannheim,0,0,0,0,0.0,0,0,2025-2026,del,F,https://www.eliteprospects.com/player/148127/samuel-soramies,Samuel Soramies
Elias Schneider (C),Eisbären Berlin,0,0,0,0,0.0,0,0,2025-2026,del,C,https://www.eliteprospects.com/player/913505/elias-schneider,Elias Schneider
Lukas Jung (D),ERC Ingolstadt,0,0,0,0,0.0,0,0,2025-2026,del,D,https://www.eliteprospects.com/player/739449/lukas-jung,Lukas Jung
Marco Nowak (D),Eisbären Berlin,0,0,0,0,0.0,0,0,2025-2026,del,D,https://www.eliteprospects.com/player/17640/marco-nowak,Marco Nowak
Gregor Stocker (D),Eisbären Berlin,0,0,0,0,0.0,0,0,2025-2026,del,D,manual_gregor_stocker_d,Gregor Stocker
Alexander Ruuttu (C/W),Adler Mannheim,0,0,0,0,0.0,0,0,2025-2026,del,C/W,https://www.eliteprospects.com/player/45423/alexander-ruuttu,Alexander Ruuttu
Max Ziergiebel (F),Kölner Haie,0,0,0,0,0.0,0,0,2025-2026,del,F,manual_max_ziergiebel_f,Max Ziergiebel
Tobin Brandt (C),Kölner Haie,0,0,0,0,0.0,0,0,2025-2026,del,C,manual_tobin_brandt_c,Tobin Brandt
Dominik Klein (D),Kölner Haie,0,0,0,0,0.0,0,0,2025-2026,del,D,manual_dominik_klein_d,Dominik Klein
Connor Kurth (RW/LW),Multiple Teams,73,13,12,25,0.34,8,-9,2025-2026,echl,RW/LW,https://www.eliteprospects.com/player/512110/connor-kurth,Connor Kurth
Michael Gildon (C/LW),Allen Americans,72,21,34,55,0.76,42,21,2025-2026,echl,C/LW,https://www.eliteprospects.com/player/350055/michael-gildon,Michael Gildon
Danny Dzhaniyev (LW/C),Utah Grizzlies,72,24,49,73,1.01,22,-10,2025-2026,echl,LW/C,manual_danny_dzhaniyev_lw,Danny Dzhaniyev
Devon Paliani (C/RW),Tahoe Knight Monsters,72,32,33,65,0.9,107,-10,2025-2026,echl,C/RW,https://www.eliteprospects.com/player/204927/devon-paliani,Devon Paliani
Robert Cronin (C/RW),Maine Mariners,72,19,37,56,0.78,37,13,2025-2026,echl,C/RW,https://www.eliteprospects.com/player/393774/robert-cronin,Robert Cronin
Matt Petgrave (D),Indy Fuel,72,12,36,48,0.67,32,8,2025-2026,echl,D,https://www.eliteprospects.com/player/45597/matt-petgrave,Matt Petgrave
Carson Denomie (RW),Atlanta Gladiators,72,9,12,21,0.29,28,5,2025-2026,echl,RW,https://www.eliteprospects.com/player/287492/carson-denomie,Carson Denomie
Anthony Repaci (C),Worcester Railers,72,23,31,54,0.75,12,-12,2025-2026,echl,C,https://www.eliteprospects.com/player/214939/anthony-repaci,Anthony Repaci
Aaron Luchuk (C/LW),Orlando Solar Bears,72,22,31,53,0.74,12,-24,2025-2026,echl,C/LW,https://www.eliteprospects.com/player/225066/aaron-luchuk,Aaron Luchuk
Brent Johnson (D),Wheeling Nailers,72,12,43,55,0.76,47,18,2025-2026,echl,D,https://www.eliteprospects.com/player/512370/brent-johnson,Brent Johnson
Ryan O'Reilly (W/C),Greenville Swamp Rabbits,72,12,12,24,0.33,30,-19,2025-2026,echl,W/C,https://www.eliteprospects.com/player/276199/ryan-o-reilly,Ryan Oreilly
Josh McDougall (D),Norfolk Admirals,72,4,20,24,0.33,18,-3,2025-2026,echl,D,https://www.eliteprospects.com/player/200489/josh-mcdougall,Josh Mcdougall
John Gelatt (C/LW),Utah Grizzlies,72,14,11,25,0.35,12,-12,2025-2026,echl,C/LW,manual_john_gelatt_c,John Gelatt
Nicklas Andrews (D),Toledo Walleye,72,4,22,26,0.36,23,8,2025-2026,echl,D,https://www.eliteprospects.com/player/359528/nicklas-andrews,Nicklas Andrews
Brannon McManus (C/RW),Adirondack Thunder,72,31,36,67,0.93,40,12,2025-2026,echl,C/RW,https://www.eliteprospects.com/player/201453/brannon-mcmanus,Brannon Mcmanus
Ryan Wheeler (D),Adirondack Thunder,72,2,16,18,0.25,74,8,2025-2026,echl,D,https://www.eliteprospects.com/player/239049/ryan-wheeler,Ryan Wheeler
Casey Carreau (C),Kansas City Mavericks,72,23,28,51,0.71,30,31,2025-2026,echl,C,https://www.eliteprospects.com/player/229803/casey-carreau,Casey Carreau
Jack Randl (LW),Kansas City Mavericks,72,23,26,49,0.68,16,13,2025-2026,echl,LW,https://www.eliteprospects.com/player/276181/jack-randl,Jack Randl
Jeremy Hanzel (D),Adirondack Thunder,72,8,41,49,0.68,10,-4,2025-2026,echl,D,https://www.eliteprospects.com/player/538916/jeremy-hanzel,Jeremy Hanzel
Mike McKee (D),Tulsa Oilers,72,2,15,17,0.24,99,-9,2025-2026,echl,D,https://www.eliteprospects.com/player/75053/mike-mckee,Mike Mckee
Tim Lovell (D),Greenville Swamp Rabbits,72,6,26,32,0.44,45,-11,2025-2026,echl,D,https://www.eliteprospects.com/player/483774/tim-lovell,Tim Lovell
Chaz Smedsrud (LW/RW),Rapid City Rush,72,7,24,31,0.43,10,1,2025-2026,echl,LW/RW,https://www.eliteprospects.com/player/309839/chaz-smedsrud,Chaz Smedsrud
Ryan Cox (F),Kalamazoo Wings,72,17,13,30,0.42,36,-7,2025-2026,echl,F,https://www.eliteprospects.com/player/166657/ryan-cox,Ryan Cox
Jade Miller (C/LW),Idaho Steelheads,72,17,17,34,0.47,62,12,2025-2026,echl,C/LW,https://www.eliteprospects.com/player/329809/jade-miller,Jade Miller
Brandon Saigeon (C/LW),Reading Royals,72,14,25,39,0.54,37,-17,2025-2026,echl,C/LW,https://www.eliteprospects.com/player/239031/brandon-saigeon,Brandon Saigeon
Jesse Tucker (C/LW),Indy Fuel,72,12,26,38,0.53,69,4,2025-2026,echl,C/LW,https://www.eliteprospects.com/player/399244/jesse-tucker,Jesse Tucker
Joey Cipollone (C/RW),Atlanta Gladiators,72,17,20,37,0.51,48,7,2025-2026,echl,C/RW,https://www.eliteprospects.com/player/337954/joey-cipollone,Joey Cipollone
Charles Martin (D),Trois-Rivières Lions,72,14,27,41,0.57,68,-1,2025-2026,echl,D,https://www.eliteprospects.com/player/474667/charles-martin,Charles Martin
Andre Ghantous (RW/LW),Kalamazoo Wings,72,16,23,39,0.54,59,-20,2025-2026,echl,RW/LW,https://www.eliteprospects.com/player/342095/andre-ghantous,Andre Ghantous
Matt DeMelis (F),Worcester Railers,72,19,23,42,0.58,4,2,2025-2026,echl,F,https://www.eliteprospects.com/player/353498/matt-demelis,Matt Demelis
Liam Malmquist (LW/RW),Idaho Steelheads,72,26,21,47,0.65,2,-10,2025-2026,echl,LW/RW,https://www.eliteprospects.com/player/494422/liam-malmquist,Liam Malmquist
Jack O'Leary (F),Norfolk Admirals,72,16,31,47,0.65,16,-8,2025-2026,echl,F,https://www.eliteprospects.com/player/386412/jack-o-leary,Jack Oleary
Jordan Sambrook (D),Florida Everblades,72,9,38,47,0.65,48,62,2025-2026,echl,D,https://www.eliteprospects.com/player/268675/jordan-sambrook,Jordan Sambrook
Evan Friesen (C/W),Utah Grizzlies,72,27,19,46,0.64,6,-14,2025-2026,echl,C/W,https://www.eliteprospects.com/player/573365/evan-friesen,Evan Friesen
Ryan O'Hara (LW/C),Greenville Swamp Rabbits,72,15,27,42,0.58,40,1,2025-2026,echl,LW/C,https://www.eliteprospects.com/player/418529/ryan-o-hara,Ryan Ohara
Peter Bates (C/LW),Wichita Thunder,72,23,42,65,0.9,16,-11,2025-2026,echl,C/LW,https://www.eliteprospects.com/player/234402/peter-bates,Peter Bates
Oliver Chau (C),Florida Everblades,72,17,35,52,0.72,30,26,2025-2026,echl,C,https://www.eliteprospects.com/player/377479/oliver-chau,Oliver Chau
Harrison Blaisdell (C),Allen Americans,72,32,26,58,0.81,44,14,2025-2026,echl,C,https://www.eliteprospects.com/player/352089/harrison-blaisdell,Harrison Blaisdell
Tanner Dickinson (C/LW),Toledo Walleye,72,23,41,64,0.89,20,24,2025-2026,echl,C/LW,https://www.eliteprospects.com/player/201761/tanner-dickinson,Tanner Dickinson
Reed Lebster (C/LW),Utah Grizzlies,72,31,31,62,0.86,37,-6,2025-2026,echl,C/LW,https://www.eliteprospects.com/player/350429/reed-lebster,Reed Lebster
Alex Young (C/W),Atlanta Gladiators,72,27,32,59,0.82,40,5,2025-2026,echl,C/W,https://www.eliteprospects.com/player/351179/alex-young,Alex Young
Jay Dickman (C/LW),Wichita Thunder,72,24,35,59,0.82,16,-14,2025-2026,echl,C/LW,https://www.eliteprospects.com/player/178861/jay-dickman,Jay Dickman
Dustin Manz (C/RW),Indy Fuel,71,4,10,14,0.2,44,-17,2025-2026,echl,C/RW,https://www.eliteprospects.com/player/284095/dustin-manz,Dustin Manz
Brayden Watts (F),Allen Americans,71,24,51,75,1.06,12,12,2025-2026,echl,F,https://www.eliteprospects.com/player/364125/brayden-watts,Brayden Watts
Austin Magera (C/LW),Fort Wayne Komets,71,32,33,65,0.92,57,20,2025-2026,echl,C/LW,https://www.eliteprospects.com/player/354882/austin-magera,Austin Magera
Christian Berger (D),Indy Fuel,71,1,21,22,0.31,27,15,2025-2026,echl,D,https://www.eliteprospects.com/player/285393/christian-berger,Christian Berger
Spencer Blackwell (RW/C),Wichita Thunder,71,12,9,21,0.3,55,-15,2025-2026,echl,RW/C,https://www.eliteprospects.com/player/418680/spencer-blackwell,Spencer Blackwell
Liam Walsh (C/LW),Savannah Ghost Pirates,71,9,19,28,0.39,52,6,2025-2026,echl,C/LW,https://www.eliteprospects.com/player/273931/liam-walsh,Liam Walsh
Briley Wood (C/RW),Rapid City Rush,71,10,22,32,0.45,38,-8,2025-2026,echl,C/RW,https://www.eliteprospects.com/player/483546/briley-wood,Briley Wood
Kirby Proctor (D),Wichita Thunder,71,8,19,27,0.38,24,0,2025-2026,echl,D,https://www.eliteprospects.com/player/322174/kirby-proctor,Kirby Proctor
Colin Bilek (RW/LW),Kalamazoo Wings,71,22,18,40,0.56,100,-17,2025-2026,echl,RW/LW,https://www.eliteprospects.com/player/329219/colin-bilek,Colin Bilek
Jaxon Bellamy (D),Maine Mariners,71,4,15,19,0.27,66,23,2025-2026,echl,D,manual_jaxon_bellamy_d,Jaxon Bellamy
Nick Nardecchia (RW),Wichita Thunder,71,5,15,20,0.28,36,-22,2025-2026,echl,RW,manual_nick_nardecchia_rw,Nick Nardecchia
Craig Needham (C),Florida Everblades,71,22,23,45,0.63,28,22,2025-2026,echl,C,https://www.eliteprospects.com/player/300606/craig-needham,Craig Needham
Gunnarwolfe Fontaine (LW/C),Cincinnati Cyclones,71,21,24,45,0.63,28,-7,2025-2026,echl,LW/C,https://www.eliteprospects.com/player/364032/gunnarwolfe-fontaine,Gunnarwolfe Fontaine
Cody Sylvester (C/LW),Atlanta Gladiators,71,19,26,45,0.63,26,8,2025-2026,echl,C/LW,https://www.eliteprospects.com/player/23152/cody-sylvester,Cody Sylvester
Riley McCourt (D),Toledo Walleye,70,7,46,53,0.76,38,-8,2025-2026,echl,D,https://www.eliteprospects.com/player/333799/riley-mccourt,Riley Mccourt
Kirill Tyutyayev (LW/C),Fort Wayne Komets,70,22,46,68,0.97,28,21,2025-2026,echl,LW/C,https://www.eliteprospects.com/player/398223/kirill-tyutyayev,Kirill Tyutyayev
Marcus Crawford (D),Kansas City Mavericks,70,14,72,86,1.23,125,49,2025-2026,echl,D,https://www.eliteprospects.com/player/225297/marcus-crawford,Marcus Crawford
Maxim Andreev (C/LW),Maine Mariners,70,19,43,62,0.89,45,12,2025-2026,echl,C/LW,https://www.eliteprospects.com/player/337975/maxim-andreev,Maxim Andreev
Adam McMaster (C/LW),Multiple Teams,70,21,22,43,0.61,10,-13,2025-2026,echl,C/LW,https://www.eliteprospects.com/player/333800/adam-mcmaster,Adam Mcmaster
Lou-Félix Denis (RW/LW),Bloomington Bison,70,15,15,30,0.43,71,-8,2025-2026,echl,RW/LW,https://www.eliteprospects.com/player/568373/lou-felix-denis,Loufelix Denis
Nolan Sullivan (F),Kansas City Mavericks,70,9,22,31,0.44,50,10,2025-2026,echl,F,https://www.eliteprospects.com/player/201528/nolan-sullivan,Nolan Sullivan
Davis Pennington (D),Kalamazoo Wings,70,3,39,42,0.6,42,-1,2025-2026,echl,D,https://www.eliteprospects.com/player/369849/davis-pennington,Davis Pennington
Connor Lockhart (C),Wheeling Nailers,70,21,34,55,0.79,82,14,2025-2026,echl,C,https://www.eliteprospects.com/player/413673/connor-lockhart,Connor Lockhart
Tyson Fawcett (LW/RW),Adirondack Thunder,70,9,9,18,0.26,47,-12,2025-2026,echl,LW/RW,https://www.eliteprospects.com/player/76504/tyson-fawcett,Tyson Fawcett
Stan Cooley (C),South Carolina Stingrays,70,16,21,37,0.53,46,12,2025-2026,echl,C,manual_stan_cooley_c,Stan Cooley
Zach Faremouth (C/RW),Multiple Teams,70,10,11,21,0.3,40,-15,2025-2026,echl,C/RW,https://www.eliteprospects.com/player/283950/zach-faremouth,Zach Faremouth
Sam Craggs (LW/RW),Toledo Walleye,70,13,19,32,0.46,42,-1,2025-2026,echl,LW/RW,https://www.eliteprospects.com/player/270792/sam-craggs,Sam Craggs
Simon Pinard (LW),South Carolina Stingrays,70,30,43,73,1.04,20,9,2025-2026,echl,LW,https://www.eliteprospects.com/player/295310/simon-pinard,Simon Pinard
Brady Fleurent (F),Norfolk Admirals,70,31,32,63,0.9,10,-10,2025-2026,echl,F,https://www.eliteprospects.com/player/232657/brady-fleurent,Brady Fleurent
Christopher Cameron (D),Indy Fuel,70,3,12,15,0.21,96,16,2025-2026,echl,D,https://www.eliteprospects.com/player/284087/christopher-cameron,Christopher Cameron
Justin Vaive (LW),Cincinnati Cyclones,70,12,9,21,0.3,31,-11,2025-2026,echl,LW,https://www.eliteprospects.com/player/11468/justin-vaive,Justin Vaive
Ryan Wagner (RW/LW),Rapid City Rush,70,24,40,64,0.91,20,-24,2025-2026,echl,RW/LW,https://www.eliteprospects.com/player/234318/ryan-wagner,Ryan Wagner
Colton Hargrove (C/LW),Allen Americans,69,26,35,61,0.88,60,22,2025-2026,echl,C/LW,https://www.eliteprospects.com/player/74775/colton-hargrove,Colton Hargrove
Nolan Walker (C/RW),Kalamazoo Wings,69,20,32,52,0.75,8,-1,2025-2026,echl,C/RW,https://www.eliteprospects.com/player/311556/nolan-walker,Nolan Walker
Quinn Preston (C/W),Kalamazoo Wings,69,21,32,53,0.77,54,-2,2025-2026,echl,C/W,https://www.eliteprospects.com/player/357935/quinn-preston,Quinn Preston
Luc Salem (D),Utah Grizzlies,69,3,21,24,0.35,35,4,2025-2026,echl,D,https://www.eliteprospects.com/player/393505/luc-salem,Luc Salem
Tyler Weiss (W/C),Multiple Teams,69,18,27,45,0.65,52,-31,2025-2026,echl,W/C,https://www.eliteprospects.com/player/355485/tyler-weiss,Tyler Weiss
Lincoln Griffin (LW),Multiple Teams,69,10,13,23,0.33,16,-23,2025-2026,echl,LW,https://www.eliteprospects.com/player/248445/lincoln-griffin,Lincoln Griffin
Jack Brackett (LW/RW),Greenville Swamp Rabbits,69,11,2,13,0.19,10,-6,2025-2026,echl,LW/RW,https://www.eliteprospects.com/player/480312/jack-brackett,Jack Brackett
Jadon Joseph (C/RW),Indy Fuel,69,11,14,25,0.36,66,2,2025-2026,echl,C/RW,manual_jadon_joseph_c,Jadon Joseph
Shane Ott (LW/RW),Bloomington Bison,69,13,33,46,0.67,25,-19,2025-2026,echl,LW/RW,https://www.eliteprospects.com/player/422665/shane-ott,Shane Ott
Blake Murray (C/LW),Fort Wayne Komets,69,22,28,50,0.72,36,15,2025-2026,echl,C/LW,https://www.eliteprospects.com/player/416872/blake-murray,Blake Murray
Patrick Polino (C/RW),Greenville Swamp Rabbits,69,10,24,34,0.49,27,-23,2025-2026,echl,C/RW,https://www.eliteprospects.com/player/118433/patrick-polino,Patrick Polino
Jesse Lansdell (LW),Florida Everblades,69,11,21,32,0.46,89,23,2025-2026,echl,LW,https://www.eliteprospects.com/player/247463/jesse-lansdell,Jesse Lansdell
Will Hillman (C/LW),Multiple Teams,69,15,15,30,0.43,41,12,2025-2026,echl,C/LW,https://www.eliteprospects.com/player/470597/will-hillman,Will Hillman
Brandon Osmundson (F),Norfolk Admirals,69,21,25,46,0.67,74,-7,2025-2026,echl,F,https://www.eliteprospects.com/player/354855/brandon-osmundson,Brandon Osmundson
Jake Willets (D),Reading Royals,69,3,19,22,0.32,69,-19,2025-2026,echl,D,https://www.eliteprospects.com/player/364688/jake-willets,Jake Willets
Nicholas Zabaneh (C/LW),Savannah Ghost Pirates,69,27,24,51,0.74,36,-9,2025-2026,echl,C/LW,https://www.eliteprospects.com/player/418048/nicholas-zabaneh,Nicholas Zabaneh
Linus Hemström (RW/LW),Maine Mariners,69,13,22,35,0.51,25,2,2025-2026,echl,RW/LW,https://www.eliteprospects.com/player/574663/linus-hemstrom,Linus Hemstrom
Ben Meehan (D),Reading Royals,69,12,34,46,0.67,58,9,2025-2026,echl,D,https://www.eliteprospects.com/player/499017/ben-meehan,Ben Meehan
Dennis Cesana (D),Savannah Ghost Pirates,69,7,33,40,0.58,30,2,2025-2026,echl,D,https://www.eliteprospects.com/player/300960/dennis-cesana,Dennis Cesana
Luke Adam (C/LW),Tahoe Knight Monsters,69,20,27,47,0.68,46,-30,2025-2026,echl,C/LW,https://www.eliteprospects.com/player/13785/luke-adam,Luke Adam
Brandon Hawkins (RW/LW),Toledo Walleye,69,35,43,78,1.13,20,6,2025-2026,echl,RW/LW,https://www.eliteprospects.com/player/101957/brandon-hawkins,Brandon Hawkins
Logan Pietila (C/RW),Wheeling Nailers,68,18,31,49,0.72,12,17,2025-2026,echl,C/RW,https://www.eliteprospects.com/player/316107/logan-pietila,Logan Pietila
Brett Davis (C),Rapid City Rush,68,20,28,48,0.71,34,-17,2025-2026,echl,C,https://www.eliteprospects.com/player/201702/brett-davis,Brett Davis
Lincoln Hatten (F),Worcester Railers,68,13,12,25,0.37,129,1,2025-2026,echl,F,https://www.eliteprospects.com/player/393068/lincoln-hatten,Lincoln Hatten
Patrick Bajkov (RW/LW),Jacksonville Icemen,68,5,21,26,0.38,28,-8,2025-2026,echl,RW/LW,https://www.eliteprospects.com/player/199940/patrick-bajkov,Patrick Bajkov
Blake Bennett (LW/RW),Multiple Teams,68,27,34,61,0.9,73,-13,2025-2026,echl,LW/RW,https://www.eliteprospects.com/player/337876/blake-bennett,Blake Bennett
Nikita Sedov (D),Bloomington Bison,68,13,46,59,0.87,22,29,2025-2026,echl,D,https://www.eliteprospects.com/player/465239/nikita-sedov,Nikita Sedov
Justin Taylor (C),Adirondack Thunder,68,20,19,39,0.57,48,6,2025-2026,echl,C,https://www.eliteprospects.com/player/14011/justin-taylor,Justin Taylor
David Cotton (C),Kansas City Mavericks,68,27,20,47,0.69,26,25,2025-2026,echl,C,https://www.eliteprospects.com/player/225022/david-cotton,David Cotton
Cole Donhauser (C/W),Worcester Railers,68,9,18,27,0.4,81,-2,2025-2026,echl,C/W,https://www.eliteprospects.com/player/355120/cole-donhauser,Cole Donhauser
Anthony Poulin (C),Trois-Rivières Lions,68,13,15,28,0.41,44,8,2025-2026,echl,C,https://www.eliteprospects.com/player/267630/anthony-poulin,Anthony Poulin
Thomas Stewart (D),Iowa Heartlanders,68,9,11,20,0.29,34,-14,2025-2026,echl,D,https://www.eliteprospects.com/player/529403/thomas-stewart,Thomas Stewart
Xander Lamppa (C/LW),Maine Mariners,68,16,13,29,0.43,26,6,2025-2026,echl,C/LW,https://www.eliteprospects.com/player/416207/xander-lamppa,Xander Lamppa
Ryan Francis (RW/C),Atlanta Gladiators,68,7,23,30,0.44,26,2,2025-2026,echl,RW/C,https://www.eliteprospects.com/player/305092/ryan-francis,Ryan Francis
Sam Jardine (D),Idaho Steelheads,68,1,20,21,0.31,80,23,2025-2026,echl,D,https://www.eliteprospects.com/player/54059/sam-jardine,Sam Jardine
Craig Armstrong (C/LW),Wheeling Nailers,68,12,23,35,0.51,33,29,2025-2026,echl,C/LW,https://www.eliteprospects.com/player/475177/craig-armstrong,Craig Armstrong
Max Dorrington (RW/LW),Worcester Railers,68,7,14,21,0.31,57,-14,2025-2026,echl,RW/LW,https://www.eliteprospects.com/player/505134/max-dorrington,Max Dorrington
T.J. Friedmann (W/C),Multiple Teams,68,14,10,24,0.35,10,-10,2025-2026,echl,W/C,https://www.eliteprospects.com/player/300839/t.j.-friedmann,Tj Friedmann
Jake McLaughlin (D),Kansas City Mavericks,68,4,16,20,0.29,72,13,2025-2026,echl,D,https://www.eliteprospects.com/player/234406/jake-mclaughlin,Jake Mclaughlin
Anthony Bardaro (C),Orlando Solar Bears,68,18,26,44,0.65,26,-24,2025-2026,echl,C,https://www.eliteprospects.com/player/37187/anthony-bardaro,Anthony Bardaro
Logan Britt (D),Orlando Solar Bears,68,2,18,20,0.29,18,-10,2025-2026,echl,D,https://www.eliteprospects.com/player/201459/logan-britt,Logan Britt
Taos Jordan (D),Jacksonville Icemen,67,7,18,25,0.37,62,4,2025-2026,echl,D,manual_taos_jordan_d,Taos Jordan
Dru Krebs (D),Fort Wayne Komets,67,4,15,19,0.28,32,31,2025-2026,echl,D,https://www.eliteprospects.com/player/496418/dru-krebs,Dru Krebs
Ryan Conroy (D),Atlanta Gladiators,67,5,12,17,0.25,68,6,2025-2026,echl,D,https://www.eliteprospects.com/player/413320/ryan-conroy,Ryan Conroy
Marko Reifenberger (C),Norfolk Admirals,67,8,8,16,0.24,71,-6,2025-2026,echl,C,https://www.eliteprospects.com/player/312322/marko-reifenberger,Marko Reifenberger
Dean Loukus (LW),South Carolina Stingrays,67,9,15,24,0.36,31,2,2025-2026,echl,LW,https://www.eliteprospects.com/player/610235/dean-loukus,Dean Loukus
Matt Salhany (RW),Adirondack Thunder,67,17,25,42,0.63,6,-6,2025-2026,echl,RW,https://www.eliteprospects.com/player/241429/matt-salhany,Matt Salhany
Nolan Orzeck (D),Multiple Teams,67,7,18,25,0.37,16,-13,2025-2026,echl,D,https://www.eliteprospects.com/player/322147/nolan-orzeck,Nolan Orzeck
Denis Smirnov (C/LW),Multiple Teams,67,17,23,40,0.6,26,4,2025-2026,echl,C/LW,https://www.eliteprospects.com/player/248278/denis-smirnov,Denis Smirnov
Kaelan Taylor (D),Tahoe Knight Monsters,67,3,17,20,0.3,24,9,2025-2026,echl,D,https://www.eliteprospects.com/player/393158/kaelan-taylor,Kaelan Taylor
Michael Suda (D),Multiple Teams,67,5,34,39,0.58,22,2,2025-2026,echl,D,https://www.eliteprospects.com/player/485646/michael-suda,Michael Suda
Chase McLane (C/RW),Adirondack Thunder,67,6,12,18,0.27,51,-4,2025-2026,echl,C/RW,manual_chase_mclane_c,Chase Mclane
Jalen Smereck (D),Fort Wayne Komets,67,10,47,57,0.85,101,21,2025-2026,echl,D,https://www.eliteprospects.com/player/245353/jalen-smereck,Jalen Smereck
Colin Saccoman (D),Kalamazoo Wings,67,8,14,22,0.33,56,8,2025-2026,echl,D,https://www.eliteprospects.com/player/226456/colin-saccoman,Colin Saccoman
Artyom Borshyov (D),Greensboro Gargoyles,67,3,18,21,0.31,45,4,2025-2026,echl,D,https://www.eliteprospects.com/player/470251/artyom-borshyov,Artyom Borshyov
Yegor Goryunov (RW/LW),Trois-Rivières Lions,67,4,9,13,0.19,27,-1,2025-2026,echl,RW/LW,manual_yegor_goryunov_rw,Yegor Goryunov
Trent Swick (LW/RW),Tahoe Knight Monsters,67,25,25,50,0.75,83,5,2025-2026,echl,LW/RW,manual_trent_swick_lw,Trent Swick
Michael Marchesan (LW/RW),Indy Fuel,66,7,6,13,0.2,88,-15,2025-2026,echl,LW/RW,https://www.eliteprospects.com/player/406982/michael-marchesan,Michael Marchesan
Antonio Venuto (RW),Multiple Teams,66,17,17,34,0.52,10,5,2025-2026,echl,RW,https://www.eliteprospects.com/player/283955/antonio-venuto,Antonio Venuto
Alex Aleardi (C/RW),Fort Wayne Komets,66,24,22,46,0.7,66,16,2025-2026,echl,C/RW,https://www.eliteprospects.com/player/32725/alex-aleardi,Alex Aleardi
Kristóf Papp (C),Norfolk Admirals,66,20,26,46,0.7,29,-6,2025-2026,echl,C,https://www.eliteprospects.com/player/369932/kristof-papp,Kristof Papp
Max Graham (C/LW),Wheeling Nailers,66,11,13,24,0.36,101,-8,2025-2026,echl,C/LW,manual_max_graham_c,Max Graham
Cédric Desruisseaux (W/C),Trois-Rivières Lions,66,17,16,33,0.5,32,2,2025-2026,echl,W/C,https://www.eliteprospects.com/player/335688/cedric-desruisseaux,Cedric Desruisseaux
Nick Rhéaume (LW/C),Cincinnati Cyclones,66,15,18,33,0.5,137,-1,2025-2026,echl,LW/C,manual_nick_rheaume_lw,Nick Rheaume
Parker Berge (D),Greenville Swamp Rabbits,66,8,15,23,0.35,51,-19,2025-2026,echl,D,https://www.eliteprospects.com/player/476531/parker-berge,Parker Berge
Tyler Bird (RW),Orlando Solar Bears,66,16,22,38,0.58,61,-11,2025-2026,echl,RW,https://www.eliteprospects.com/player/178706/tyler-bird,Tyler Bird
Artyom Kulakov (D),Reading Royals,66,3,7,10,0.15,150,7,2025-2026,echl,D,https://www.eliteprospects.com/player/527715/artyom-kulakov,Artyom Kulakov
Elijah Vilio (D),Cincinnati Cyclones,66,10,16,26,0.39,26,6,2025-2026,echl,D,https://www.eliteprospects.com/player/392346/elijah-vilio,Elijah Vilio
Tanner Kelly (C/RW),Toledo Walleye,66,25,25,50,0.76,40,13,2025-2026,echl,C/RW,manual_tanner_kelly_c,Tanner Kelly
Keaton Pehrson (D),Savannah Ghost Pirates,66,3,14,17,0.26,10,5,2025-2026,echl,D,https://www.eliteprospects.com/player/300994/keaton-pehrson,Keaton Pehrson
Sam Sedley (D),Allen Americans,66,8,47,55,0.83,26,22,2025-2026,echl,D,https://www.eliteprospects.com/player/525665/sam-sedley,Sam Sedley
Jackson Jutting (C/LW),Kansas City Mavericks,66,30,29,59,0.89,25,11,2025-2026,echl,C/LW,manual_jackson_jutting_c,Jackson Jutting
Andre Anania (D),Allen Americans,66,6,36,42,0.64,63,22,2025-2026,echl,D,https://www.eliteprospects.com/player/651956/andre-anania,Andre Anania
Josh Nelson (C/LW),Tulsa Oilers,66,16,17,33,0.5,12,-8,2025-2026,echl,C/LW,https://www.eliteprospects.com/player/274015/josh-nelson,Josh Nelson
Cameron Buhl (C/LW),Rapid City Rush,66,21,12,33,0.5,30,-1,2025-2026,echl,C/LW,https://www.eliteprospects.com/player/362017/cameron-buhl,Cameron Buhl
Jacob Graves (D),Adirondack Thunder,66,0,13,13,0.2,205,19,2025-2026,echl,D,https://www.eliteprospects.com/player/149615/jacob-graves,Jacob Graves
Yuki Miura (C/RW),Iowa Heartlanders,66,8,14,22,0.33,22,-16,2025-2026,echl,C/RW,https://www.eliteprospects.com/player/277409/yuki-miura,Yuki Miura
Chase Pauls (D),Rapid City Rush,66,3,18,21,0.32,11,0,2025-2026,echl,D,https://www.eliteprospects.com/player/569256/chase-pauls,Chase Pauls
Chad Nychuk (D),Atlanta Gladiators,66,8,45,53,0.8,50,17,2025-2026,echl,D,https://www.eliteprospects.com/player/351204/chad-nychuk,Chad Nychuk
Brehdan Engum (D),Norfolk Admirals,66,2,16,18,0.27,64,8,2025-2026,echl,D,manual_brehdan_engum_d,Brehdan Engum
Mickey Burns (LW),Atlanta Gladiators,66,7,7,14,0.21,10,-1,2025-2026,echl,LW,https://www.eliteprospects.com/player/355843/mickey-burns,Mickey Burns
Nolan Kneen (D),Wichita Thunder,66,5,16,21,0.32,60,-9,2025-2026,echl,D,https://www.eliteprospects.com/player/201691/nolan-kneen,Nolan Kneen
Deni Goure (C/W),Multiple Teams,66,20,29,49,0.74,28,1,2025-2026,echl,C/W,https://www.eliteprospects.com/player/505395/deni-goure,Deni Goure
Justin Michaelian (RW/LW),Tulsa Oilers,66,9,21,30,0.45,34,1,2025-2026,echl,RW/LW,https://www.eliteprospects.com/player/271333/justin-michaelian,Justin Michaelian
Ryan Chyzowski (LW/C),Rapid City Rush,65,30,23,53,0.82,73,-1,2025-2026,echl,LW/C,https://www.eliteprospects.com/player/344066/ryan-chyzowski,Ryan Chyzowski
Zachary Okabe (RW/LW),Kalamazoo Wings,65,19,37,56,0.86,10,8,2025-2026,echl,RW/LW,https://www.eliteprospects.com/player/337754/zachary-okabe,Zachary Okabe
Cullen Ferguson (D),Bloomington Bison,65,1,12,13,0.2,36,3,2025-2026,echl,D,https://www.eliteprospects.com/player/418452/cullen-ferguson,Cullen Ferguson
Nolan Krenzen (D),South Carolina Stingrays,65,5,8,13,0.2,26,22,2025-2026,echl,D,https://www.eliteprospects.com/player/376195/nolan-krenzen,Nolan Krenzen
Brenden Datema (D),Bloomington Bison,65,4,12,16,0.25,89,19,2025-2026,echl,D,https://www.eliteprospects.com/player/284029/brenden-datema,Brenden Datema
Jacob Dion (D),Trois-Rivières Lions,65,6,26,32,0.49,20,2,2025-2026,echl,D,manual_jacob_dion_d,Jacob Dion
Patrick Guzzo (C),South Carolina Stingrays,65,8,19,27,0.42,14,7,2025-2026,echl,C,https://www.eliteprospects.com/player/359536/patrick-guzzo,Patrick Guzzo
Trevor Zins (D),Multiple Teams,65,2,15,17,0.26,26,-9,2025-2026,echl,D,https://www.eliteprospects.com/player/361905/trevor-zins,Trevor Zins
Evan Nause (D),Savannah Ghost Pirates,65,4,18,22,0.34,67,-13,2025-2026,echl,D,https://www.eliteprospects.com/player/507089/evan-nause,Evan Nause
Mike O'Leary (C),Tahoe Knight Monsters,65,12,21,33,0.51,51,-10,2025-2026,echl,C,https://www.eliteprospects.com/player/195036/mike-o-leary,Mike Oleary
Quinn Warmuth (D),Allen Americans,65,7,13,20,0.31,14,7,2025-2026,echl,D,https://www.eliteprospects.com/player/393082/quinn-warmuth,Quinn Warmuth
Matt Koopman (C/LW),Savannah Ghost Pirates,65,10,12,22,0.34,12,-2,2025-2026,echl,C/LW,https://www.eliteprospects.com/player/301142/matt-koopman,Matt Koopman
Oliver Cooper (C),Florida Everblades,65,12,13,25,0.38,83,20,2025-2026,echl,C,https://www.eliteprospects.com/player/129344/oliver-cooper,Oliver Cooper
Parker Gavlas (D),Bloomington Bison,65,10,9,19,0.29,60,8,2025-2026,echl,D,https://www.eliteprospects.com/player/201554/parker-gavlas,Parker Gavlas
Jaden Condotta (D),Jacksonville Icemen,65,2,11,13,0.2,68,-7,2025-2026,echl,D,https://www.eliteprospects.com/player/507453/jaden-condotta,Jaden Condotta
Riley Piercey (LW/RW),Worcester Railers,65,7,10,17,0.26,76,-6,2025-2026,echl,LW/RW,https://www.eliteprospects.com/player/486072/riley-piercey,Riley Piercey
Ethan Scardina (C),Atlanta Gladiators,65,3,6,9,0.14,23,-9,2025-2026,echl,C,manual_ethan_scardina_c,Ethan Scardina
Anthony Callin (C/W/D),Worcester Railers,65,18,28,46,0.71,57,11,2025-2026,echl,C/W/D,https://www.eliteprospects.com/player/311043/anthony-callin,Anthony Callin
Trevor Janicke (RW/C),Fort Wayne Komets,64,11,17,28,0.44,22,15,2025-2026,echl,RW/C,https://www.eliteprospects.com/player/363897/trevor-janicke,Trevor Janicke
Luke Loheit (RW/C),Kansas City Mavericks,64,11,22,33,0.52,55,4,2025-2026,echl,RW/C,https://www.eliteprospects.com/player/443742/luke-loheit,Luke Loheit
Logan Drevitch (LW/C),Savannah Ghost Pirates,64,9,28,37,0.58,94,-2,2025-2026,echl,LW/C,https://www.eliteprospects.com/player/229674/logan-drevitch,Logan Drevitch
Cam Hausinger (RW/LW),Multiple Teams,64,15,16,31,0.48,68,-1,2025-2026,echl,RW/LW,https://www.eliteprospects.com/player/300074/cam-hausinger,Cam Hausinger
Jonny Sorenson (F),Iowa Heartlanders,64,14,12,26,0.41,57,-17,2025-2026,echl,F,https://www.eliteprospects.com/player/425531/jonny-sorenson,Jonny Sorenson
Jake Murray (D),Greenville Swamp Rabbits,64,2,18,20,0.31,8,16,2025-2026,echl,D,https://www.eliteprospects.com/player/503980/jake-murray,Jake Murray
Josh Atkinson (D),Multiple Teams,64,8,30,38,0.59,99,-2,2025-2026,echl,D,https://www.eliteprospects.com/player/57028/josh-atkinson,Josh Atkinson
Drew Callin (C/RW),Worcester Railers,64,25,18,43,0.67,30,0,2025-2026,echl,C/RW,https://www.eliteprospects.com/player/190462/drew-callin,Drew Callin
Dyllan Gill (D),Orlando Solar Bears,64,3,15,18,0.28,25,2,2025-2026,echl,D,https://www.eliteprospects.com/player/573869/dyllan-gill,Dyllan Gill
Aiden Hansen-Bukata (D),Utah Grizzlies,64,6,40,46,0.72,22,-14,2025-2026,echl,D,https://www.eliteprospects.com/player/340231/aiden-hansen-bukata,Aiden Hansenbukata
Anthony Romano (C/RW),Florida Everblades,64,26,36,62,0.97,14,27,2025-2026,echl,C/RW,https://www.eliteprospects.com/player/438110/anthony-romano,Anthony Romano
Brooklyn Kalmikov (RW/LW),Maine Mariners,64,21,41,62,0.97,20,7,2025-2026,echl,RW/LW,https://www.eliteprospects.com/player/290173/brooklyn-kalmikov,Brooklyn Kalmikov
Anthony Rinaldi (LW/RW),Multiple Teams,64,17,18,35,0.55,4,-10,2025-2026,echl,LW/RW,https://www.eliteprospects.com/player/295899/anthony-rinaldi,Anthony Rinaldi
Tristan Thompson (D),Multiple Teams,64,5,26,31,0.48,26,12,2025-2026,echl,D,https://www.eliteprospects.com/player/107859/tristan-thompson,Tristan Thompson
Jayden Lee (D),Kalamazoo Wings,64,6,24,30,0.47,20,-7,2025-2026,echl,D,https://www.eliteprospects.com/player/351553/jayden-lee,Jayden Lee
Reece Harsch (D),Fort Wayne Komets,64,5,14,19,0.3,28,12,2025-2026,echl,D,https://www.eliteprospects.com/player/258383/reece-harsch,Reece Harsch
Colby Enns (D),Utah Grizzlies,63,5,12,17,0.27,12,3,2025-2026,echl,D,https://www.eliteprospects.com/player/438775/colby-enns,Colby Enns
Zach Jordan (RW/LW),Multiple Teams,63,16,15,31,0.49,71,17,2025-2026,echl,RW/LW,https://www.eliteprospects.com/player/267342/zach-jordan,Zach Jordan
Brandon Yeamans (C/RW),Bloomington Bison,63,4,4,8,0.13,119,-6,2025-2026,echl,C/RW,https://www.eliteprospects.com/player/268996/brandon-yeamans,Brandon Yeamans
Nick Granowicz (C/RW),Savannah Ghost Pirates,63,12,14,26,0.41,15,14,2025-2026,echl,C/RW,https://www.eliteprospects.com/player/309490/nick-granowicz,Nick Granowicz
Mark Estapa (C/LW),Trois-Rivières Lions,63,7,8,15,0.24,65,4,2025-2026,echl,C/LW,https://www.eliteprospects.com/player/201764/mark-estapa,Mark Estapa
Connor McMenamin (LW),Reading Royals,63,14,15,29,0.46,16,-6,2025-2026,echl,LW,https://www.eliteprospects.com/player/269307/connor-mcmenamin,Connor Mcmenamin
Luke Grainger (RW/C),Cincinnati Cyclones,63,19,10,29,0.46,22,-20,2025-2026,echl,RW/C,https://www.eliteprospects.com/player/201540/luke-grainger,Luke Grainger
Keaton Mastrodonato (RW),Greenville Swamp Rabbits,63,26,24,50,0.79,24,-9,2025-2026,echl,RW,https://www.eliteprospects.com/player/344047/keaton-mastrodonato,Keaton Mastrodonato
Drake Burgin (D),Kansas City Mavericks,63,2,24,26,0.41,28,6,2025-2026,echl,D,https://www.eliteprospects.com/player/483617/drake-burgin,Drake Burgin
Hunter Strand (C),Kalamazoo Wings,63,14,16,30,0.48,12,3,2025-2026,echl,C,manual_hunter_strand_c,Hunter Strand
Kyle Haskins (C/LW),Reading Royals,63,11,17,28,0.44,39,-7,2025-2026,echl,C/LW,https://www.eliteprospects.com/player/349139/kyle-haskins,Kyle Haskins
Jacob Frasca (C/RW),Reading Royals,63,12,16,28,0.44,113,-9,2025-2026,echl,C/RW,https://www.eliteprospects.com/player/640281/jacob-frasca,Jacob Frasca
Ryan Nolan (F),Atlanta Gladiators,63,11,17,28,0.44,45,10,2025-2026,echl,F,https://www.eliteprospects.com/player/233539/ryan-nolan,Ryan Nolan
Nathan Noel (C/RW),Multiple Teams,63,2,8,10,0.16,114,-6,2025-2026,echl,C/RW,https://www.eliteprospects.com/player/183451/nathan-noel,Nathan Noel
Cam McDonald (D),Worcester Railers,63,1,12,13,0.21,32,9,2025-2026,echl,D,https://www.eliteprospects.com/player/376511/cam-mcdonald,Cam Mcdonald
Hudson Wilson (D),Kansas City Mavericks,63,5,7,12,0.19,92,17,2025-2026,echl,D,https://www.eliteprospects.com/player/273663/hudson-wilson,Hudson Wilson
Hank Crone (RW/LW),Allen Americans,63,13,37,50,0.79,24,-12,2025-2026,echl,RW/LW,https://www.eliteprospects.com/player/268445/hank-crone,Hank Crone
Dalton Skelly (D),Greensboro Gargoyles,63,2,12,14,0.22,10,-31,2025-2026,echl,D,https://www.eliteprospects.com/player/320911/dalton-skelly,Dalton Skelly
Anthony Costantini (D),Allen Americans,63,2,10,12,0.19,10,4,2025-2026,echl,D,https://www.eliteprospects.com/player/531688/anthony-costantini,Anthony Costantini
Jacob Hudson (C/RW),Maine Mariners,63,23,26,49,0.78,33,6,2025-2026,echl,C/RW,https://www.eliteprospects.com/player/266583/jacob-hudson,Jacob Hudson
Will Ennis (D),Indy Fuel,63,1,3,4,0.06,22,-5,2025-2026,echl,D,manual_will_ennis_d,Will Ennis
Bobby Russell (D),Multiple Teams,62,5,17,22,0.35,67,-13,2025-2026,echl,D,https://www.eliteprospects.com/player/337737/bobby-russell,Bobby Russell
Anthony Beauregard (C/RW),Trois-Rivières Lions,62,16,37,53,0.85,20,-8,2025-2026,echl,C/RW,https://www.eliteprospects.com/player/151144/anthony-beauregard,Anthony Beauregard
Danny Katic (LW/RW),Allen Americans,62,38,32,70,1.13,109,21,2025-2026,echl,LW/RW,https://www.eliteprospects.com/player/313394/danny-katic,Danny Katic
Aaron Bohlinger (D),Cincinnati Cyclones,62,2,20,22,0.35,16,5,2025-2026,echl,D,manual_aaron_bohlinger_d,Aaron Bohlinger
Jordan Martin (LW/C),Indy Fuel,62,6,9,15,0.24,27,-9,2025-2026,echl,LW/C,https://www.eliteprospects.com/player/306969/jordan-martin,Jordan Martin
Jarid Lukosevicius (RW),Orlando Solar Bears,62,12,21,33,0.53,76,-12,2025-2026,echl,RW,https://www.eliteprospects.com/player/102225/jarid-lukosevicius,Jarid Lukosevicius
Nathaël Roy (RW/LW),Toledo Walleye,62,9,12,21,0.34,20,6,2025-2026,echl,RW/LW,manual_nathael_roy_rw,Nathael Roy
David Jankowski (C/RW),Multiple Teams,62,9,23,32,0.52,0,-13,2025-2026,echl,C/RW,https://www.eliteprospects.com/player/246143/david-jankowski,David Jankowski
Connor Doherty (D),Florida Everblades,62,3,15,18,0.29,115,32,2025-2026,echl,D,https://www.eliteprospects.com/player/131529/connor-doherty,Connor Doherty
Jake McGrew (RW),Tahoe Knight Monsters,62,22,14,36,0.58,17,-16,2025-2026,echl,RW,https://www.eliteprospects.com/player/201452/jake-mcgrew,Jake Mcgrew
Isak Walther (RW),Atlanta Gladiators,62,23,20,43,0.69,28,8,2025-2026,echl,RW,manual_isak_walther_rw,Isak Walther
Dustin Geregach (D),Multiple Teams,62,5,16,21,0.34,60,-3,2025-2026,echl,D,https://www.eliteprospects.com/player/566211/dustin-geregach,Dustin Geregach
Colby McAuley (C/LW),Allen Americans,62,25,23,48,0.77,61,8,2025-2026,echl,C/LW,https://www.eliteprospects.com/player/131274/colby-mcauley,Colby Mcauley
Matt Quercia (C/LW),Wheeling Nailers,62,17,16,33,0.53,154,-3,2025-2026,echl,C/LW,https://www.eliteprospects.com/player/354321/matt-quercia,Matt Quercia
Jack O'Brien (C),Multiple Teams,62,28,23,51,0.82,38,4,2025-2026,echl,C,https://www.eliteprospects.com/player/538376/jack-o-brien,Jack Obrien
Lee Lapid (C/RW),Indy Fuel,62,15,19,34,0.55,30,6,2025-2026,echl,C/RW,https://www.eliteprospects.com/player/269110/lee-lapid,Lee Lapid
Powell Connor (D),Kalamazoo Wings,62,2,9,11,0.18,127,-6,2025-2026,echl,D,https://www.eliteprospects.com/player/337776/powell-connor,Powell Connor
Adam Samuelsson (D),Worcester Railers,62,1,11,12,0.19,55,5,2025-2026,echl,D,https://www.eliteprospects.com/player/272014/adam-samuelsson,Adam Samuelsson
Noah Carroll (D),Savannah Ghost Pirates,62,4,8,12,0.19,50,4,2025-2026,echl,D,https://www.eliteprospects.com/player/240028/noah-carroll,Noah Carroll
Ethan Szmagaj (D),Multiple Teams,62,3,11,14,0.23,30,-3,2025-2026,echl,D,https://www.eliteprospects.com/player/359533/ethan-szmagaj,Ethan Szmagaj
Aidan Hreschuk (D),Idaho Steelheads,61,2,19,21,0.34,18,8,2025-2026,echl,D,manual_aidan_hreschuk_d,Aidan Hreschuk
Jack Adams (RW/C),Multiple Teams,61,13,32,45,0.74,38,-19,2025-2026,echl,RW/C,https://www.eliteprospects.com/player/248398/jack-adams,Jack Adams
Jake Wahlin (LW),Wichita Thunder,61,5,3,8,0.13,22,-9,2025-2026,echl,LW,https://www.eliteprospects.com/player/195219/jake-wahlin,Jake Wahlin
Carter Allen (D),Multiple Teams,61,0,6,6,0.1,26,-14,2025-2026,echl,D,https://www.eliteprospects.com/player/189480/carter-allen,Carter Allen
Luke Mobley (F),Iowa Heartlanders,61,5,8,13,0.21,24,-22,2025-2026,echl,F,https://www.eliteprospects.com/player/425535/luke-mobley,Luke Mobley
Greg Smith (C/RW),Multiple Teams,61,15,11,26,0.43,30,-20,2025-2026,echl,C/RW,https://www.eliteprospects.com/player/268688/greg-smith,Greg Smith
Cody Laskosky (RW/LW),Multiple Teams,61,15,24,39,0.64,16,7,2025-2026,echl,RW/LW,manual_cody_laskosky_rw,Cody Laskosky
Nicholas Canade (LW/D),Idaho Steelheads,61,8,14,22,0.36,59,0,2025-2026,echl,LW/D,https://www.eliteprospects.com/player/418540/nicholas-canade,Nicholas Canade
Duggie Lagrone (D),Tulsa Oilers,61,8,12,20,0.33,20,2,2025-2026,echl,D,https://www.eliteprospects.com/player/121955/duggie-lagrone,Duggie Lagrone
Jérémy Michel (RW/LW),Reading Royals,61,12,18,30,0.49,12,2,2025-2026,echl,RW/LW,manual_jeremy_michel_rw,Jeremy Michel
Quinn Olson (LW/C),Rapid City Rush,61,17,33,50,0.82,18,-2,2025-2026,echl,LW/C,https://www.eliteprospects.com/player/322103/quinn-olson,Quinn Olson
Ryan Richardson (LW/RW),Greensboro Gargoyles,61,12,6,18,0.3,20,-22,2025-2026,echl,LW/RW,manual_ryan_richardson_lw,Ryan Richardson
Ryan Finnegan (F),Wichita Thunder,60,9,16,25,0.42,10,-14,2025-2026,echl,F,https://www.eliteprospects.com/player/280834/ryan-finnegan,Ryan Finnegan
Bryce Brodzinski (RW/LW),Savannah Ghost Pirates,60,14,26,40,0.67,23,-5,2025-2026,echl,RW/LW,https://www.eliteprospects.com/player/400134/bryce-brodzinski,Bryce Brodzinski
Declan Smith (C),Wichita Thunder,60,6,9,15,0.25,88,-20,2025-2026,echl,C,https://www.eliteprospects.com/player/195287/declan-smith,Declan Smith
Ryan Miotto (F),Worcester Railers,60,11,19,30,0.5,29,-12,2025-2026,echl,F,https://www.eliteprospects.com/player/333477/ryan-miotto,Ryan Miotto
Kyle Jeffers (C/RW),Wichita Thunder,60,10,17,27,0.45,20,-7,2025-2026,echl,C/RW,https://www.eliteprospects.com/player/388986/kyle-jeffers,Kyle Jeffers
Matt Crasa (C/RW),Multiple Teams,60,10,7,17,0.28,10,-9,2025-2026,echl,C/RW,https://www.eliteprospects.com/player/448702/matt-crasa,Matt Crasa
Francesco Arcuri (C/LW),Idaho Steelheads,60,22,21,43,0.72,52,-1,2025-2026,echl,C/LW,https://www.eliteprospects.com/player/508407/francesco-arcuri,Francesco Arcuri
Ryan Kirwan (LW/RW),Cincinnati Cyclones,60,26,33,59,0.98,14,9,2025-2026,echl,LW/RW,https://www.eliteprospects.com/player/508271/ryan-kirwan,Ryan Kirwan
Luke Reid (D),Adirondack Thunder,60,3,16,19,0.32,32,7,2025-2026,echl,D,https://www.eliteprospects.com/player/351751/luke-reid,Luke Reid
Jake Johnson (D),Cincinnati Cyclones,59,5,38,43,0.73,24,-5,2025-2026,echl,D,https://www.eliteprospects.com/player/349115/jake-johnson,Jake Johnson
Wade Murphy (RW/LW),Multiple Teams,59,12,13,25,0.42,55,-24,2025-2026,echl,RW/LW,https://www.eliteprospects.com/player/48368/wade-murphy,Wade Murphy
Morgan Adams-Moisan (RW/LW),Trois-Rivières Lions,59,13,15,28,0.47,134,1,2025-2026,echl,RW/LW,https://www.eliteprospects.com/player/266527/morgan-adams-moisan,Morgan Adamsmoisan
Riku Ishida (D),Bloomington Bison,59,11,15,26,0.44,23,-13,2025-2026,echl,D,manual_riku_ishida_d,Riku Ishida
Elliott McDermott (D),Iowa Heartlanders,59,1,8,9,0.15,22,-32,2025-2026,echl,D,https://www.eliteprospects.com/player/308222/elliott-mcdermott,Elliott Mcdermott
Sebastian Vidmar (LW/RW),Maine Mariners,59,12,18,30,0.51,25,13,2025-2026,echl,LW/RW,https://www.eliteprospects.com/player/30188/sebastian-vidmar,Sebastian Vidmar
Carson Musser (D),Norfolk Admirals,59,3,16,19,0.32,22,-6,2025-2026,echl,D,https://www.eliteprospects.com/player/317139/carson-musser,Carson Musser
Owen Robinson (LW/RW),Indy Fuel,59,12,14,26,0.44,16,6,2025-2026,echl,LW/RW,https://www.eliteprospects.com/player/418673/owen-robinson,Owen Robinson
Samuel Mayer (D),Tahoe Knight Monsters,59,12,21,33,0.56,95,-10,2025-2026,echl,D,https://www.eliteprospects.com/player/479856/samuel-mayer,Samuel Mayer
Dylan Moulton (D),Toledo Walleye,59,5,11,16,0.27,41,9,2025-2026,echl,D,https://www.eliteprospects.com/player/370017/dylan-moulton,Dylan Moulton
Max Patterson (RW/LW),Iowa Heartlanders,59,10,12,22,0.37,32,-12,2025-2026,echl,RW/LW,https://www.eliteprospects.com/player/298930/max-patterson,Max Patterson
Mitchell Smith (D),Rapid City Rush,59,3,9,12,0.2,14,-21,2025-2026,echl,D,https://www.eliteprospects.com/player/481416/mitchell-smith,Mitchell Smith
Adam Pitters (F),Tahoe Knight Monsters,59,5,15,20,0.34,24,-7,2025-2026,echl,F,https://www.eliteprospects.com/player/438544/adam-pitters,Adam Pitters
Lynden Breen (C/LW),South Carolina Stingrays,59,4,21,25,0.42,32,-2,2025-2026,echl,C/LW,https://www.eliteprospects.com/player/373696/lynden-breen,Lynden Breen
Liam Devlin (LW/RW),Reading Royals,59,8,7,15,0.25,43,-5,2025-2026,echl,LW/RW,https://www.eliteprospects.com/player/376197/liam-devlin,Liam Devlin
Ty Pelton-Byce (C/LW),Idaho Steelheads,59,13,28,41,0.69,42,4,2025-2026,echl,C/LW,https://www.eliteprospects.com/player/248459/ty-pelton-byce,Ty Peltonbyce
Gianfranco Cassaro (D),Florida Everblades,59,9,17,26,0.44,16,14,2025-2026,echl,D,https://www.eliteprospects.com/player/273691/gianfranco-cassaro,Gianfranco Cassaro
Brian Carrabes (F),Adirondack Thunder,59,12,19,31,0.53,28,8,2025-2026,echl,F,https://www.eliteprospects.com/player/543823/brian-carrabes,Brian Carrabes
Keltie Jeri-Leon (RW/C),Iowa Heartlanders,59,15,17,32,0.54,10,-15,2025-2026,echl,RW/C,https://www.eliteprospects.com/player/299924/keltie-jeri-leon,Keltie Jerileon
Israel Mianscum (W/C),Trois-Rivières Lions,58,13,19,32,0.55,42,6,2025-2026,echl,W/C,https://www.eliteprospects.com/player/485049/israel-mianscum,Israel Mianscum
Griffin Ness (RW/C),Multiple Teams,58,11,21,32,0.55,42,-3,2025-2026,echl,RW/C,https://www.eliteprospects.com/player/380229/griffin-ness,Griffin Ness
Isaac Dufort (LW),Trois-Rivières Lions,58,18,20,38,0.66,59,0,2025-2026,echl,LW,https://www.eliteprospects.com/player/499907/isaac-dufort,Isaac Dufort
Cristophe Tellier (LW/C),Savannah Ghost Pirates,58,8,24,32,0.55,38,-8,2025-2026,echl,LW/C,https://www.eliteprospects.com/player/471900/cristophe-tellier,Cristophe Tellier
Tony Follmer (D),Orlando Solar Bears,58,1,10,11,0.19,25,-3,2025-2026,echl,D,https://www.eliteprospects.com/player/393190/tony-follmer,Tony Follmer
Will Riedell (D),Savannah Ghost Pirates,58,7,10,17,0.29,25,-7,2025-2026,echl,D,https://www.eliteprospects.com/player/353791/will-riedell,Will Riedell
Jordan Biro (C/LW),Greensboro Gargoyles,58,3,14,17,0.29,2,-18,2025-2026,echl,C/LW,manual_jordan_biro_c,Jordan Biro
Jake Durflinger (RW/C),Tahoe Knight Monsters,58,6,9,15,0.26,102,-15,2025-2026,echl,RW/C,https://www.eliteprospects.com/player/199983/jake-durflinger,Jake Durflinger
Jackson Berezowski (RW/C),Kansas City Mavericks,58,15,11,26,0.45,43,9,2025-2026,echl,RW/C,https://www.eliteprospects.com/player/403435/jackson-berezowski,Jackson Berezowski
Darick Louis-Jean (D),Trois-Rivières Lions,58,4,19,23,0.4,20,12,2025-2026,echl,D,https://www.eliteprospects.com/player/382390/darick-louis-jean,Darick Louisjean
Dalton Duhart (C/LW),Multiple Teams,58,9,9,18,0.31,10,-15,2025-2026,echl,C/LW,https://www.eliteprospects.com/player/316141/dalton-duhart,Dalton Duhart
Mikael Robidoux (RW/LW),Multiple Teams,58,3,12,15,0.26,163,-2,2025-2026,echl,RW/LW,https://www.eliteprospects.com/player/267635/mikael-robidoux,Mikael Robidoux
Liam Coughlin (C/LW),Multiple Teams,58,7,11,18,0.31,6,-10,2025-2026,echl,C/LW,https://www.eliteprospects.com/player/248303/liam-coughlin,Liam Coughlin
Ryan Sullivan (C/RW),Savannah Ghost Pirates,57,12,8,20,0.35,19,-4,2025-2026,echl,C/RW,https://www.eliteprospects.com/player/283936/ryan-sullivan,Ryan Sullivan
Jack Works (F),Wheeling Nailers,57,9,4,13,0.23,36,3,2025-2026,echl,F,https://www.eliteprospects.com/player/339282/jack-works,Jack Works
Andrew Jarvis (D),Atlanta Gladiators,57,0,6,6,0.11,33,-1,2025-2026,echl,D,https://www.eliteprospects.com/player/254387/andrew-jarvis,Andrew Jarvis
Jordan Steinmetz (C/LW),Idaho Steelheads,57,6,9,15,0.26,29,6,2025-2026,echl,C/LW,manual_jordan_steinmetz_c,Jordan Steinmetz
David Drake (D),Norfolk Admirals,57,1,11,12,0.21,21,-10,2025-2026,echl,D,https://www.eliteprospects.com/player/219791/david-drake,David Drake
Kyle Penney (C),Florida Everblades,57,9,11,20,0.35,6,21,2025-2026,echl,C,manual_kyle_penney_c,Kyle Penney
Riley Hughes (RW/LW),Savannah Ghost Pirates,57,15,18,33,0.58,40,-8,2025-2026,echl,RW/LW,https://www.eliteprospects.com/player/241597/riley-hughes,Riley Hughes
Anthony Firriolo (D),Multiple Teams,57,7,24,31,0.54,37,4,2025-2026,echl,D,https://www.eliteprospects.com/player/306954/anthony-firriolo,Anthony Firriolo
Jackson Decker (D),Allen Americans,57,1,8,9,0.16,20,-2,2025-2026,echl,D,manual_jackson_decker_d,Jackson Decker
Reid Duke (C),Florida Everblades,57,18,17,35,0.61,36,13,2025-2026,echl,C,https://www.eliteprospects.com/player/62308/reid-duke,Reid Duke
David Breazeale (D),Wheeling Nailers,57,4,15,19,0.33,26,19,2025-2026,echl,D,https://www.eliteprospects.com/player/454759/david-breazeale,David Breazeale
Brendan Less (D),Atlanta Gladiators,57,4,14,18,0.32,12,26,2025-2026,echl,D,https://www.eliteprospects.com/player/300849/brendan-less,Brendan Less
Brad Morrison (C/LW),Multiple Teams,56,7,15,22,0.39,54,5,2025-2026,echl,C/LW,https://www.eliteprospects.com/player/199394/brad-morrison,Brad Morrison
Kaleb Pearson (RW/LW),Idaho Steelheads,56,28,19,47,0.84,97,-6,2025-2026,echl,RW/LW,https://www.eliteprospects.com/player/391108/kaleb-pearson,Kaleb Pearson
Nico Somerville (D),Wichita Thunder,56,1,5,6,0.11,28,-21,2025-2026,echl,D,https://www.eliteprospects.com/player/298936/nico-somerville,Nico Somerville
Kylor Wall (D),Multiple Teams,56,5,8,13,0.23,47,-14,2025-2026,echl,D,https://www.eliteprospects.com/player/148069/kylor-wall,Kylor Wall
Cole Kodsi (LW),Orlando Solar Bears,56,11,9,20,0.36,69,-1,2025-2026,echl,LW,https://www.eliteprospects.com/player/335890/cole-kodsi,Cole Kodsi
Andrew Bruder (RW/C),Orlando Solar Bears,56,4,9,13,0.23,51,-13,2025-2026,echl,RW/C,https://www.eliteprospects.com/player/476427/andrew-bruder,Andrew Bruder
Eddie Matsushima (C),Bloomington Bison,56,18,22,40,0.71,26,5,2025-2026,echl,C,https://www.eliteprospects.com/player/220025/eddie-matsushima,Eddie Matsushima
Harrison Rees (D),Fort Wayne Komets,56,5,11,16,0.29,18,14,2025-2026,echl,D,https://www.eliteprospects.com/player/413583/harrison-rees,Harrison Rees
Justin Janicke (LW/C),Kansas City Mavericks,56,15,19,34,0.61,41,20,2025-2026,echl,LW/C,https://www.eliteprospects.com/player/583032/justin-janicke,Justin Janicke
Mike McNamee (C),Atlanta Gladiators,56,7,18,25,0.45,14,-3,2025-2026,echl,C,https://www.eliteprospects.com/player/78324/mike-mcnamee,Mike Mcnamee
Mark Kaleinikovas (LW/RW),Bloomington Bison,56,14,18,32,0.57,40,1,2025-2026,echl,LW/RW,manual_mark_kaleinikovas_lw,Mark Kaleinikovas
Tarun Fizer (C),Florida Everblades,56,22,19,41,0.73,8,26,2025-2026,echl,C,manual_tarun_fizer_c,Tarun Fizer
Anthony Collins (RW),Tahoe Knight Monsters,55,3,10,13,0.24,46,6,2025-2026,echl,RW,https://www.eliteprospects.com/player/48258/anthony-collins,Anthony Collins
Jett Jones (C),Florida Everblades,55,6,18,24,0.44,10,8,2025-2026,echl,C,https://www.eliteprospects.com/player/442336/jett-jones,Jett Jones
Linden Alger (D),Tahoe Knight Monsters,55,2,11,13,0.24,71,2,2025-2026,echl,D,https://www.eliteprospects.com/player/480301/linden-alger,Linden Alger
Mathieu De St. Phalle (RW/LW),Wheeling Nailers,55,12,25,37,0.67,34,13,2025-2026,echl,RW/LW,https://www.eliteprospects.com/player/283937/mathieu-de-st.-phalle,Mathieu De St Phalle
Eric Parker (D),Multiple Teams,55,2,7,9,0.16,24,-1,2025-2026,echl,D,manual_eric_parker_d,Eric Parker
Matthew Sop (C/LW),Iowa Heartlanders,55,17,19,36,0.65,12,-24,2025-2026,echl,C/LW,https://www.eliteprospects.com/player/538401/matthew-sop,Matthew Sop
Jeff Baum (D),Idaho Steelheads,55,1,16,17,0.31,8,-7,2025-2026,echl,D,manual_jeff_baum_d,Jeff Baum
Tyler Jette (D),Wichita Thunder,55,0,4,4,0.07,22,-8,2025-2026,echl,D,https://www.eliteprospects.com/player/300990/tyler-jette,Tyler Jette
Ayden MacDonald (F),Bloomington Bison,55,10,9,19,0.35,44,-12,2025-2026,echl,F,https://www.eliteprospects.com/player/259174/ayden-macdonald,Ayden Macdonald
Connor Moore (D),South Carolina Stingrays,55,3,25,28,0.51,14,5,2025-2026,echl,D,https://www.eliteprospects.com/player/212570/connor-moore,Connor Moore
Brody Crane (LW/RW),Multiple Teams,55,13,16,29,0.53,22,0,2025-2026,echl,LW/RW,https://www.eliteprospects.com/player/526098/brody-crane,Brody Crane
Landon McCallum (C/RW),Kansas City Mavericks,55,13,30,43,0.78,42,4,2025-2026,echl,C/RW,https://www.eliteprospects.com/player/582562/landon-mccallum,Landon Mccallum
Cole Fraser (D),Multiple Teams,55,1,7,8,0.15,145,-24,2025-2026,echl,D,https://www.eliteprospects.com/player/297963/cole-fraser,Cole Fraser
Grant Loven (C),Adirondack Thunder,55,10,15,25,0.45,42,0,2025-2026,echl,C,https://www.eliteprospects.com/player/248406/grant-loven,Grant Loven
Matt Miller (RW/LW),Fort Wayne Komets,55,3,7,10,0.18,10,-8,2025-2026,echl,RW/LW,https://www.eliteprospects.com/player/353681/matt-miller,Matt Miller
Connor Mayer (D),South Carolina Stingrays,55,2,7,9,0.16,28,8,2025-2026,echl,D,https://www.eliteprospects.com/player/313508/connor-mayer,Connor Mayer
John Jaworski (F),Cincinnati Cyclones,55,15,20,35,0.64,21,3,2025-2026,echl,F,manual_john_jaworski_f,John Jaworski
Austin Saint (RW/LW),Multiple Teams,55,9,11,20,0.36,35,-4,2025-2026,echl,RW/LW,https://www.eliteprospects.com/player/481636/austin-saint,Austin Saint
Robbie Holmes (LW/C),Idaho Steelheads,55,10,14,24,0.44,70,-1,2025-2026,echl,LW/C,https://www.eliteprospects.com/player/282491/robbie-holmes,Robbie Holmes
Kaden Bohlsen (RW/C),South Carolina Stingrays,55,20,9,29,0.53,39,-2,2025-2026,echl,RW/C,manual_kaden_bohlsen_rw,Kaden Bohlsen
Brayden Edwards (C/RW),Wheeling Nailers,55,14,19,33,0.6,24,1,2025-2026,echl,C/RW,manual_brayden_edwards_c,Brayden Edwards
Landon Fuller (D/RW),Trois-Rivières Lions,55,0,3,3,0.05,79,-6,2025-2026,echl,D/RW,manual_landon_fuller_d,Landon Fuller
Garrett Van Wyhe (C/LW),Multiple Teams,54,17,12,29,0.54,44,10,2025-2026,echl,C/LW,https://www.eliteprospects.com/player/382135/garrett-van-wyhe,Garrett Van Wyhe
Holden Wale (D),Multiple Teams,54,2,16,18,0.33,18,-11,2025-2026,echl,D,https://www.eliteprospects.com/player/370377/holden-wale,Holden Wale
Michal Stínil (LW/RW),Wichita Thunder,54,16,27,43,0.8,70,-21,2025-2026,echl,LW/RW,https://www.eliteprospects.com/player/247224/michal-stinil,Michal Stinil
Hudson Schandor (C/LW),Greenville Swamp Rabbits,54,5,20,25,0.46,26,2,2025-2026,echl,C/LW,manual_hudson_schandor_c,Hudson Schandor
Craig Martin (LW/C),Jacksonville Icemen,54,20,19,39,0.72,20,0,2025-2026,echl,LW/C,https://www.eliteprospects.com/player/126247/craig-martin,Craig Martin
Nick Grima (D),Indy Fuel,54,1,15,16,0.3,60,16,2025-2026,echl,D,https://www.eliteprospects.com/player/201655/nick-grima,Nick Grima
Sean Allen (D),Florida Everblades,54,3,14,17,0.31,164,21,2025-2026,echl,D,https://www.eliteprospects.com/player/267781/sean-allen,Sean Allen
Xavier Bernard (D),Rapid City Rush,54,3,13,16,0.3,38,12,2025-2026,echl,D,https://www.eliteprospects.com/player/335702/xavier-bernard,Xavier Bernard
Jake Boltmann (D),Idaho Steelheads,54,1,16,17,0.31,40,5,2025-2026,echl,D,manual_jake_boltmann_d,Jake Boltmann
Jaydon Dureau (LW/RW),Norfolk Admirals,54,18,29,47,0.87,47,-9,2025-2026,echl,LW/RW,https://www.eliteprospects.com/player/352026/jaydon-dureau,Jaydon Dureau
Mathieu Boislard (D),Multiple Teams,54,1,2,3,0.06,108,-11,2025-2026,echl,D,https://www.eliteprospects.com/player/635340/mathieu-boislard,Mathieu Boislard
Casey Bailey (RW),Tahoe Knight Monsters,54,25,29,54,1.0,46,2,2025-2026,echl,RW,https://www.eliteprospects.com/player/45878/casey-bailey,Casey Bailey
Nick Portz (F),Idaho Steelheads,54,11,12,23,0.43,22,4,2025-2026,echl,F,manual_nick_portz_f,Nick Portz
Marko Sikic (RW/C),Cincinnati Cyclones,54,11,13,24,0.44,6,-5,2025-2026,echl,RW/C,https://www.eliteprospects.com/player/496369/marko-sikic,Marko Sikic
Evan Dougherty (RW),Kalamazoo Wings,54,7,7,14,0.26,92,4,2025-2026,echl,RW,https://www.eliteprospects.com/player/350432/evan-dougherty,Evan Dougherty
Jed Pietila (D),Multiple Teams,54,6,14,20,0.37,24,11,2025-2026,echl,D,https://www.eliteprospects.com/player/284034/jed-pietila,Jed Pietila
Peter Tischke (D),Jacksonville Icemen,53,3,12,15,0.28,19,-4,2025-2026,echl,D,https://www.eliteprospects.com/player/194272/peter-tischke,Peter Tischke
Colby Ambrosio (C/RW),Multiple Teams,53,13,8,21,0.4,20,-2,2025-2026,echl,C/RW,https://www.eliteprospects.com/player/397860/colby-ambrosio,Colby Ambrosio
Rhett Parsons (D),Cincinnati Cyclones,53,1,7,8,0.15,74,-11,2025-2026,echl,D,https://www.eliteprospects.com/player/505836/rhett-parsons,Rhett Parsons
Noah Delmas (D),Greensboro Gargoyles,53,1,20,21,0.4,14,-28,2025-2026,echl,D,https://www.eliteprospects.com/player/169309/noah-delmas,Noah Delmas
Lucas Sowder (LW/RW),Kansas City Mavericks,53,14,13,27,0.51,16,17,2025-2026,echl,LW/RW,manual_lucas_sowder_lw,Lucas Sowder
Kevin Wall (RW/LW),Tahoe Knight Monsters,53,21,37,58,1.09,58,10,2025-2026,echl,RW/LW,https://www.eliteprospects.com/player/355153/kevin-wall,Kevin Wall
Luke Manning (C/W),Utah Grizzlies,53,11,19,30,0.57,25,7,2025-2026,echl,C/W,https://www.eliteprospects.com/player/353581/luke-manning,Luke Manning
Tyler Gratton (RW/LW),Utah Grizzlies,53,16,21,37,0.7,41,-18,2025-2026,echl,RW/LW,https://www.eliteprospects.com/player/273990/tyler-gratton,Tyler Gratton
Romain Rodzinski (D),South Carolina Stingrays,53,9,24,33,0.62,63,13,2025-2026,echl,D,https://www.eliteprospects.com/player/534608/romain-rodzinski,Romain Rodzinski
Ryan Pitoscia (F),Jacksonville Icemen,53,7,6,13,0.25,16,-10,2025-2026,echl,F,manual_ryan_pitoscia_f,Ryan Pitoscia
Reece Newkirk (C/LW),Orlando Solar Bears,52,19,32,51,0.98,78,-10,2025-2026,echl,C/LW,https://www.eliteprospects.com/player/351979/reece-newkirk,Reece Newkirk
Brady Stonehouse (RW/LW),Fort Wayne Komets,52,7,11,18,0.35,43,-1,2025-2026,echl,RW/LW,https://www.eliteprospects.com/player/652102/brady-stonehouse,Brady Stonehouse
Chris Dodero (C/LW),Idaho Steelheads,52,6,21,27,0.52,43,11,2025-2026,echl,C/LW,https://www.eliteprospects.com/player/194939/chris-dodero,Chris Dodero
Olivier LeBlanc (D),Tahoe Knight Monsters,52,2,9,11,0.21,28,-1,2025-2026,echl,D,https://www.eliteprospects.com/player/151757/olivier-leblanc,Olivier Leblanc
Spencer Asuchak (C/LW),Allen Americans,52,13,19,32,0.62,42,-2,2025-2026,echl,C/LW,https://www.eliteprospects.com/player/37259/spencer-asuchak,Spencer Asuchak
Justin Young (C),Norfolk Admirals,52,5,16,21,0.4,28,-16,2025-2026,echl,C,https://www.eliteprospects.com/player/108445/justin-young,Justin Young
Easton Armstrong (RW/LW),Tulsa Oilers,52,18,10,28,0.54,28,-3,2025-2026,echl,RW/LW,https://www.eliteprospects.com/player/523759/easton-armstrong,Easton Armstrong
Sullivan Mack (C/LW),Bloomington Bison,52,17,21,38,0.73,8,27,2025-2026,echl,C/LW,https://www.eliteprospects.com/player/415811/sullivan-mack,Sullivan Mack
John Parker-Jones (D/RW),Greenville Swamp Rabbits,52,6,5,11,0.21,91,-10,2025-2026,echl,D/RW,https://www.eliteprospects.com/player/415612/john-parker-jones,John Parkerjones
Neil Shea (LW/RW),Multiple Teams,52,12,26,38,0.73,24,-3,2025-2026,echl,LW/RW,https://www.eliteprospects.com/player/353682/neil-shea,Neil Shea
Tyler Paquette (RW/C),Indy Fuel,52,8,14,22,0.42,13,9,2025-2026,echl,RW/C,manual_tyler_paquette_rw,Tyler Paquette
Connor Gregga (C/RW),Savannah Ghost Pirates,52,7,6,13,0.25,36,-1,2025-2026,echl,C/RW,https://www.eliteprospects.com/player/439393/connor-gregga,Connor Gregga
Robby Drazner (D),Kalamazoo Wings,52,4,11,15,0.29,24,-2,2025-2026,echl,D,manual_robby_drazner_d,Robby Drazner
Lucas Helland (F),Multiple Teams,52,0,2,2,0.04,96,-12,2025-2026,echl,F,manual_lucas_helland_f,Lucas Helland
Josh Wilkins (C/W),South Carolina Stingrays,52,21,24,45,0.87,19,11,2025-2026,echl,C/W,https://www.eliteprospects.com/player/234626/josh-wilkins,Josh Wilkins
Seth Fyten (RW/LW),Rapid City Rush,51,8,10,18,0.35,37,7,2025-2026,echl,RW/LW,https://www.eliteprospects.com/player/322079/seth-fyten,Seth Fyten
Luke LaMaster (D),Multiple Teams,51,4,13,17,0.33,8,3,2025-2026,echl,D,https://www.eliteprospects.com/player/327226/luke-lamaster,Luke Lamaster
Jacob Truscott (D),Toledo Walleye,51,4,19,23,0.45,12,10,2025-2026,echl,D,manual_jacob_truscott_d,Jacob Truscott
Nolan Burke (C/LW),Reading Royals,51,10,17,27,0.53,23,3,2025-2026,echl,C/LW,https://www.eliteprospects.com/player/502971/nolan-burke,Nolan Burke
Jacques Bouquot (C/LW),Multiple Teams,51,4,14,18,0.35,8,-7,2025-2026,echl,C/LW,https://www.eliteprospects.com/player/364566/jacques-bouquot,Jacques Bouquot
Mason Nevers (C/RW),Idaho Steelheads,51,7,12,19,0.37,6,2,2025-2026,echl,C/RW,https://www.eliteprospects.com/player/494421/mason-nevers,Mason Nevers
Lordanthony Grissom (D),Multiple Teams,51,0,5,5,0.1,31,-5,2025-2026,echl,D,https://www.eliteprospects.com/player/309151/lordanthony-grissom,Lordanthony Grissom
Logan Nelson (C/RW),Multiple Teams,51,16,21,37,0.73,69,-1,2025-2026,echl,C/RW,https://www.eliteprospects.com/player/90312/logan-nelson,Logan Nelson
Ben Poisson (LW/RW),Greenville Swamp Rabbits,51,5,2,7,0.14,6,-5,2025-2026,echl,LW/RW,https://www.eliteprospects.com/player/339373/ben-poisson,Ben Poisson
Nick Carabin (D),Multiple Teams,51,3,11,14,0.27,46,-10,2025-2026,echl,D,https://www.eliteprospects.com/player/390591/nick-carabin,Nick Carabin
Thomas Farrell (D),Kansas City Mavericks,51,2,7,9,0.18,20,2,2025-2026,echl,D,https://www.eliteprospects.com/player/284112/thomas-farrell,Thomas Farrell
Andrew Noel (D),Multiple Teams,51,3,10,13,0.25,106,1,2025-2026,echl,D,https://www.eliteprospects.com/player/543738/andrew-noel,Andrew Noel
Conlan Keenan (C/LW),Toledo Walleye,51,6,9,15,0.29,14,-6,2025-2026,echl,C/LW,https://www.eliteprospects.com/player/177617/conlan-keenan,Conlan Keenan
Jordan Kaplan (RW/C),Multiple Teams,50,4,15,19,0.38,10,-6,2025-2026,echl,RW/C,https://www.eliteprospects.com/player/307767/jordan-kaplan,Jordan Kaplan
Randy Hernández (RW),Wheeling Nailers,50,7,9,16,0.32,6,11,2025-2026,echl,RW,https://www.eliteprospects.com/player/349152/randy-hernandez,Randy Hernandez
Maxim Barbashyov (LW/RW),Multiple Teams,50,9,12,21,0.42,31,11,2025-2026,echl,LW/RW,https://www.eliteprospects.com/player/699160/maxim-barbashyov,Maxim Barbashyov
Ben Hawerchuk (LW),South Carolina Stingrays,50,6,10,16,0.32,124,-9,2025-2026,echl,LW,https://www.eliteprospects.com/player/269099/ben-hawerchuk,Ben Hawerchuk
Alec Butcher (RW/LW),Reading Royals,50,11,15,26,0.52,28,13,2025-2026,echl,RW/LW,https://www.eliteprospects.com/player/155746/alec-butcher,Alec Butcher
Grant Hebert (C),Norfolk Admirals,50,13,22,35,0.7,52,6,2025-2026,echl,C,https://www.eliteprospects.com/player/254391/grant-hebert,Grant Hebert
Ryan McGuire (C/RW),Multiple Teams,50,4,5,9,0.18,33,-6,2025-2026,echl,C/RW,https://www.eliteprospects.com/player/201890/ryan-mcguire,Ryan Mcguire
Jake Ratzlaff (D),Rapid City Rush,50,3,12,15,0.3,41,13,2025-2026,echl,D,manual_jake_ratzlaff_d,Jake Ratzlaff
Alex DiPaolo (LW/C),Multiple Teams,50,7,6,13,0.26,22,-1,2025-2026,echl,LW/C,https://www.eliteprospects.com/player/404017/alex-dipaolo,Alex Dipaolo
Mitch Lewandowski (LW/RW),Toledo Walleye,50,12,32,44,0.88,24,13,2025-2026,echl,LW/RW,https://www.eliteprospects.com/player/233505/mitch-lewandowski,Mitch Lewandowski
J.C. Brassard (D),Multiple Teams,50,1,11,12,0.24,38,-23,2025-2026,echl,D,https://www.eliteprospects.com/player/261752/j.c.-brassard,Jc Brassard
Ross Mitton (RW/LW),Worcester Railers,49,7,8,15,0.31,14,-15,2025-2026,echl,RW/LW,https://www.eliteprospects.com/player/364620/ross-mitton,Ross Mitton
William Magnuson (D),Norfolk Admirals,49,0,3,3,0.06,16,-4,2025-2026,echl,D,manual_william_magnuson_d,William Magnuson
Patrick Grasso (RW),Adirondack Thunder,49,17,16,33,0.67,8,-5,2025-2026,echl,RW,https://www.eliteprospects.com/player/212957/patrick-grasso,Patrick Grasso
Cole Tymkin (RW),Multiple Teams,49,5,5,10,0.2,100,-1,2025-2026,echl,RW,https://www.eliteprospects.com/player/333861/cole-tymkin,Cole Tymkin
Joseph Dunlap (RW/C),Trois-Rivières Lions,49,11,19,30,0.61,32,1,2025-2026,echl,RW/C,https://www.eliteprospects.com/player/355835/joseph-dunlap,Joseph Dunlap
Kevin Gursoy (RW/LW),Multiple Teams,49,3,17,20,0.41,30,-2,2025-2026,echl,RW/LW,manual_kevin_gursoy_rw,Kevin Gursoy
Josh Groll (C/LW),Multiple Teams,49,9,14,23,0.47,6,-7,2025-2026,echl,C/LW,https://www.eliteprospects.com/player/400111/josh-groll,Josh Groll
T.J. Lloyd (D),Wichita Thunder,49,2,11,13,0.27,10,-21,2025-2026,echl,D,https://www.eliteprospects.com/player/258633/t.j.-lloyd,Tj Lloyd
Patrick Kyte (D),Multiple Teams,49,4,19,23,0.47,43,15,2025-2026,echl,D,manual_patrick_kyte_d,Patrick Kyte
Christopher Brown (C/RW),Multiple Teams,49,13,15,28,0.57,16,-19,2025-2026,echl,C/RW,https://www.eliteprospects.com/player/248309/christopher-brown,Christopher Brown
Tyrell Goulbourne (LW/RW),Tulsa Oilers,48,9,14,23,0.48,39,8,2025-2026,echl,LW/RW,https://www.eliteprospects.com/player/56840/tyrell-goulbourne,Tyrell Goulbourne
Connor Marritt (F),Tahoe Knight Monsters,48,7,10,17,0.35,4,-3,2025-2026,echl,F,manual_connor_marritt_f,Connor Marritt
Dylan Fitze (RW/LW),Tulsa Oilers,47,16,13,29,0.62,38,-3,2025-2026,echl,RW/LW,https://www.eliteprospects.com/player/64724/dylan-fitze,Dylan Fitze
Charlie Dodero (D),Idaho Steelheads,47,5,22,27,0.57,63,4,2025-2026,echl,D,https://www.eliteprospects.com/player/37973/charlie-dodero,Charlie Dodero
MacAuley Carson (LW/C),Multiple Teams,47,7,14,21,0.45,36,8,2025-2026,echl,LW/C,manual_macauley_carson_lw,Macauley Carson
Rasmus Ekström (C/W),Rapid City Rush,47,10,11,21,0.45,8,-2,2025-2026,echl,C/W,manual_rasmus_ekstrom_c,Rasmus Ekstrom
Owen Gallatin (D),Multiple Teams,47,2,15,17,0.36,33,3,2025-2026,echl,D,https://www.eliteprospects.com/player/495918/owen-gallatin,Owen Gallatin
Anthony Petruzzelli (LW/RW),Fort Wayne Komets,47,8,7,15,0.32,28,0,2025-2026,echl,LW/RW,https://www.eliteprospects.com/player/63627/anthony-petruzzelli,Anthony Petruzzelli
Tanner Andrew (C),Multiple Teams,47,5,9,14,0.3,18,4,2025-2026,echl,C,https://www.eliteprospects.com/player/351211/tanner-andrew,Tanner Andrew
Sloan Stanick (LW/RW),Tahoe Knight Monsters,47,23,29,52,1.11,38,13,2025-2026,echl,LW/RW,https://www.eliteprospects.com/player/527498/sloan-stanick,Sloan Stanick
Matt Hubbarde (C),Multiple Teams,47,3,8,11,0.23,10,-7,2025-2026,echl,C,https://www.eliteprospects.com/player/418738/matt-hubbarde,Matt Hubbarde
Aidan Sutter (D),Wheeling Nailers,47,3,6,9,0.19,52,9,2025-2026,echl,D,https://www.eliteprospects.com/player/566659/aidan-sutter,Aidan Sutter
Tyler Drevitch (C/RW),Orlando Solar Bears,47,3,6,9,0.19,92,-7,2025-2026,echl,C/RW,https://www.eliteprospects.com/player/125472/tyler-drevitch,Tyler Drevitch
Hunter Johannes (W/C),Multiple Teams,47,13,20,33,0.7,76,5,2025-2026,echl,W/C,https://www.eliteprospects.com/player/379289/hunter-johannes,Hunter Johannes
Kurtis Henry (D),Multiple Teams,47,0,4,4,0.09,48,-4,2025-2026,echl,D,https://www.eliteprospects.com/player/367246/kurtis-henry,Kurtis Henry
Sam Stevens (C/LW),Cincinnati Cyclones,47,15,28,43,0.91,54,9,2025-2026,echl,C/LW,https://www.eliteprospects.com/player/315953/sam-stevens,Sam Stevens
Alexander Campbell (LW/C),Adirondack Thunder,46,10,24,34,0.74,6,9,2025-2026,echl,LW/C,https://www.eliteprospects.com/player/296339/alexander-campbell,Alexander Campbell
Riley Kidney (C/LW),Multiple Teams,46,11,22,33,0.72,18,-12,2025-2026,echl,C/LW,https://www.eliteprospects.com/player/473664/riley-kidney,Riley Kidney
Colin Swoyer (D),Toledo Walleye,46,5,15,20,0.43,54,7,2025-2026,echl,D,https://www.eliteprospects.com/player/271345/colin-swoyer,Colin Swoyer
Connor Punnett (D),Idaho Steelheads,46,4,18,22,0.48,99,27,2025-2026,echl,D,https://www.eliteprospects.com/player/582502/connor-punnett,Connor Punnett
Ben Zloty (D),Norfolk Admirals,46,6,25,31,0.67,22,-6,2025-2026,echl,D,https://www.eliteprospects.com/player/475290/ben-zloty,Ben Zloty
Seung Jae Lee (D),Bloomington Bison,46,3,5,8,0.17,14,-2,2025-2026,echl,D,manual_seung_jae_lee_d,Seung Jae Lee
James Hardie (LW),Multiple Teams,46,6,5,11,0.24,11,-14,2025-2026,echl,LW,https://www.eliteprospects.com/player/502844/james-hardie,James Hardie
Jacob Paquette (D),Trois-Rivières Lions,46,5,6,11,0.24,40,-1,2025-2026,echl,D,https://www.eliteprospects.com/player/297973/jacob-paquette,Jacob Paquette
Mike Posma (C/LW),Wheeling Nailers,46,13,13,26,0.57,38,19,2025-2026,echl,C/LW,https://www.eliteprospects.com/player/406422/mike-posma,Mike Posma
Ty Prefontaine (D),Allen Americans,46,8,15,23,0.5,22,25,2025-2026,echl,D,manual_ty_prefontaine_d,Ty Prefontaine
Tian Rask (LW),Multiple Teams,46,1,5,6,0.13,110,2,2025-2026,echl,LW,manual_tian_rask_lw,Tian Rask
D.J. King (D),South Carolina Stingrays,46,2,7,9,0.2,61,5,2025-2026,echl,D,https://www.eliteprospects.com/player/399239/d.j.-king,Dj King
Nate Kallen (D),Tahoe Knight Monsters,46,5,23,28,0.61,12,12,2025-2026,echl,D,https://www.eliteprospects.com/player/301554/nate-kallen,Nate Kallen
Chase Brand (C/LW),Kansas City Mavericks,46,1,4,5,0.11,8,0,2025-2026,echl,C/LW,https://www.eliteprospects.com/player/312245/chase-brand,Chase Brand
Emmett Serensits (D),Trois-Rivières Lions,46,1,4,5,0.11,37,-8,2025-2026,echl,D,https://www.eliteprospects.com/player/333466/emmett-serensits,Emmett Serensits
Ryan Dickinson (D),Multiple Teams,46,0,3,3,0.07,41,-10,2025-2026,echl,D,https://www.eliteprospects.com/player/284108/ryan-dickinson,Ryan Dickinson
Gabe Blanchard (D),Multiple Teams,46,1,3,4,0.09,11,-10,2025-2026,echl,D,manual_gabe_blanchard_d,Gabe Blanchard
German Yavaș (F),Multiple Teams,46,1,3,4,0.09,65,-10,2025-2026,echl,F,https://www.eliteprospects.com/player/532623/german-yava%C8%99,German Yavas
Jack Robilotti (D),Multiple Teams,46,1,3,4,0.09,18,-17,2025-2026,echl,D,https://www.eliteprospects.com/player/451760/jack-robilotti,Jack Robilotti
Tanner Edwards (LW/C),Multiple Teams,46,3,6,9,0.2,102,4,2025-2026,echl,LW/C,manual_tanner_edwards_lw,Tanner Edwards
Patrick Newell (W/C),Multiple Teams,46,8,21,29,0.63,18,-19,2025-2026,echl,W/C,https://www.eliteprospects.com/player/146117/patrick-newell,Patrick Newell
Dante Sheriff (RW),Greenville Swamp Rabbits,45,10,16,26,0.58,34,-5,2025-2026,echl,RW,https://www.eliteprospects.com/player/273800/dante-sheriff,Dante Sheriff
David Gagnon (LW/C),Greensboro Gargoyles,45,17,7,24,0.53,32,-25,2025-2026,echl,LW/C,https://www.eliteprospects.com/player/267110/david-gagnon,David Gagnon
Jaxon Nelson (C/RW),Iowa Heartlanders,45,20,19,39,0.87,12,-11,2025-2026,echl,C/RW,https://www.eliteprospects.com/player/284191/jaxon-nelson,Jaxon Nelson
Sahil Panwar (C/LW),Indy Fuel,45,14,7,21,0.47,22,-5,2025-2026,echl,C/LW,https://www.eliteprospects.com/player/201825/sahil-panwar,Sahil Panwar
Ryan Lautenbach (RW/LW),Tulsa Oilers,45,11,23,34,0.76,28,1,2025-2026,echl,RW/LW,https://www.eliteprospects.com/player/276193/ryan-lautenbach,Ryan Lautenbach
Elliot Desnoyers (LW/C),Iowa Heartlanders,45,10,21,31,0.69,35,-7,2025-2026,echl,LW/C,https://www.eliteprospects.com/player/290157/elliot-desnoyers,Elliot Desnoyers
Ryan Hofer (C/W),South Carolina Stingrays,45,2,15,17,0.38,79,-6,2025-2026,echl,C/W,https://www.eliteprospects.com/player/416983/ryan-hofer,Ryan Hofer
David Keefer (RW),Kalamazoo Wings,45,6,22,28,0.62,16,-4,2025-2026,echl,RW,https://www.eliteprospects.com/player/234387/david-keefer,David Keefer
Miles Gendron (D),Reading Royals,45,2,12,14,0.31,36,9,2025-2026,echl,D,https://www.eliteprospects.com/player/248347/miles-gendron,Miles Gendron
Ryan Mahshie (F),Wheeling Nailers,45,6,11,17,0.38,21,-2,2025-2026,echl,F,https://www.eliteprospects.com/player/300403/ryan-mahshie,Ryan Mahshie
Conner Hutchison (D),Adirondack Thunder,45,3,13,16,0.36,40,1,2025-2026,echl,D,https://www.eliteprospects.com/player/348489/conner-hutchison,Conner Hutchison
Mitchel Deelstra (LW/C),Multiple Teams,44,5,9,14,0.32,37,-1,2025-2026,echl,LW/C,https://www.eliteprospects.com/player/300415/mitchel-deelstra,Mitchel Deelstra
Matt Koethe (RW/LW),Multiple Teams,44,1,4,5,0.11,8,-8,2025-2026,echl,RW/LW,https://www.eliteprospects.com/player/400119/matt-koethe,Matt Koethe
Demetrios Koumontzis (LW/D),Greensboro Gargoyles,44,6,9,15,0.34,21,-10,2025-2026,echl,LW/D,https://www.eliteprospects.com/player/354063/demetrios-koumontzis,Demetrios Koumontzis
Noah Beck (D),Wichita Thunder,44,9,32,41,0.93,22,4,2025-2026,echl,D,https://www.eliteprospects.com/player/530038/noah-beck,Noah Beck
Chase Maxwell (F),Allen Americans,44,2,3,5,0.11,2,2,2025-2026,echl,F,manual_chase_maxwell_f,Chase Maxwell
Mikhail Abramov (RW/LW),Bloomington Bison,44,8,9,17,0.39,4,0,2025-2026,echl,RW/LW,https://www.eliteprospects.com/player/357661/mikhail-abramov,Mikhail Abramov
Brendan Hoffman (C/RW),Idaho Steelheads,44,32,19,51,1.16,39,10,2025-2026,echl,C/RW,https://www.eliteprospects.com/player/530039/brendan-hoffman,Brendan Hoffman
Carson Golder (LW/RW),Reading Royals,44,17,16,33,0.75,19,2,2025-2026,echl,LW/RW,https://www.eliteprospects.com/player/477356/carson-golder,Carson Golder
Zack Trott (LW),Cincinnati Cyclones,44,8,14,22,0.5,20,-2,2025-2026,echl,LW,https://www.eliteprospects.com/player/413597/zack-trott,Zack Trott
Kyle Betts (C),Florida Everblades,44,9,10,19,0.43,16,5,2025-2026,echl,C,https://www.eliteprospects.com/player/238752/kyle-betts,Kyle Betts
Jérémie Biakabutuka (D),Tulsa Oilers,43,4,19,23,0.53,30,1,2025-2026,echl,D,https://www.eliteprospects.com/player/425664/jeremie-biakabutuka,Jeremie Biakabutuka
Brennan Kapcheck (D),Tahoe Knight Monsters,43,1,21,22,0.51,20,0,2025-2026,echl,D,https://www.eliteprospects.com/player/308240/brennan-kapcheck,Brennan Kapcheck
Kyler Kupka (LW/RW),South Carolina Stingrays,43,19,23,42,0.98,37,2,2025-2026,echl,LW/RW,https://www.eliteprospects.com/player/201358/kyler-kupka,Kyler Kupka
Justin Portillo (RW),Cincinnati Cyclones,43,1,1,2,0.05,72,-8,2025-2026,echl,RW,https://www.eliteprospects.com/player/131792/justin-portillo,Justin Portillo
Tommy Budnick (D),Wheeling Nailers,43,3,12,15,0.35,59,11,2025-2026,echl,D,manual_tommy_budnick_d,Tommy Budnick
Ben King (C/RW),Cincinnati Cyclones,43,13,33,46,1.07,30,-1,2025-2026,echl,C/RW,https://www.eliteprospects.com/player/201803/ben-king,Ben King
Zach Berzolla (D),Florida Everblades,43,2,20,22,0.51,39,15,2025-2026,echl,D,https://www.eliteprospects.com/player/291858/zach-berzolla,Zach Berzolla
Kyle Crnkovic (LW/C),Wichita Thunder,43,22,25,47,1.09,8,1,2025-2026,echl,LW/C,https://www.eliteprospects.com/player/201916/kyle-crnkovic,Kyle Crnkovic
Brent Pedersen (LW/RW),Greenville Swamp Rabbits,43,5,6,11,0.26,8,-2,2025-2026,echl,LW/RW,https://www.eliteprospects.com/player/126917/brent-pedersen,Brent Pedersen
Will MacKinnon (D),Toledo Walleye,43,1,7,8,0.19,43,9,2025-2026,echl,D,https://www.eliteprospects.com/player/285412/will-mackinnon,Will Mackinnon
Angus MacDonell (C/LW),Idaho Steelheads,43,8,14,22,0.51,22,10,2025-2026,echl,C/LW,manual_angus_macdonell_c,Angus Macdonell
Stevie Leskovar (D),Multiple Teams,43,4,2,6,0.14,90,-19,2025-2026,echl,D,https://www.eliteprospects.com/player/526026/stevie-leskovar,Stevie Leskovar
Grant Silianoff (RW/LW),Idaho Steelheads,43,7,5,12,0.28,10,11,2025-2026,echl,RW/LW,manual_grant_silianoff_rw,Grant Silianoff
Cam Knuble (F/D),Kalamazoo Wings,43,2,4,6,0.14,2,-8,2025-2026,echl,F/D,manual_cam_knuble_f,Cam Knuble
Connor Fedorek (D),Multiple Teams,43,5,1,6,0.14,30,-19,2025-2026,echl,D,https://www.eliteprospects.com/player/399903/connor-fedorek,Connor Fedorek
Adrien Beraldo (D),Multiple Teams,43,4,2,6,0.14,71,-20,2025-2026,echl,D,https://www.eliteprospects.com/player/333803/adrien-beraldo,Adrien Beraldo
Josh Lopina (C/RW),Savannah Ghost Pirates,43,6,10,16,0.37,22,-2,2025-2026,echl,C/RW,https://www.eliteprospects.com/player/315963/josh-lopina,Josh Lopina
Reilly Connors (C/RW),Utah Grizzlies,43,18,11,29,0.67,29,-7,2025-2026,echl,C/RW,https://www.eliteprospects.com/player/386404/reilly-connors,Reilly Connors
Matt Brown (LW/RW),Fort Wayne Komets,42,12,23,35,0.83,6,7,2025-2026,echl,LW/RW,https://www.eliteprospects.com/player/381804/matt-brown,Matt Brown
Chris Lipe (D),Savannah Ghost Pirates,42,3,8,11,0.26,0,6,2025-2026,echl,D,https://www.eliteprospects.com/player/350410/chris-lipe,Chris Lipe
Bennett MacArthur (LW/RW),Jacksonville Icemen,42,13,23,36,0.86,16,2,2025-2026,echl,LW/RW,https://www.eliteprospects.com/player/320259/bennett-macarthur,Bennett Macarthur
Spencer Kersten (RW/LW),Orlando Solar Bears,42,19,21,40,0.95,22,-10,2025-2026,echl,RW/LW,https://www.eliteprospects.com/player/370370/spencer-kersten,Spencer Kersten
Tristan De Jong (D),Greenville Swamp Rabbits,42,2,6,8,0.19,29,-15,2025-2026,echl,D,https://www.eliteprospects.com/player/360954/tristan-de-jong,Tristan De Jong
Brett Moravec (C/LW),Indy Fuel,42,10,9,19,0.45,8,2,2025-2026,echl,C/LW,manual_brett_moravec_c,Brett Moravec
Bobo Carpenter (W/C),Kansas City Mavericks,42,25,18,43,1.02,20,19,2025-2026,echl,W/C,https://www.eliteprospects.com/player/229715/bobo-carpenter,Bobo Carpenter
Jimmy Glynn (F),Kansas City Mavericks,42,5,9,14,0.33,12,8,2025-2026,echl,F,https://www.eliteprospects.com/player/283988/jimmy-glynn,Jimmy Glynn
Isaac Johnson (RW/LW),Iowa Heartlanders,42,8,21,29,0.69,18,-12,2025-2026,echl,RW/LW,https://www.eliteprospects.com/player/201523/isaac-johnson,Isaac Johnson
Tyler Poulsen (LW/RW),Tulsa Oilers,42,12,16,28,0.67,29,2,2025-2026,echl,LW/RW,https://www.eliteprospects.com/player/60512/tyler-poulsen,Tyler Poulsen
Tyler Inamoto (D),Fort Wayne Komets,41,1,10,11,0.27,47,14,2025-2026,echl,D,https://www.eliteprospects.com/player/201486/tyler-inamoto,Tyler Inamoto
Eric Martin (RW/C),Indy Fuel,41,5,6,11,0.27,14,0,2025-2026,echl,RW/C,manual_eric_martin_rw,Eric Martin
Ludwig Persson (LW/C),South Carolina Stingrays,41,9,14,23,0.56,10,10,2025-2026,echl,LW/C,https://www.eliteprospects.com/player/423614/ludwig-persson,Ludwig Persson
Tyler Kobryn (RW),Multiple Teams,41,2,4,6,0.15,10,-2,2025-2026,echl,RW,https://www.eliteprospects.com/player/307629/tyler-kobryn,Tyler Kobryn
Jordan Ernst (LW/RW),Toledo Walleye,41,10,6,16,0.39,20,8,2025-2026,echl,LW/RW,https://www.eliteprospects.com/player/313666/jordan-ernst,Jordan Ernst
John Fusco (D),South Carolina Stingrays,41,2,12,14,0.34,46,-5,2025-2026,echl,D,manual_john_fusco_d,John Fusco
Connor Joyce (C),Multiple Teams,41,3,8,11,0.27,14,0,2025-2026,echl,C,manual_connor_joyce_c,Connor Joyce
Cade McNelly (D),Tulsa Oilers,41,3,0,3,0.07,83,-14,2025-2026,echl,D,https://www.eliteprospects.com/player/413124/cade-mcnelly,Cade Mcnelly
Braidan Simmons-Fischer (D),Allen Americans,40,1,9,10,0.25,94,2,2025-2026,echl,D,manual_braidan_simmonsfischer_d,Braidan Simmonsfischer
Wyatt McLeod (D),Trois-Rivières Lions,40,2,9,11,0.28,30,6,2025-2026,echl,D,https://www.eliteprospects.com/player/350126/wyatt-mcleod,Wyatt Mcleod
Victor Hadfield (D),Reading Royals,40,1,8,9,0.23,39,-1,2025-2026,echl,D,https://www.eliteprospects.com/player/519693/victor-hadfield,Victor Hadfield
Chongmin Lee (RW/LW),Bloomington Bison,40,9,23,32,0.8,30,0,2025-2026,echl,RW/LW,https://www.eliteprospects.com/player/325427/chongmin-lee,Chongmin Lee
Artur Cholach (D),Tahoe Knight Monsters,40,2,9,11,0.28,13,12,2025-2026,echl,D,https://www.eliteprospects.com/player/467724/artur-cholach,Artur Cholach
Darian Pilon (LW/RW),Multiple Teams,40,1,5,6,0.15,60,-13,2025-2026,echl,LW/RW,https://www.eliteprospects.com/player/313320/darian-pilon,Darian Pilon
Matt Copponi (C/RW),Fort Wayne Komets,40,10,19,29,0.73,28,9,2025-2026,echl,C/RW,https://www.eliteprospects.com/player/665996/matt-copponi,Matt Copponi
Zach Urdahl (LW/RW),Wheeling Nailers,40,12,7,19,0.48,4,4,2025-2026,echl,LW/RW,manual_zach_urdahl_lw,Zach Urdahl
Tyson Feist (D),Multiple Teams,40,2,14,16,0.4,47,-4,2025-2026,echl,D,https://www.eliteprospects.com/player/407570/tyson-feist,Tyson Feist
Jacob Modry (D),Greenville Swamp Rabbits,40,1,4,5,0.13,20,-7,2025-2026,echl,D,https://www.eliteprospects.com/player/362933/jacob-modry,Jacob Modry
Michael Colella (F),Utah Grizzlies,39,5,5,10,0.26,16,-9,2025-2026,echl,F,manual_michael_colella_f,Michael Colella
Jaden Shields (D),Multiple Teams,39,5,16,21,0.54,14,9,2025-2026,echl,D,https://www.eliteprospects.com/player/284090/jaden-shields,Jaden Shields
Jacob Perreault (RW/C),Maine Mariners,39,15,24,39,1.0,63,11,2025-2026,echl,RW/C,https://www.eliteprospects.com/player/418243/jacob-perreault,Jacob Perreault
Mitch Wahl (C/RW),Idaho Steelheads,39,13,9,22,0.56,69,4,2025-2026,echl,C/RW,https://www.eliteprospects.com/player/11102/mitch-wahl,Mitch Wahl
Milo Roelens (C/LW),Orlando Solar Bears,39,11,9,20,0.51,65,-6,2025-2026,echl,C/LW,https://www.eliteprospects.com/player/483281/milo-roelens,Milo Roelens
James Stefan (RW/LW),Fort Wayne Komets,38,17,17,34,0.89,10,6,2025-2026,echl,RW/LW,https://www.eliteprospects.com/player/480110/james-stefan,James Stefan
Andrei Bakanov (LW/RW),Multiple Teams,38,9,4,13,0.34,4,-5,2025-2026,echl,LW/RW,https://www.eliteprospects.com/player/469565/andrei-bakanov,Andrei Bakanov
Mike Koster (D),Iowa Heartlanders,38,4,17,21,0.55,18,-9,2025-2026,echl,D,https://www.eliteprospects.com/player/427432/mike-koster,Mike Koster
Kyle Jackson (LW/C),Bloomington Bison,38,17,27,44,1.16,12,4,2025-2026,echl,LW/C,https://www.eliteprospects.com/player/413825/kyle-jackson,Kyle Jackson
Hudson Elynuik (C/LW),Florida Everblades,38,13,22,35,0.92,40,20,2025-2026,echl,C/LW,https://www.eliteprospects.com/player/107909/hudson-elynuik,Hudson Elynuik
Tag Bertuzzi (C/W),Adirondack Thunder,38,16,15,31,0.82,23,-4,2025-2026,echl,C/W,https://www.eliteprospects.com/player/279765/tag-bertuzzi,Tag Bertuzzi
Will Gavin (LW/C),Kansas City Mavericks,38,4,3,7,0.18,39,5,2025-2026,echl,LW/C,https://www.eliteprospects.com/player/355869/will-gavin,Will Gavin
Reece Vitelli (C/RW),Savannah Ghost Pirates,38,10,17,27,0.71,29,-12,2025-2026,echl,C/RW,https://www.eliteprospects.com/player/351365/reece-vitelli,Reece Vitelli
Tanner Palocsik (D),Multiple Teams,38,2,10,12,0.32,19,-5,2025-2026,echl,D,https://www.eliteprospects.com/player/273938/tanner-palocsik,Tanner Palocsik
James Marooney (D),Multiple Teams,38,2,7,9,0.24,12,-5,2025-2026,echl,D,https://www.eliteprospects.com/player/380898/james-marooney,James Marooney
Alexander Stensson (D),Multiple Teams,38,2,7,9,0.24,27,-1,2025-2026,echl,D,manual_alexander_stensson_d,Alexander Stensson
Kade Landry (D),Multiple Teams,38,1,12,13,0.34,10,-14,2025-2026,echl,D,https://www.eliteprospects.com/player/330965/kade-landry,Kade Landry
Stepan Timofeyev (RW/LW),Multiple Teams,38,8,17,25,0.66,33,4,2025-2026,echl,RW/LW,https://www.eliteprospects.com/player/266240/stepan-timofeyev,Stepan Timofeyev
Zachary Brooks (LW/C),Tulsa Oilers,38,1,8,9,0.24,12,-11,2025-2026,echl,LW/C,https://www.eliteprospects.com/player/410558/zachary-brooks,Zachary Brooks
Konnor Smith (D),Tulsa Oilers,38,8,1,9,0.24,33,-15,2025-2026,echl,D,https://www.eliteprospects.com/player/640821/konnor-smith,Konnor Smith
Nick Anderson (D),Multiple Teams,38,4,12,16,0.42,10,-5,2025-2026,echl,D,https://www.eliteprospects.com/player/427349/nick-anderson,Nick Anderson
Noah Ganske (D),Utah Grizzlies,37,3,8,11,0.3,24,-2,2025-2026,echl,D,https://www.eliteprospects.com/player/201519/noah-ganske,Noah Ganske
Reilly Webb (D),South Carolina Stingrays,37,2,2,4,0.11,42,1,2025-2026,echl,D,https://www.eliteprospects.com/player/273694/reilly-webb,Reilly Webb
Nick Deakin-Poot (RW/LW),Multiple Teams,37,1,7,8,0.22,40,-9,2025-2026,echl,RW/LW,https://www.eliteprospects.com/player/300437/nick-deakin-poot,Nick Deakinpoot
Nathan Dunkley (C/LW),Jacksonville Icemen,37,8,14,22,0.59,20,-3,2025-2026,echl,C/LW,https://www.eliteprospects.com/player/345583/nathan-dunkley,Nathan Dunkley
Tanner Faith (D),Tulsa Oilers,37,1,4,5,0.14,39,-3,2025-2026,echl,D,manual_tanner_faith_d,Tanner Faith
Chase Yoder (C/W),Norfolk Admirals,37,17,12,29,0.78,38,5,2025-2026,echl,C/W,manual_chase_yoder_c,Chase Yoder
Drew Elliott (RW/LW),Tulsa Oilers,37,14,14,28,0.76,17,0,2025-2026,echl,RW/LW,https://www.eliteprospects.com/player/417740/drew-elliott,Drew Elliott
Ian Pierce (D),Multiple Teams,37,0,10,10,0.27,6,-1,2025-2026,echl,D,https://www.eliteprospects.com/player/415529/ian-pierce,Ian Pierce
Robbie Stucker (D),Multiple Teams,37,4,11,15,0.41,8,-2,2025-2026,echl,D,https://www.eliteprospects.com/player/300993/robbie-stucker,Robbie Stucker
Ethan Leyh (C/LW),Greensboro Gargoyles,37,10,19,29,0.78,31,-7,2025-2026,echl,C/LW,manual_ethan_leyh_c,Ethan Leyh
Dylan Carabia (D),Atlanta Gladiators,37,0,1,1,0.03,26,-12,2025-2026,echl,D,https://www.eliteprospects.com/player/178461/dylan-carabia,Dylan Carabia
Andrew Nielsen (D),Maine Mariners,37,8,13,21,0.57,54,-8,2025-2026,echl,D,https://www.eliteprospects.com/player/131262/andrew-nielsen,Andrew Nielsen
Michael Underwood (D),Maine Mariners,36,0,7,7,0.19,12,17,2025-2026,echl,D,https://www.eliteprospects.com/player/272185/michael-underwood,Michael Underwood
Liam Gorman (C/LW),Multiple Teams,36,4,2,6,0.17,21,-1,2025-2026,echl,C/LW,https://www.eliteprospects.com/player/364228/liam-gorman,Liam Gorman
Brayden Hislop (D),Jacksonville Icemen,36,3,8,11,0.31,20,-3,2025-2026,echl,D,https://www.eliteprospects.com/player/582718/brayden-hislop,Brayden Hislop
Jesse Pulkkinen (D),Worcester Railers,36,9,9,18,0.5,14,-7,2025-2026,echl,D,https://www.eliteprospects.com/player/709399/jesse-pulkkinen,Jesse Pulkkinen
Colton Leiter (D/C),Greensboro Gargoyles,36,2,7,9,0.25,2,-16,2025-2026,echl,D/C,https://www.eliteprospects.com/player/62172/colton-leiter,Colton Leiter
Loke Johansson (D),Maine Mariners,36,2,2,4,0.11,20,6,2025-2026,echl,D,manual_loke_johansson_d,Loke Johansson
Gleb Veremyev (C/LW),Worcester Railers,36,6,10,16,0.44,23,-1,2025-2026,echl,C/LW,https://www.eliteprospects.com/player/478448/gleb-veremyev,Gleb Veremyev
Cameron Supryka (D),Jacksonville Icemen,36,0,4,4,0.11,18,-6,2025-2026,echl,D,https://www.eliteprospects.com/player/424328/cameron-supryka,Cameron Supryka
Brendon Michaelian (D),Toledo Walleye,36,8,5,13,0.36,16,10,2025-2026,echl,D,https://www.eliteprospects.com/player/271331/brendon-michaelian,Brendon Michaelian
Jackson Kunz (LW/RW),Kalamazoo Wings,36,12,10,22,0.61,8,-2,2025-2026,echl,LW/RW,https://www.eliteprospects.com/player/550361/jackson-kunz,Jackson Kunz
Sean Olson (F),Adirondack Thunder,36,5,8,13,0.36,19,2,2025-2026,echl,F,https://www.eliteprospects.com/player/392344/sean-olson,Sean Olson
Owen Cole (C),Multiple Teams,36,1,3,4,0.11,4,-9,2025-2026,echl,C,https://www.eliteprospects.com/player/359030/owen-cole,Owen Cole
Isaac Nurse (RW),Florida Everblades,36,6,9,15,0.42,8,11,2025-2026,echl,RW,https://www.eliteprospects.com/player/283286/isaac-nurse,Isaac Nurse
Keegan Iverson (RW/C),Tulsa Oilers,35,1,4,5,0.14,45,-3,2025-2026,echl,RW/C,https://www.eliteprospects.com/player/185603/keegan-iverson,Keegan Iverson
Remy Parker (F),Multiple Teams,35,3,0,3,0.09,18,-8,2025-2026,echl,F,https://www.eliteprospects.com/player/374286/remy-parker,Remy Parker
Christian Felton (D),Multiple Teams,35,3,8,11,0.31,17,-2,2025-2026,echl,D,https://www.eliteprospects.com/player/325238/christian-felton,Christian Felton
Brandon Schultz (C/LW),Multiple Teams,35,4,10,14,0.4,16,5,2025-2026,echl,C/LW,https://www.eliteprospects.com/player/206708/brandon-schultz,Brandon Schultz
Jaxsen Wiebe (RW/C),Multiple Teams,35,7,12,19,0.54,38,-6,2025-2026,echl,RW/C,https://www.eliteprospects.com/player/403791/jaxsen-wiebe,Jaxsen Wiebe
Logan Lambdin (LW),Florida Everblades,35,9,9,18,0.51,12,7,2025-2026,echl,LW,https://www.eliteprospects.com/player/95844/logan-lambdin,Logan Lambdin
Jalen Luypen (C/LW),South Carolina Stingrays,35,14,23,37,1.06,16,11,2025-2026,echl,C/LW,https://www.eliteprospects.com/player/476673/jalen-luypen,Jalen Luypen
Zakary Karpa (C/LW),Bloomington Bison,34,7,10,17,0.5,17,10,2025-2026,echl,C/LW,manual_zakary_karpa_c,Zakary Karpa
Jordan Klimek (D),South Carolina Stingrays,34,5,1,6,0.18,46,3,2025-2026,echl,D,https://www.eliteprospects.com/player/102237/jordan-klimek,Jordan Klimek
Charlie Combs (LW),South Carolina Stingrays,34,10,6,16,0.47,45,1,2025-2026,echl,LW,https://www.eliteprospects.com/player/206582/charlie-combs,Charlie Combs
Ty Cheveldayoff (LW/RW),Maine Mariners,34,3,6,9,0.26,106,0,2025-2026,echl,LW/RW,https://www.eliteprospects.com/player/496403/ty-cheveldayoff,Ty Cheveldayoff
Lukas Jirousek (RW/C),Tulsa Oilers,34,5,12,17,0.5,32,7,2025-2026,echl,RW/C,manual_lukas_jirousek_rw,Lukas Jirousek
Kalan Lind (LW),Atlanta Gladiators,34,5,11,16,0.47,34,0,2025-2026,echl,LW,https://www.eliteprospects.com/player/569175/kalan-lind,Kalan Lind
Riley Ginnell (LW/C),Worcester Railers,33,5,8,13,0.39,19,-2,2025-2026,echl,LW/C,https://www.eliteprospects.com/player/475281/riley-ginnell,Riley Ginnell
Lynden McCallum (RW/LW),Multiple Teams,33,8,5,13,0.39,14,1,2025-2026,echl,RW/LW,https://www.eliteprospects.com/player/295994/lynden-mccallum,Lynden Mccallum
John Spetz (D),Multiple Teams,33,1,6,7,0.21,12,-7,2025-2026,echl,D,manual_john_spetz_d,John Spetz
Terry Broadhurst (LW/RW),Indy Fuel,33,8,7,15,0.45,4,1,2025-2026,echl,LW/RW,https://www.eliteprospects.com/player/31612/terry-broadhurst,Terry Broadhurst
Jack Bar (D),Wichita Thunder,33,2,10,12,0.36,16,7,2025-2026,echl,D,manual_jack_bar_d,Jack Bar
Trevor LeDonne (D),Multiple Teams,32,2,5,7,0.22,16,2,2025-2026,echl,D,https://www.eliteprospects.com/player/333815/trevor-ledonne,Trevor Ledonne
Patrick Thomas (C),South Carolina Stingrays,32,3,13,16,0.5,4,1,2025-2026,echl,C,manual_patrick_thomas_c,Patrick Thomas
Zach Uens (D),Kansas City Mavericks,32,3,11,14,0.44,26,28,2025-2026,echl,D,https://www.eliteprospects.com/player/424330/zach-uens,Zach Uens
Matt Murphy (D),Fort Wayne Komets,32,2,9,11,0.34,18,2,2025-2026,echl,D,https://www.eliteprospects.com/player/99201/matt-murphy,Matt Murphy
Tyler Hylland (LW/RW),Trois-Rivières Lions,32,5,7,12,0.38,10,-13,2025-2026,echl,LW/RW,https://www.eliteprospects.com/player/252491/tyler-hylland,Tyler Hylland
Tristan Amonte (RW/LW),Savannah Ghost Pirates,32,7,7,14,0.44,10,3,2025-2026,echl,RW/LW,manual_tristan_amonte_rw,Tristan Amonte
Josh Davies (LW/C),Multiple Teams,32,8,4,12,0.38,51,5,2025-2026,echl,LW/C,https://www.eliteprospects.com/player/532703/josh-davies,Josh Davies
Bogdans Hodass (D),Wheeling Nailers,32,2,5,7,0.22,46,6,2025-2026,echl,D,https://www.eliteprospects.com/player/532642/bogdans-hodass,Bogdans Hodass
Braden Doyle (D),Greensboro Gargoyles,32,1,7,8,0.25,12,-6,2025-2026,echl,D,manual_braden_doyle_d,Braden Doyle
Zach Bannister (F),Multiple Teams,31,4,5,9,0.29,4,4,2025-2026,echl,F,https://www.eliteprospects.com/player/352794/zach-bannister,Zach Bannister
Parker Bowman (C/LW),Rapid City Rush,31,3,1,4,0.13,56,-10,2025-2026,echl,C/LW,https://www.eliteprospects.com/player/326457/parker-bowman,Parker Bowman
Matteo Costantini (C/LW),Jacksonville Icemen,31,10,17,27,0.87,4,0,2025-2026,echl,C/LW,manual_matteo_costantini_c,Matteo Costantini
Josh Bloom (LW/RW),Multiple Teams,30,18,19,37,1.23,14,-1,2025-2026,echl,LW/RW,https://www.eliteprospects.com/player/617949/josh-bloom,Josh Bloom
Carson Gicewicz (C),Florida Everblades,30,9,7,16,0.53,59,8,2025-2026,echl,C,https://www.eliteprospects.com/player/248435/carson-gicewicz,Carson Gicewicz
Saige Weinstein (D),Utah Grizzlies,30,0,2,2,0.07,18,-13,2025-2026,echl,D,manual_saige_weinstein_d,Saige Weinstein
Thomas Caron (LW/RW),Allen Americans,30,4,9,13,0.43,42,3,2025-2026,echl,LW/RW,https://www.eliteprospects.com/player/415819/thomas-caron,Thomas Caron
Tommy Cormier (C/LW),Trois-Rivières Lions,30,2,15,17,0.57,16,-5,2025-2026,echl,C/LW,https://www.eliteprospects.com/player/485740/tommy-cormier,Tommy Cormier
Jordan Gustafson (C/LW),Tahoe Knight Monsters,30,9,20,29,0.97,2,9,2025-2026,echl,C/LW,manual_jordan_gustafson_c,Jordan Gustafson
John Waldron (F),Toledo Walleye,30,7,9,16,0.53,18,-10,2025-2026,echl,F,manual_john_waldron_f,John Waldron
Jack Ricketts (C/LW),Utah Grizzlies,30,8,10,18,0.6,36,-19,2025-2026,echl,C/LW,manual_jack_ricketts_c,Jack Ricketts
Logan Will (C),Florida Everblades,30,4,6,10,0.33,0,8,2025-2026,echl,C,manual_logan_will_c,Logan Will
Mathias Laferrière (C/RW),Trois-Rivières Lions,30,8,9,17,0.57,6,3,2025-2026,echl,C/RW,https://www.eliteprospects.com/player/382160/mathias-laferriere,Mathias Laferriere
William Dufour (RW/LW),Fort Wayne Komets,30,17,24,41,1.37,8,11,2025-2026,echl,RW/LW,https://www.eliteprospects.com/player/294583/william-dufour,William Dufour
Anthony Hora (D),Worcester Railers,30,0,4,4,0.13,18,3,2025-2026,echl,D,https://www.eliteprospects.com/player/267694/anthony-hora,Anthony Hora
Cameron Butler (RW/LW),Iowa Heartlanders,30,9,11,20,0.67,77,-12,2025-2026,echl,RW/LW,https://www.eliteprospects.com/player/342193/cameron-butler,Cameron Butler
Dylan Wendt (RW/C),Adirondack Thunder,30,9,12,21,0.7,4,0,2025-2026,echl,RW/C,https://www.eliteprospects.com/player/369968/dylan-wendt,Dylan Wendt
Tim Rego (D),Greenville Swamp Rabbits,30,5,5,10,0.33,2,-8,2025-2026,echl,D,https://www.eliteprospects.com/player/393782/tim-rego,Tim Rego
Owen Lindmark (C/RW),Tulsa Oilers,30,6,10,16,0.53,6,-5,2025-2026,echl,C/RW,https://www.eliteprospects.com/player/315962/owen-lindmark,Owen Lindmark
Massimo Rizzo (C/LW),Reading Royals,29,6,16,22,0.76,10,-6,2025-2026,echl,C/LW,https://www.eliteprospects.com/player/286939/massimo-rizzo,Massimo Rizzo
Daniel Laatsch (D),Wheeling Nailers,29,3,8,11,0.38,6,12,2025-2026,echl,D,manual_daniel_laatsch_d,Daniel Laatsch
Peter Laviolette (LW/RW),Multiple Teams,29,2,1,3,0.1,75,2,2025-2026,echl,LW/RW,https://www.eliteprospects.com/player/377398/peter-laviolette,Peter Laviolette
Artyom Guryev (D),Reading Royals,29,1,0,1,0.03,6,-5,2025-2026,echl,D,https://www.eliteprospects.com/player/617884/artyom-guryev,Artyom Guryev
Jesper Solomon Frisell (D),Bloomington Bison,29,2,1,3,0.1,8,-1,2025-2026,echl,D,https://www.eliteprospects.com/player/178217/jesper-solomon-frisell,Jesper Solomon Frisell
Todd Skirving (C),Kalamazoo Wings,29,0,3,3,0.1,12,-12,2025-2026,echl,C,https://www.eliteprospects.com/player/93822/todd-skirving,Todd Skirving
Jack Page (D),Reading Royals,29,1,3,4,0.14,8,-3,2025-2026,echl,D,manual_jack_page_d,Jack Page
Jack Jaunich (F),Multiple Teams,29,5,2,7,0.24,6,0,2025-2026,echl,F,https://www.eliteprospects.com/player/424163/jack-jaunich,Jack Jaunich
John Gormley (D),Wichita Thunder,29,2,2,4,0.14,29,-3,2025-2026,echl,D,https://www.eliteprospects.com/player/519987/john-gormley,John Gormley
Mike Van Unen (D),Multiple Teams,29,1,6,7,0.24,12,0,2025-2026,echl,D,https://www.eliteprospects.com/player/334963/mike-van-unen,Mike Van Unen
Zachary Massicotte (D),Maine Mariners,29,1,5,6,0.21,28,7,2025-2026,echl,D,https://www.eliteprospects.com/player/412990/zachary-massicotte,Zachary Massicotte
Nick Capone (RW/C),Reading Royals,29,3,6,9,0.31,4,2,2025-2026,echl,RW/C,https://www.eliteprospects.com/player/415193/nick-capone,Nick Capone
Cameron Cook (F),Reading Royals,29,5,3,8,0.28,29,-6,2025-2026,echl,F,https://www.eliteprospects.com/player/285068/cameron-cook,Cameron Cook
Yvan Mongo (LW),Reading Royals,28,4,5,9,0.32,4,-1,2025-2026,echl,LW,https://www.eliteprospects.com/player/213567/yvan-mongo,Yvan Mongo
Ryan McCleary (D),Cincinnati Cyclones,28,1,5,6,0.21,10,-4,2025-2026,echl,D,https://www.eliteprospects.com/player/483627/ryan-mccleary,Ryan Mccleary
Kenta Isogai (LW/RW),Greenville Swamp Rabbits,28,5,12,17,0.61,4,-5,2025-2026,echl,LW/RW,manual_kenta_isogai_lw,Kenta Isogai
Lukas Sillinger (W/C),Multiple Teams,28,2,11,13,0.46,2,-3,2025-2026,echl,W/C,manual_lukas_sillinger_w,Lukas Sillinger
Bryce Montgomery (D),Greensboro Gargoyles,28,1,4,5,0.18,34,-2,2025-2026,echl,D,https://www.eliteprospects.com/player/478709/bryce-montgomery,Bryce Montgomery
Chris Grando (LW/RW),Jacksonville Icemen,28,3,7,10,0.36,4,-6,2025-2026,echl,LW/RW,https://www.eliteprospects.com/player/296539/chris-grando,Chris Grando
Jayden Grubbe (C/RW),Fort Wayne Komets,28,7,12,19,0.68,21,4,2025-2026,echl,C/RW,https://www.eliteprospects.com/player/475192/jayden-grubbe,Jayden Grubbe
Spencer Cox (D),Cincinnati Cyclones,28,1,2,3,0.11,14,-8,2025-2026,echl,D,https://www.eliteprospects.com/player/295619/spencer-cox,Spencer Cox
Dustyn McFaul (D),Fort Wayne Komets,28,1,2,3,0.11,21,-3,2025-2026,echl,D,https://www.eliteprospects.com/player/370364/dustyn-mcfaul,Dustyn Mcfaul
Jonny Hooker (C/LW),Tulsa Oilers,27,4,5,9,0.33,4,1,2025-2026,echl,C/LW,manual_jonny_hooker_c,Jonny Hooker
Jake Elmer (RW),Greensboro Gargoyles,27,1,3,4,0.15,10,-12,2025-2026,echl,RW,https://www.eliteprospects.com/player/199648/jake-elmer,Jake Elmer
Louka Henault (D),Multiple Teams,27,2,4,6,0.22,27,3,2025-2026,echl,D,https://www.eliteprospects.com/player/438076/louka-henault,Louka Henault
Kevin Conley (LW/C),Norfolk Admirals,27,9,8,17,0.63,11,-12,2025-2026,echl,LW/C,https://www.eliteprospects.com/player/248429/kevin-conley,Kevin Conley
Garrett Devine (F),Multiple Teams,27,3,4,7,0.26,16,-1,2025-2026,echl,F,https://www.eliteprospects.com/player/423407/garrett-devine,Garrett Devine
Sean Gulka (C/LW),Trois-Rivières Lions,27,1,0,1,0.04,63,-2,2025-2026,echl,C/LW,https://www.eliteprospects.com/player/351478/sean-gulka,Sean Gulka
Logan Cockerill (LW/RW),Jacksonville Icemen,27,7,10,17,0.63,14,-3,2025-2026,echl,LW/RW,https://www.eliteprospects.com/player/273963/logan-cockerill,Logan Cockerill
Michael Davies (D),Tulsa Oilers,27,3,2,5,0.19,0,-7,2025-2026,echl,D,https://www.eliteprospects.com/player/248432/michael-davies,Michael Davies
Blake Biondi (RW/C),Greensboro Gargoyles,27,11,14,25,0.93,27,-5,2025-2026,echl,RW/C,manual_blake_biondi_rw,Blake Biondi
Emil Pieniniemi (D),Wheeling Nailers,26,6,5,11,0.42,4,2,2025-2026,echl,D,https://www.eliteprospects.com/player/709463/emil-pieniniemi,Emil Pieniniemi
Spencer Kennedy (LW/RW),Kalamazoo Wings,26,1,5,6,0.23,104,1,2025-2026,echl,LW/RW,https://www.eliteprospects.com/player/384944/spencer-kennedy,Spencer Kennedy
Jake Gravelle (D),Trois-Rivières Lions,26,3,6,9,0.35,32,13,2025-2026,echl,D,manual_jake_gravelle_d,Jake Gravelle
Colson Gengenbach (F),Kalamazoo Wings,26,3,6,9,0.35,18,1,2025-2026,echl,F,https://www.eliteprospects.com/player/326647/colson-gengenbach,Colson Gengenbach
Donavan Houle (C/RW),Wichita Thunder,26,9,10,19,0.73,6,2,2025-2026,echl,C/RW,https://www.eliteprospects.com/player/560870/donavan-houle,Donavan Houle
Coulson Pitre (RW/C),Tulsa Oilers,26,5,16,21,0.81,10,-13,2025-2026,echl,RW/C,https://www.eliteprospects.com/player/672925/coulson-pitre,Coulson Pitre
Cole Krygier (D),Savannah Ghost Pirates,26,4,4,8,0.31,16,9,2025-2026,echl,D,https://www.eliteprospects.com/player/283959/cole-krygier,Cole Krygier
Brodi Stuart (C/LW),Tulsa Oilers,26,1,11,12,0.46,12,-4,2025-2026,echl,C/LW,manual_brodi_stuart_c,Brodi Stuart
Ryley Appelt (LW),Atlanta Gladiators,26,1,0,1,0.04,56,-8,2025-2026,echl,LW,manual_ryley_appelt_lw,Ryley Appelt
Sam Stange (RW),Multiple Teams,26,16,11,27,1.04,0,15,2025-2026,echl,RW,manual_sam_stange_rw,Sam Stange
Harrison Israels (C/LW),Indy Fuel,26,6,9,15,0.58,13,-2,2025-2026,echl,C/LW,https://www.eliteprospects.com/player/418568/harrison-israels,Harrison Israels
Kishaun Gervais (LW/RW),Multiple Teams,26,3,4,7,0.27,71,-2,2025-2026,echl,LW/RW,https://www.eliteprospects.com/player/403437/kishaun-gervais,Kishaun Gervais
Jason Horvath (D),Multiple Teams,26,0,5,5,0.19,88,-1,2025-2026,echl,D,https://www.eliteprospects.com/player/317607/jason-horvath,Jason Horvath
Ryan McAllister (C/LW),Multiple Teams,26,10,16,26,1.0,20,2,2025-2026,echl,C/LW,https://www.eliteprospects.com/player/418420/ryan-mcallister,Ryan Mcallister
Shawn Kennedy (LW),Multiple Teams,25,1,7,8,0.32,12,-5,2025-2026,echl,LW,https://www.eliteprospects.com/player/262797/shawn-kennedy,Shawn Kennedy
Brett Budgell (LW/C),Bloomington Bison,25,7,14,21,0.84,12,-3,2025-2026,echl,LW/C,https://www.eliteprospects.com/player/320295/brett-budgell,Brett Budgell
Jack Matier (D),Atlanta Gladiators,25,2,5,7,0.28,16,16,2025-2026,echl,D,https://www.eliteprospects.com/player/476043/jack-matier,Jack Matier
Jackson van de Leest (D),Adirondack Thunder,25,5,3,8,0.32,18,-4,2025-2026,echl,D,https://www.eliteprospects.com/player/407592/jackson-van-de-leest,Jackson Van De Leest
Vincent Sévigny (D),Reading Royals,25,1,9,10,0.4,35,-10,2025-2026,echl,D,https://www.eliteprospects.com/player/410874/vincent-sevigny,Vincent Sevigny
Louis Boudon (C),Atlanta Gladiators,25,12,18,30,1.2,13,10,2025-2026,echl,C,https://www.eliteprospects.com/player/240254/louis-boudon,Louis Boudon
Ryan Helliwell (D),Multiple Teams,25,1,4,5,0.2,6,-4,2025-2026,echl,D,manual_ryan_helliwell_d,Ryan Helliwell
Roman Kinal (D),Tulsa Oilers,24,2,7,9,0.38,45,8,2025-2026,echl,D,https://www.eliteprospects.com/player/311067/roman-kinal,Roman Kinal
Joël Teasdale (LW/RW),Trois-Rivières Lions,24,11,7,18,0.75,29,-9,2025-2026,echl,LW/RW,https://www.eliteprospects.com/player/201546/joel-teasdale,Joel Teasdale
Garrett Klotz (LW),Rapid City Rush,24,1,1,2,0.08,42,0,2025-2026,echl,LW,https://www.eliteprospects.com/player/12519/garrett-klotz,Garrett Klotz
Dakota Seaman (F/D),Tulsa Oilers,24,0,1,1,0.04,38,-12,2025-2026,echl,F/D,https://www.eliteprospects.com/player/496536/dakota-seaman,Dakota Seaman
Daniel Amesbury (W/D),Multiple Teams,24,0,1,1,0.04,156,-6,2025-2026,echl,W/D,https://www.eliteprospects.com/player/76426/daniel-amesbury,Daniel Amesbury
Aidan Fulp (D),Jacksonville Icemen,24,3,15,18,0.75,6,0,2025-2026,echl,D,https://www.eliteprospects.com/player/315954/aidan-fulp,Aidan Fulp
Christophe Fillion (F),Multiple Teams,24,3,0,3,0.13,9,-4,2025-2026,echl,F,https://www.eliteprospects.com/player/376630/christophe-fillion,Christophe Fillion
Rasmus Kumpulainen (C/LW),Iowa Heartlanders,24,5,11,16,0.67,16,0,2025-2026,echl,C/LW,https://www.eliteprospects.com/player/689399/rasmus-kumpulainen,Rasmus Kumpulainen
Ryan Orgel (D),Multiple Teams,24,1,7,8,0.33,6,0,2025-2026,echl,D,https://www.eliteprospects.com/player/247333/ryan-orgel,Ryan Orgel
Matt Berry (RW/C),Multiple Teams,24,2,9,11,0.46,0,0,2025-2026,echl,RW/C,https://www.eliteprospects.com/player/84764/matt-berry,Matt Berry
Ben Brar (LW),Florida Everblades,24,5,3,8,0.33,8,9,2025-2026,echl,LW,https://www.eliteprospects.com/player/247149/ben-brar,Ben Brar
Mike Gelatt (F),Utah Grizzlies,24,3,2,5,0.21,10,-2,2025-2026,echl,F,manual_mike_gelatt_f,Mike Gelatt
Phil Beaulieu (D),Multiple Teams,24,1,2,3,0.13,4,5,2025-2026,echl,D,manual_phil_beaulieu_d,Phil Beaulieu
Zac Funk (LW/RW),South Carolina Stingrays,23,9,10,19,0.83,8,2,2025-2026,echl,LW/RW,https://www.eliteprospects.com/player/556514/zac-funk,Zac Funk
Gabriel Bernier (RW),Cincinnati Cyclones,23,8,7,15,0.65,6,1,2025-2026,echl,RW,manual_gabriel_bernier_rw,Gabriel Bernier
Calle Odelius (D),Worcester Railers,23,2,6,8,0.35,4,-7,2025-2026,echl,D,https://www.eliteprospects.com/player/607525/calle-odelius,Calle Odelius
Brandon Kruse (LW/RW),Toledo Walleye,23,1,14,15,0.65,12,1,2025-2026,echl,LW/RW,https://www.eliteprospects.com/player/273154/brandon-kruse,Brandon Kruse
Maurizio Colella (C/LW),Rapid City Rush,23,4,7,11,0.48,12,-2,2025-2026,echl,C/LW,https://www.eliteprospects.com/player/245120/maurizio-colella,Maurizio Colella
Noah Massie (D),Multiple Teams,23,0,3,3,0.13,17,1,2025-2026,echl,D,manual_noah_massie_d,Noah Massie
Alexander Kuqali (D),Wheeling Nailers,23,1,3,4,0.17,2,2,2025-2026,echl,D,https://www.eliteprospects.com/player/39761/alexander-kuqali,Alexander Kuqali
Tommy Bergsland (D),Idaho Steelheads,23,2,13,15,0.65,4,15,2025-2026,echl,D,https://www.eliteprospects.com/player/493505/tommy-bergsland,Tommy Bergsland
Zach Yoder (D),Atlanta Gladiators,23,1,4,5,0.22,20,1,2025-2026,echl,D,https://www.eliteprospects.com/player/186819/zach-yoder,Zach Yoder
Chad Hillebrand (LW/C),Toledo Walleye,22,7,6,13,0.59,6,7,2025-2026,echl,LW/C,https://www.eliteprospects.com/player/284070/chad-hillebrand,Chad Hillebrand
Orlando Mainolfi (D),Kalamazoo Wings,22,1,4,5,0.23,14,3,2025-2026,echl,D,manual_orlando_mainolfi_d,Orlando Mainolfi
Garrett Pyke (D),Multiple Teams,22,3,6,9,0.41,4,-7,2025-2026,echl,D,https://www.eliteprospects.com/player/273731/garrett-pyke,Garrett Pyke
Phip Waugh (D),Savannah Ghost Pirates,22,3,6,9,0.41,13,-2,2025-2026,echl,D,https://www.eliteprospects.com/player/496127/phip-waugh,Phip Waugh
Aaron Chiarot (D),Multiple Teams,22,0,1,1,0.05,41,-1,2025-2026,echl,D,manual_aaron_chiarot_d,Aaron Chiarot
Blake Wells (F),Tahoe Knight Monsters,22,3,4,7,0.32,6,1,2025-2026,echl,F,https://www.eliteprospects.com/player/410974/blake-wells,Blake Wells
Matt Anderson (D),Idaho Steelheads,22,1,10,11,0.5,12,-1,2025-2026,echl,D,https://www.eliteprospects.com/player/201511/matt-anderson,Matt Anderson
Carter Savoie (LW/RW),Greenville Swamp Rabbits,22,7,8,15,0.68,16,-2,2025-2026,echl,LW/RW,https://www.eliteprospects.com/player/201925/carter-savoie,Carter Savoie
Troy Murray (D),Allen Americans,21,1,0,1,0.05,32,-3,2025-2026,echl,D,https://www.eliteprospects.com/player/360750/troy-murray,Troy Murray
Cam Gaudette (D),Atlanta Gladiators,21,0,1,1,0.05,14,-2,2025-2026,echl,D,manual_cam_gaudette_d,Cam Gaudette
Andre Sutter (C),Norfolk Admirals,21,3,4,7,0.33,12,-4,2025-2026,echl,C,manual_andre_sutter_c,Andre Sutter
Mathieu Bizier (C),Trois-Rivières Lions,21,7,8,15,0.71,6,5,2025-2026,echl,C,manual_mathieu_bizier_c,Mathieu Bizier
Nick McCarry (LW),Multiple Teams,21,1,2,3,0.14,4,-10,2025-2026,echl,LW,manual_nick_mccarry_lw,Nick Mccarry
C.J. Valerian (D),Tahoe Knight Monsters,21,0,4,4,0.19,51,4,2025-2026,echl,D,https://www.eliteprospects.com/player/210135/c.j.-valerian,Cj Valerian
Jonny Evans (F),Bloomington Bison,21,2,3,5,0.24,4,-3,2025-2026,echl,F,https://www.eliteprospects.com/player/202364/jonny-evans,Jonny Evans
Eric Olson (C),Multiple Teams,21,1,4,5,0.24,17,3,2025-2026,echl,C,manual_eric_olson_c,Eric Olson
Ivan Chukarov (D),Multiple Teams,21,0,6,6,0.29,8,-8,2025-2026,echl,D,https://www.eliteprospects.com/player/135399/ivan-chukarov,Ivan Chukarov
Jackson Edward (D),Multiple Teams,21,0,7,7,0.33,28,3,2025-2026,echl,D,https://www.eliteprospects.com/player/672923/jackson-edward,Jackson Edward
Caden Villegas (F),Maine Mariners,21,1,5,6,0.29,4,0,2025-2026,echl,F,https://www.eliteprospects.com/player/415337/caden-villegas,Caden Villegas
Jake Hamilton (D),Orlando Solar Bears,20,0,0,0,0.0,21,-2,2025-2026,echl,D,https://www.eliteprospects.com/player/224286/jake-hamilton,Jake Hamilton
Jack Pascucci (D),Norfolk Admirals,20,3,4,7,0.35,30,-7,2025-2026,echl,D,manual_jack_pascucci_d,Jack Pascucci
Dawson Barteaux (D),Norfolk Admirals,20,4,5,9,0.45,18,-7,2025-2026,echl,D,https://www.eliteprospects.com/player/285046/dawson-barteaux,Dawson Barteaux
Connor Federkow (D),Worcester Railers,20,0,0,0,0.0,8,1,2025-2026,echl,D,https://www.eliteprospects.com/player/580174/connor-federkow,Connor Federkow
Lucas Vanroboys (C/RW),Wichita Thunder,20,5,7,12,0.6,46,1,2025-2026,echl,C/RW,https://www.eliteprospects.com/player/349153/lucas-vanroboys,Lucas Vanroboys
Chris Ortiz (D),Bloomington Bison,20,2,10,12,0.6,16,0,2025-2026,echl,D,https://www.eliteprospects.com/player/296699/chris-ortiz,Chris Ortiz
Caleb Price (D),Multiple Teams,20,1,5,6,0.3,2,-5,2025-2026,echl,D,manual_caleb_price_d,Caleb Price
Oliver Tarr (RW),Wichita Thunder,20,4,4,8,0.4,4,-3,2025-2026,echl,RW,manual_oliver_tarr_rw,Oliver Tarr
Jeff Faith (D),Tulsa Oilers,20,0,1,1,0.05,19,-14,2025-2026,echl,D,manual_jeff_faith_d,Jeff Faith
Chris Harpur (D),Orlando Solar Bears,19,0,3,3,0.16,20,2,2025-2026,echl,D,https://www.eliteprospects.com/player/221153/chris-harpur,Chris Harpur
Arvils Bergmanis (D),Rapid City Rush,19,1,3,4,0.21,7,2,2025-2026,echl,D,https://www.eliteprospects.com/player/382583/arvils-bergmanis,Arvils Bergmanis
Dylan Massie (C),Iowa Heartlanders,19,3,3,6,0.32,6,1,2025-2026,echl,C,manual_dylan_massie_c,Dylan Massie
Anthony Messuri (F),Greensboro Gargoyles,19,2,1,3,0.16,2,-3,2025-2026,echl,F,manual_anthony_messuri_f,Anthony Messuri
Ilya Tsulygin (F),Bloomington Bison,19,0,5,5,0.26,2,-6,2025-2026,echl,F,manual_ilya_tsulygin_f,Ilya Tsulygin
Adam Capannelli (C/LW),Iowa Heartlanders,19,1,4,5,0.26,13,-12,2025-2026,echl,C/LW,manual_adam_capannelli_c,Adam Capannelli
Liam Kidney (LW),Cincinnati Cyclones,19,4,4,8,0.42,12,2,2025-2026,echl,LW,manual_liam_kidney_lw,Liam Kidney
Daniel Tedesco (LW/C),Bloomington Bison,19,4,7,11,0.58,16,-1,2025-2026,echl,LW/C,https://www.eliteprospects.com/player/149868/daniel-tedesco,Daniel Tedesco
Michael Ferrandino (D),Worcester Railers,19,0,2,2,0.11,2,-6,2025-2026,echl,D,manual_michael_ferrandino_d,Michael Ferrandino
Édouard Charron (C),Trois-Rivières Lions,19,2,0,2,0.11,10,-4,2025-2026,echl,C,manual_edouard_charron_c,Edouard Charron
Dylan Gratton (D),Utah Grizzlies,19,1,9,10,0.53,6,10,2025-2026,echl,D,manual_dylan_gratton_d,Dylan Gratton
Andrew Coxhead (C/RW),Trois-Rivières Lions,19,0,3,3,0.16,16,3,2025-2026,echl,C/RW,https://www.eliteprospects.com/player/267085/andrew-coxhead,Andrew Coxhead
Peter Morgan (F),Atlanta Gladiators,18,2,1,3,0.17,6,1,2025-2026,echl,F,manual_peter_morgan_f,Peter Morgan
Keanan Stewart (F),Multiple Teams,18,2,1,3,0.17,6,-1,2025-2026,echl,F,https://www.eliteprospects.com/player/363678/keanan-stewart,Keanan Stewart
Mark Cooper (D),Orlando Solar Bears,18,0,3,3,0.17,0,-5,2025-2026,echl,D,manual_mark_cooper_d,Mark Cooper
Reilly Funk (C),Toledo Walleye,18,3,4,7,0.39,10,1,2025-2026,echl,C,manual_reilly_funk_c,Reilly Funk
Case McCarthy (D),Worcester Railers,18,4,6,10,0.56,2,2,2025-2026,echl,D,https://www.eliteprospects.com/player/290196/case-mccarthy,Case Mccarthy
Blake Swetlikoff (F),Greensboro Gargoyles,18,0,6,6,0.33,6,-9,2025-2026,echl,F,https://www.eliteprospects.com/player/481992/blake-swetlikoff,Blake Swetlikoff
Josh Zary (F),Greenville Swamp Rabbits,18,1,4,5,0.28,13,2,2025-2026,echl,F,manual_josh_zary_f,Josh Zary
Landon Sim (C/RW),Cincinnati Cyclones,18,2,4,6,0.33,44,-4,2025-2026,echl,C/RW,manual_landon_sim_c,Landon Sim
Kevin O'Neil (RW/LW),Adirondack Thunder,18,2,10,12,0.67,8,-8,2025-2026,echl,RW/LW,https://www.eliteprospects.com/player/307025/kevin-o-neil,Kevin Oneil
Jaxson Murray (RW),Cincinnati Cyclones,17,3,3,6,0.35,2,0,2025-2026,echl,RW,manual_jaxson_murray_rw,Jaxson Murray
Tanner Schachle (LW),Multiple Teams,17,0,2,2,0.12,22,-4,2025-2026,echl,LW,https://www.eliteprospects.com/player/269692/tanner-schachle,Tanner Schachle
Kaleb Tiessen (D),Multiple Teams,17,0,1,1,0.06,26,-2,2025-2026,echl,D,manual_kaleb_tiessen_d,Kaleb Tiessen
Tucker Ness (D),Tahoe Knight Monsters,17,1,0,1,0.06,27,-1,2025-2026,echl,D,manual_tucker_ness_d,Tucker Ness
Zach Krajnik (C/LW),Savannah Ghost Pirates,17,1,0,1,0.06,0,-11,2025-2026,echl,C/LW,https://www.eliteprospects.com/player/412195/zach-krajnik,Zach Krajnik
Cole Moberg (D),Florida Everblades,17,5,7,12,0.71,2,11,2025-2026,echl,D,https://www.eliteprospects.com/player/428574/cole-moberg,Cole Moberg
Max Smolinski (D),Cincinnati Cyclones,17,2,3,5,0.29,4,4,2025-2026,echl,D,manual_max_smolinski_d,Max Smolinski
Gavin Best (F),Wichita Thunder,17,5,6,11,0.65,12,-14,2025-2026,echl,F,manual_gavin_best_f,Gavin Best
Jackson Niedermayer (D),Tulsa Oilers,17,1,6,7,0.41,6,0,2025-2026,echl,D,manual_jackson_niedermayer_d,Jackson Niedermayer
Jace Isley (C/LW),Multiple Teams,17,1,4,5,0.29,17,1,2025-2026,echl,C/LW,https://www.eliteprospects.com/player/413142/jace-isley,Jace Isley
Cam Mitchell (LW),Wichita Thunder,17,0,4,4,0.24,4,-8,2025-2026,echl,LW,manual_cam_mitchell_lw,Cam Mitchell
Pierson Brandon (D),Adirondack Thunder,17,0,2,2,0.12,7,2,2025-2026,echl,D,manual_pierson_brandon_d,Pierson Brandon
Cody Schiavon (D),Multiple Teams,17,0,2,2,0.12,22,-5,2025-2026,echl,D,manual_cody_schiavon_d,Cody Schiavon
Cole Beamin (D),Multiple Teams,16,0,1,1,0.06,0,0,2025-2026,echl,D,manual_cole_beamin_d,Cole Beamin
Nicholas Girouard (LW),Trois-Rivières Lions,16,4,7,11,0.69,18,4,2025-2026,echl,LW,manual_nicholas_girouard_lw,Nicholas Girouard
Andrius Kulbis-Marino (D),Greensboro Gargoyles,16,0,2,2,0.13,4,-4,2025-2026,echl,D,https://www.eliteprospects.com/player/654162/andrius-kulbis-marino,Andrius Kulbismarino
Grant Porter (F),Bloomington Bison,16,6,13,19,1.19,2,12,2025-2026,echl,F,manual_grant_porter_f,Grant Porter
Adam Kydd (LW),Cincinnati Cyclones,16,4,5,9,0.56,4,7,2025-2026,echl,LW,manual_adam_kydd_lw,Adam Kydd
Logan Nijhoff (C/LW),Trois-Rivières Lions,16,3,4,7,0.44,10,-12,2025-2026,echl,C/LW,https://www.eliteprospects.com/player/407063/logan-nijhoff,Logan Nijhoff
Luc Wilson (F),Orlando Solar Bears,16,3,7,10,0.63,0,-3,2025-2026,echl,F,manual_luc_wilson_f,Luc Wilson
Justin Nachbaur (LW),South Carolina Stingrays,16,2,0,2,0.13,60,-4,2025-2026,echl,LW,https://www.eliteprospects.com/player/293501/justin-nachbaur,Justin Nachbaur
Khristian Acosta (F),Worcester Railers,16,3,2,5,0.31,6,3,2025-2026,echl,F,manual_khristian_acosta_f,Khristian Acosta
Quinton Burns (D),Florida Everblades,16,1,5,6,0.38,17,10,2025-2026,echl,D,manual_quinton_burns_d,Quinton Burns
Matt Stief (D),Worcester Railers,16,1,3,4,0.25,0,-2,2025-2026,echl,D,https://www.eliteprospects.com/player/204287/matt-stief,Matt Stief
Andrew Kurapov (F),Reading Royals,16,1,2,3,0.19,4,3,2025-2026,echl,F,https://www.eliteprospects.com/player/388360/andrew-kurapov,Andrew Kurapov
Connor Milburn (F),Multiple Teams,16,1,3,4,0.25,2,2,2025-2026,echl,F,manual_connor_milburn_f,Connor Milburn
Blake Dangos (D),Greensboro Gargoyles,16,2,2,4,0.25,11,-14,2025-2026,echl,D,manual_blake_dangos_d,Blake Dangos
Ross MacDougall (D),Florida Everblades,16,2,2,4,0.25,9,4,2025-2026,echl,D,https://www.eliteprospects.com/player/296145/ross-macdougall,Ross Macdougall
Brendan Dowler (D/F),Multiple Teams,15,1,1,2,0.13,9,7,2025-2026,echl,D/F,manual_brendan_dowler_d,Brendan Dowler
Timofei Spitserov (RW/LW),Multiple Teams,15,0,1,1,0.07,0,-4,2025-2026,echl,RW/LW,https://www.eliteprospects.com/player/528233/timofei-spitserov,Timofei Spitserov
Kevin Lombardi (RW/LW),Indy Fuel,15,9,9,18,1.2,18,7,2025-2026,echl,RW/LW,https://www.eliteprospects.com/player/317209/kevin-lombardi,Kevin Lombardi
Nicholas Niemo (F),Utah Grizzlies,15,1,2,3,0.2,5,-5,2025-2026,echl,F,manual_nicholas_niemo_f,Nicholas Niemo
Jérémie Bucheler (D),Indy Fuel,15,1,2,3,0.2,14,-2,2025-2026,echl,D,https://www.eliteprospects.com/player/335685/jeremie-bucheler,Jeremie Bucheler
T.J. Schweighardt (D),Iowa Heartlanders,15,2,6,8,0.53,4,0,2025-2026,echl,D,manual_tj_schweighardt_d,Tj Schweighardt
Darby Llewellyn (LW/RW),Toledo Walleye,15,1,3,4,0.27,18,3,2025-2026,echl,LW/RW,https://www.eliteprospects.com/player/189414/darby-llewellyn,Darby Llewellyn
Billy Constantinou (D),Rapid City Rush,15,0,6,6,0.4,2,1,2025-2026,echl,D,https://www.eliteprospects.com/player/418068/billy-constantinou,Billy Constantinou
Trevor Griebel (D/F),Jacksonville Icemen,15,2,3,5,0.33,4,-8,2025-2026,echl,D/F,manual_trevor_griebel_d,Trevor Griebel
Luke Antonacci (D),Utah Grizzlies,15,2,2,4,0.27,4,3,2025-2026,echl,D,manual_luke_antonacci_d,Luke Antonacci
Amedeo Mastrangeli (D),Reading Royals,15,1,3,4,0.27,8,5,2025-2026,echl,D,manual_amedeo_mastrangeli_d,Amedeo Mastrangeli
Bryan Moore (LW),Multiple Teams,15,0,4,4,0.27,83,-4,2025-2026,echl,LW,https://www.eliteprospects.com/player/84582/bryan-moore,Bryan Moore
Max Helgeson (F),Cincinnati Cyclones,15,0,4,4,0.27,4,-2,2025-2026,echl,F,manual_max_helgeson_f,Max Helgeson
Yaroslav Yevdokimov (W),Multiple Teams,15,3,2,5,0.33,2,1,2025-2026,echl,W,https://www.eliteprospects.com/player/164687/yaroslav-yevdokimov,Yaroslav Yevdokimov
Jackson Stewart (LW/RW),Maine Mariners,14,0,2,2,0.14,17,0,2025-2026,echl,LW/RW,https://www.eliteprospects.com/player/647934/jackson-stewart,Jackson Stewart
Samuel Huo (C),Tahoe Knight Monsters,14,4,4,8,0.57,12,1,2025-2026,echl,C,manual_samuel_huo_c,Samuel Huo
Matthew Henry (LW/RW),Tulsa Oilers,14,0,0,0,0.0,54,-5,2025-2026,echl,LW/RW,https://www.eliteprospects.com/player/565103/matthew-henry,Matthew Henry
Evan Orr (D),Atlanta Gladiators,14,0,0,0,0.0,10,-2,2025-2026,echl,D,manual_evan_orr_d,Evan Orr
Tynan Ewart (D),Maine Mariners,14,0,0,0,0.0,2,3,2025-2026,echl,D,manual_tynan_ewart_d,Tynan Ewart
Caiden Gault (F),Greenville Swamp Rabbits,14,2,4,6,0.43,4,5,2025-2026,echl,F,manual_caiden_gault_f,Caiden Gault
Scooter Brickey (D),Wheeling Nailers,14,4,6,10,0.71,8,9,2025-2026,echl,D,https://www.eliteprospects.com/player/284078/scooter-brickey,Scooter Brickey
Jake Lee (D),Tulsa Oilers,14,3,1,4,0.29,17,8,2025-2026,echl,D,manual_jake_lee_d,Jake Lee
Grant Ahcan (LW/RW),Iowa Heartlanders,14,2,2,4,0.29,6,-4,2025-2026,echl,LW/RW,manual_grant_ahcan_lw,Grant Ahcan
Griffin Ludtke (D),Cincinnati Cyclones,14,0,6,6,0.43,4,-3,2025-2026,echl,D,manual_griffin_ludtke_d,Griffin Ludtke
Jack Seymour (RW),Greensboro Gargoyles,14,1,1,2,0.14,4,-1,2025-2026,echl,RW,manual_jack_seymour_rw,Jack Seymour
Thomas Sinclair (C),Fort Wayne Komets,14,1,2,3,0.21,10,-1,2025-2026,echl,C,manual_thomas_sinclair_c,Thomas Sinclair
Robert Kincaid (D),Wichita Thunder,14,1,2,3,0.21,0,-10,2025-2026,echl,D,manual_robert_kincaid_d,Robert Kincaid
Daniel Ebrahim (LW),Adirondack Thunder,14,1,2,3,0.21,4,-3,2025-2026,echl,LW,https://www.eliteprospects.com/player/416843/daniel-ebrahim,Daniel Ebrahim
Jake Chiasson (C/RW),Multiple Teams,14,2,6,8,0.57,12,2,2025-2026,echl,C/RW,https://www.eliteprospects.com/player/477353/jake-chiasson,Jake Chiasson
Sasha Mutala (RW),Tulsa Oilers,14,3,4,7,0.5,10,5,2025-2026,echl,RW,https://www.eliteprospects.com/player/290349/sasha-mutala,Sasha Mutala
Nate Hanley (C),Greensboro Gargoyles,14,4,1,5,0.36,2,-10,2025-2026,echl,C,manual_nate_hanley_c,Nate Hanley
Austen May (D),Greensboro Gargoyles,14,0,3,3,0.21,4,-11,2025-2026,echl,D,manual_austen_may_d,Austen May
Carter Wilkie (RW/C),Rapid City Rush,14,7,6,13,0.93,6,2,2025-2026,echl,RW/C,https://www.eliteprospects.com/player/411159/carter-wilkie,Carter Wilkie
Owen McLaughlin (C),Reading Royals,13,3,5,8,0.62,0,2,2025-2026,echl,C,manual_owen_mclaughlin_c,Owen Mclaughlin
Gustav Müller (C/LW),Multiple Teams,13,1,1,2,0.15,4,3,2025-2026,echl,C/LW,https://www.eliteprospects.com/player/287760/gustav-muller,Gustav Muller
Casey McDonald (F),South Carolina Stingrays,13,2,1,3,0.23,18,-1,2025-2026,echl,F,manual_casey_mcdonald_f,Casey Mcdonald
Ty Voit (W/C),Multiple Teams,13,2,3,5,0.38,6,-6,2025-2026,echl,W/C,https://www.eliteprospects.com/player/586523/ty-voit,Ty Voit
Kyle Neuber (RW),Florida Everblades,13,0,1,1,0.08,6,0,2025-2026,echl,RW,https://www.eliteprospects.com/player/23046/kyle-neuber,Kyle Neuber
Jordan Power (D),Greenville Swamp Rabbits,13,0,1,1,0.08,11,-2,2025-2026,echl,D,https://www.eliteprospects.com/player/317479/jordan-power,Jordan Power
Michael Citara (RW),Norfolk Admirals,13,0,5,5,0.38,2,-1,2025-2026,echl,RW,manual_michael_citara_rw,Michael Citara
Tyler Schleppe (F),Kansas City Mavericks,13,1,2,3,0.23,0,2,2025-2026,echl,F,manual_tyler_schleppe_f,Tyler Schleppe
Robert Mastrosimone (LW/C),Savannah Ghost Pirates,13,9,6,15,1.15,6,1,2025-2026,echl,LW/C,https://www.eliteprospects.com/player/385680/robert-mastrosimone,Robert Mastrosimone
Colby MacArthur (RW),Kansas City Mavericks,13,2,2,4,0.31,9,3,2025-2026,echl,RW,manual_colby_macarthur_rw,Colby Macarthur
Davis Bunz (D),Multiple Teams,13,0,0,0,0.0,2,-15,2025-2026,echl,D,https://www.eliteprospects.com/player/300836/davis-bunz,Davis Bunz
Drew Kuzma (F),Greensboro Gargoyles,13,5,3,8,0.62,21,1,2025-2026,echl,F,manual_drew_kuzma_f,Drew Kuzma
Greg Japchen (D),Kalamazoo Wings,13,1,0,1,0.08,6,4,2025-2026,echl,D,manual_greg_japchen_d,Greg Japchen
Tyler Coffey (LW/RW),Jacksonville Icemen,13,1,1,2,0.15,0,2,2025-2026,echl,LW/RW,manual_tyler_coffey_lw,Tyler Coffey
Redmond Savage (C/W),Jacksonville Icemen,12,1,4,5,0.42,2,-5,2025-2026,echl,C/W,manual_redmond_savage_c,Redmond Savage
Daniel Panetta (C),Jacksonville Icemen,12,1,1,2,0.17,2,-4,2025-2026,echl,C,manual_daniel_panetta_c,Daniel Panetta
Benjamin Lindberg (D),Multiple Teams,12,0,1,1,0.08,25,0,2025-2026,echl,D,https://www.eliteprospects.com/player/362928/benjamin-lindberg,Benjamin Lindberg
Scott Docherty (RW),South Carolina Stingrays,12,0,1,1,0.08,31,-1,2025-2026,echl,RW,manual_scott_docherty_rw,Scott Docherty
Simon Labelle (LW),Jacksonville Icemen,12,0,2,2,0.17,0,-5,2025-2026,echl,LW,manual_simon_labelle_lw,Simon Labelle
Parker Lindauer (F),Bloomington Bison,12,4,5,9,0.75,4,7,2025-2026,echl,F,manual_parker_lindauer_f,Parker Lindauer
Dilan Savenkov (D),Norfolk Admirals,12,0,0,0,0.0,14,-5,2025-2026,echl,D,https://www.eliteprospects.com/player/391007/dilan-savenkov,Dilan Savenkov
Kevin Spinozzi (D),Allen Americans,12,1,3,4,0.33,10,-6,2025-2026,echl,D,https://www.eliteprospects.com/player/104602/kevin-spinozzi,Kevin Spinozzi
Massimo Lombardi (C),Orlando Solar Bears,12,2,2,4,0.33,6,-6,2025-2026,echl,C,manual_massimo_lombardi_c,Massimo Lombardi
Nathan Berke (F),Multiple Teams,12,1,5,6,0.5,2,2,2025-2026,echl,F,manual_nathan_berke_f,Nathan Berke
Connor Eddy (C),Orlando Solar Bears,12,1,2,3,0.25,2,1,2025-2026,echl,C,manual_connor_eddy_c,Connor Eddy
Colin Felix (D),Maine Mariners,12,1,2,3,0.25,48,7,2025-2026,echl,D,https://www.eliteprospects.com/player/312315/colin-felix,Colin Felix
Charlie Wright (D),Kansas City Mavericks,12,2,0,2,0.17,0,-1,2025-2026,echl,D,https://www.eliteprospects.com/player/475351/charlie-wright,Charlie Wright
Jesse Nurmi (LW/RW),Worcester Railers,12,1,1,2,0.17,4,-1,2025-2026,echl,LW/RW,https://www.eliteprospects.com/player/618610/jesse-nurmi,Jesse Nurmi
Ryland Mosley (LW/RW),Toledo Walleye,12,5,2,7,0.58,0,2,2025-2026,echl,LW/RW,https://www.eliteprospects.com/player/300794/ryland-mosley,Ryland Mosley
Nolan Renwick (RW/LW),Wheeling Nailers,11,4,4,8,0.73,0,-7,2025-2026,echl,RW/LW,https://www.eliteprospects.com/player/352027/nolan-renwick,Nolan Renwick
Ryan O'Rourke (D),Trois-Rivières Lions,11,1,0,1,0.09,22,2,2025-2026,echl,D,https://www.eliteprospects.com/player/201939/ryan-o-rourke,Ryan Orourke
Jax Dubois (C/RW),Allen Americans,11,5,0,5,0.45,6,-1,2025-2026,echl,C/RW,manual_jax_dubois_c,Jax Dubois
Ben Raymond (C/LW),Maine Mariners,11,0,2,2,0.18,2,-1,2025-2026,echl,C/LW,https://www.eliteprospects.com/player/465213/ben-raymond,Ben Raymond
Xavier Alexandre Jean-Louis (D),Worcester Railers,11,0,2,2,0.18,10,2,2025-2026,echl,D,manual_xavier_alexandre_jeanlouis_d,Xavier Alexandre Jeanlouis
T.J. Walsh (LW),Worcester Railers,11,0,2,2,0.18,6,2,2025-2026,echl,LW,https://www.eliteprospects.com/player/306226/t.j.-walsh,Tj Walsh
Josh Zinger (D),Utah Grizzlies,11,0,0,0,0.0,2,-8,2025-2026,echl,D,manual_josh_zinger_d,Josh Zinger
Raivis Ansons (LW/RW),Wheeling Nailers,11,3,4,7,0.64,12,5,2025-2026,echl,LW/RW,https://www.eliteprospects.com/player/477490/raivis-ansons,Raivis Ansons
Josh Filmon (LW/RW),Adirondack Thunder,11,1,2,3,0.27,2,0,2025-2026,echl,LW/RW,https://www.eliteprospects.com/player/572099/josh-filmon,Josh Filmon
Graeme McCrory (C),Greensboro Gargoyles,11,1,1,2,0.18,4,-6,2025-2026,echl,C,manual_graeme_mccrory_c,Graeme Mccrory
Jacob Böll (D),Bloomington Bison,11,0,0,0,0.0,7,-2,2025-2026,echl,D,manual_jacob_boll_d,Jacob Boll
Marcus Joughin (F),Indy Fuel,11,2,4,6,0.55,2,-2,2025-2026,echl,F,manual_marcus_joughin_f,Marcus Joughin
Carter Berger (D),Reading Royals,11,1,8,9,0.82,4,-5,2025-2026,echl,D,https://www.eliteprospects.com/player/299029/carter-berger,Carter Berger
Declan McDonnell (RW/C),Worcester Railers,11,1,4,5,0.45,4,-2,2025-2026,echl,RW/C,https://www.eliteprospects.com/player/417287/declan-mcdonnell,Declan Mcdonnell
Ryan Rosborough (F),Utah Grizzlies,11,2,1,3,0.27,0,1,2025-2026,echl,F,manual_ryan_rosborough_f,Ryan Rosborough
Nick Young (D),Idaho Steelheads,11,2,1,3,0.27,12,1,2025-2026,echl,D,manual_nick_young_d,Nick Young
Patrick Moynihan (RW),Multiple Teams,11,2,2,4,0.36,4,0,2025-2026,echl,RW,https://www.eliteprospects.com/player/433810/patrick-moynihan,Patrick Moynihan
Ethan Benz (F),Tulsa Oilers,11,1,3,4,0.36,0,-1,2025-2026,echl,F,manual_ethan_benz_f,Ethan Benz
Kolby Johnson (LW),Multiple Teams,11,3,0,3,0.27,46,-2,2025-2026,echl,LW,https://www.eliteprospects.com/player/200696/kolby-johnson,Kolby Johnson
Kabore Dunn (D),Multiple Teams,10,0,0,0,0.0,8,-4,2025-2026,echl,D,https://www.eliteprospects.com/player/407580/kabore-dunn,Kabore Dunn
Billy Roche (D),Multiple Teams,10,0,0,0,0.0,0,-9,2025-2026,echl,D,manual_billy_roche_d,Billy Roche
Ryan Naumovski (F),Florida Everblades,10,0,1,1,0.1,0,0,2025-2026,echl,F,https://www.eliteprospects.com/player/284079/ryan-naumovski,Ryan Naumovski
Brayden Nicholetts (F),Norfolk Admirals,10,0,1,1,0.1,16,-4,2025-2026,echl,F,https://www.eliteprospects.com/player/258745/brayden-nicholetts,Brayden Nicholetts
Reid Pabich (C),Fort Wayne Komets,10,1,3,4,0.4,0,-2,2025-2026,echl,C,manual_reid_pabich_c,Reid Pabich
Tate Singleton (C/LW),Greenville Swamp Rabbits,10,4,6,10,1.0,11,0,2025-2026,echl,C/LW,https://www.eliteprospects.com/player/362340/tate-singleton,Tate Singleton
Kirklan Irey (F),Atlanta Gladiators,10,2,1,3,0.3,8,-1,2025-2026,echl,F,manual_kirklan_irey_f,Kirklan Irey
Alex Tonge (C/LW),Orlando Solar Bears,10,1,3,4,0.4,0,-7,2025-2026,echl,C/LW,https://www.eliteprospects.com/player/146577/alex-tonge,Alex Tonge
Zackary Jones (C),Maine Mariners,10,0,2,2,0.2,19,-1,2025-2026,echl,C,manual_zackary_jones_c,Zackary Jones
Simon Mack (D),Rapid City Rush,10,2,5,7,0.7,0,0,2025-2026,echl,D,https://www.eliteprospects.com/player/317518/simon-mack,Simon Mack
Tyler Kopff (C/LW),Jacksonville Icemen,10,2,4,6,0.6,0,4,2025-2026,echl,C/LW,https://www.eliteprospects.com/player/553220/tyler-kopff,Tyler Kopff
Kyle Masters (D),Wichita Thunder,10,0,3,3,0.3,0,-8,2025-2026,echl,D,https://www.eliteprospects.com/player/475830/kyle-masters,Kyle Masters
Joe Prouty (D),Greenville Swamp Rabbits,10,0,3,3,0.3,2,0,2025-2026,echl,D,manual_joe_prouty_d,Joe Prouty
Killian Kiecker-Olson (C),Norfolk Admirals,10,0,4,4,0.4,14,-3,2025-2026,echl,C,manual_killian_kieckerolson_c,Killian Kieckerolson
Cy LeClerc (C/LW),Utah Grizzlies,10,3,0,3,0.3,2,-4,2025-2026,echl,C/LW,manual_cy_leclerc_c,Cy Leclerc
Henri Schreifels (F),Utah Grizzlies,10,1,2,3,0.3,10,2,2025-2026,echl,F,https://www.eliteprospects.com/player/240375/henri-schreifels,Henri Schreifels
Adam Eisele (F),Atlanta Gladiators,10,3,0,3,0.3,8,0,2025-2026,echl,F,manual_adam_eisele_f,Adam Eisele
Clay Hanus (D),Rapid City Rush,10,3,2,5,0.5,4,-4,2025-2026,echl,D,https://www.eliteprospects.com/player/476695/clay-hanus,Clay Hanus
Jacob LeGuerrier (D),Indy Fuel,10,1,3,4,0.4,6,-5,2025-2026,echl,D,https://www.eliteprospects.com/player/300751/jacob-leguerrier,Jacob Leguerrier
Mark Duarte (RW/C),Allen Americans,9,3,2,5,0.56,0,0,2025-2026,echl,RW/C,https://www.eliteprospects.com/player/534262/mark-duarte,Mark Duarte
Keegan McMullen (LW),Orlando Solar Bears,9,3,2,5,0.56,6,-1,2025-2026,echl,LW,manual_keegan_mcmullen_lw,Keegan Mcmullen
Vincent Corcoran (D),Worcester Railers,9,2,3,5,0.56,2,7,2025-2026,echl,D,manual_vincent_corcoran_d,Vincent Corcoran
Nolan Moyle (C/RW),Toledo Walleye,9,5,5,10,1.11,4,3,2025-2026,echl,C/RW,https://www.eliteprospects.com/player/273657/nolan-moyle,Nolan Moyle
Braden Birnie (F),Rapid City Rush,9,2,4,6,0.67,0,1,2025-2026,echl,F,manual_braden_birnie_f,Braden Birnie
Mike Brown (D),South Carolina Stingrays,9,0,1,1,0.11,0,-5,2025-2026,echl,D,manual_mike_brown_d,Mike Brown
Hayden Ford (D),Multiple Teams,9,0,1,1,0.11,0,1,2025-2026,echl,D,manual_hayden_ford_d,Hayden Ford
Nick Poisson (C/LW),Kalamazoo Wings,9,2,1,3,0.33,0,4,2025-2026,echl,C/LW,manual_nick_poisson_c,Nick Poisson
Zachary Murray (F),Tulsa Oilers,9,2,4,6,0.67,14,-2,2025-2026,echl,F,manual_zachary_murray_f,Zachary Murray
Riese Zmolek (D),Florida Everblades,9,0,3,3,0.33,2,6,2025-2026,echl,D,https://www.eliteprospects.com/player/220129/riese-zmolek,Riese Zmolek
Derek Daschke (D),Kalamazoo Wings,9,5,3,8,0.89,12,-2,2025-2026,echl,D,https://www.eliteprospects.com/player/272191/derek-daschke,Derek Daschke
Kyle Pow (D),Kansas City Mavericks,8,0,0,0,0.0,18,-1,2025-2026,echl,D,https://www.eliteprospects.com/player/299739/kyle-pow,Kyle Pow
Nolan Hutcheson (LW),Toledo Walleye,8,0,1,1,0.13,2,-2,2025-2026,echl,LW,manual_nolan_hutcheson_lw,Nolan Hutcheson
Morgan Winters (F),Idaho Steelheads,8,4,2,6,0.75,4,-1,2025-2026,echl,F,manual_morgan_winters_f,Morgan Winters
Cooper Flinton (LW/RW),Orlando Solar Bears,8,0,0,0,0.0,6,-5,2025-2026,echl,LW/RW,https://www.eliteprospects.com/player/648425/cooper-flinton,Cooper Flinton
Mitchell Russell (RW/C),Multiple Teams,8,1,0,1,0.13,4,-2,2025-2026,echl,RW/C,https://www.eliteprospects.com/player/416751/mitchell-russell,Mitchell Russell
Nick DeGrazia (LW),Wichita Thunder,8,0,2,2,0.25,0,-2,2025-2026,echl,LW,manual_nick_degrazia_lw,Nick Degrazia
Jason Ahearn (F),Indy Fuel,8,1,3,4,0.5,0,2,2025-2026,echl,F,manual_jason_ahearn_f,Jason Ahearn
Ryan Taylor (F),Utah Grizzlies,8,0,2,2,0.25,0,-2,2025-2026,echl,F,manual_ryan_taylor_f,Ryan Taylor
Xavier Lapointe (D),Orlando Solar Bears,8,2,0,2,0.25,6,1,2025-2026,echl,D,manual_xavier_lapointe_d,Xavier Lapointe
C.J. Walker (RW/LW),Greensboro Gargoyles,8,0,0,0,0.0,2,1,2025-2026,echl,RW/LW,https://www.eliteprospects.com/player/283592/c.j.-walker,Cj Walker
Steve Oleksy (D),Jacksonville Icemen,8,0,1,1,0.13,8,0,2025-2026,echl,D,https://www.eliteprospects.com/player/33848/steve-oleksy,Steve Oleksy
Cam Squires (RW),Adirondack Thunder,8,2,1,3,0.38,2,0,2025-2026,echl,RW,https://www.eliteprospects.com/player/649026/cam-squires,Cam Squires
Ryan Hunter (F),South Carolina Stingrays,8,0,1,1,0.13,2,1,2025-2026,echl,F,manual_ryan_hunter_f,Ryan Hunter
Griffen Fox (C),Bloomington Bison,8,1,0,1,0.13,2,-2,2025-2026,echl,C,https://www.eliteprospects.com/player/391096/griffen-fox,Griffen Fox
Marek Hejduk (RW),Utah Grizzlies,8,4,2,6,0.75,0,3,2025-2026,echl,RW,manual_marek_hejduk_rw,Marek Hejduk
Brayden Stannard (C/LW),Cincinnati Cyclones,8,0,0,0,0.0,0,-2,2025-2026,echl,C/LW,manual_brayden_stannard_c,Brayden Stannard
Kale McCallum (D),Trois-Rivières Lions,8,1,5,6,0.75,0,2,2025-2026,echl,D,manual_kale_mccallum_d,Kale Mccallum
Johnny Curran (RW/C),Multiple Teams,8,1,2,3,0.38,0,-1,2025-2026,echl,RW/C,https://www.eliteprospects.com/player/150704/johnny-curran,Johnny Curran
Kohei Sato (LW),Bloomington Bison,8,1,1,2,0.25,16,-3,2025-2026,echl,LW,https://www.eliteprospects.com/player/186614/kohei-sato,Kohei Sato
Shawn Element (LW/C),Maine Mariners,8,1,4,5,0.63,37,-2,2025-2026,echl,LW/C,https://www.eliteprospects.com/player/384443/shawn-element,Shawn Element
Ian Amsbaugh (F),Tulsa Oilers,8,1,1,2,0.25,0,5,2025-2026,echl,F,manual_ian_amsbaugh_f,Ian Amsbaugh
Jimmy Dowd (D),Adirondack Thunder,8,3,0,3,0.38,0,-3,2025-2026,echl,D,manual_jimmy_dowd_d,Jimmy Dowd
Michael Greco (D),Allen Americans,7,0,0,0,0.0,4,0,2025-2026,echl,D,manual_michael_greco_d,Michael Greco
Jérémy Michaud (D),Trois-Rivières Lions,7,0,0,0,0.0,9,0,2025-2026,echl,D,manual_jeremy_michaud_d,Jeremy Michaud
Malik Johnson (LW),Allen Americans,7,0,0,0,0.0,19,-2,2025-2026,echl,LW,https://www.eliteprospects.com/player/128244/malik-johnson,Malik Johnson
John Lundy (F),Iowa Heartlanders,7,0,3,3,0.43,0,0,2025-2026,echl,F,manual_john_lundy_f,John Lundy
Étienne Morin (D),Rapid City Rush,7,1,2,3,0.43,0,3,2025-2026,echl,D,https://www.eliteprospects.com/player/599308/etienne-morin,Etienne Morin
Sean Strange (D),Rapid City Rush,7,0,0,0,0.0,4,-3,2025-2026,echl,D,manual_sean_strange_d,Sean Strange
Jonathan Melee (C),Multiple Teams,7,0,0,0,0.0,0,-1,2025-2026,echl,C,manual_jonathan_melee_c,Jonathan Melee
Émile Chouinard (D),Reading Royals,7,0,0,0,0.0,2,-6,2025-2026,echl,D,https://www.eliteprospects.com/player/483283/emile-chouinard,Emile Chouinard
Ben Allison (W/C),Maine Mariners,7,1,1,2,0.29,2,-4,2025-2026,echl,W/C,https://www.eliteprospects.com/player/390104/ben-allison,Ben Allison
Brandon McNally (W/C),Norfolk Admirals,7,0,0,0,0.0,40,-7,2025-2026,echl,W/C,https://www.eliteprospects.com/player/75027/brandon-mcnally,Brandon Mcnally
Doug Scott (D),Multiple Teams,7,0,0,0,0.0,0,-3,2025-2026,echl,D,manual_doug_scott_d,Doug Scott
Porter Schachle (LW/C),Multiple Teams,7,0,1,1,0.14,4,-1,2025-2026,echl,LW/C,manual_porter_schachle_lw,Porter Schachle
Braeden Kressler (C/RW),Cincinnati Cyclones,7,1,4,5,0.71,6,-2,2025-2026,echl,C/RW,https://www.eliteprospects.com/player/624108/braeden-kressler,Braeden Kressler
Brady Keeper (D),Rapid City Rush,7,2,3,5,0.71,9,-3,2025-2026,echl,D,https://www.eliteprospects.com/player/224610/brady-keeper,Brady Keeper
Tyrone Bronte (RW),Wichita Thunder,7,1,0,1,0.14,0,0,2025-2026,echl,RW,manual_tyrone_bronte_rw,Tyrone Bronte
Nikita Susuyev (LW/RW),Multiple Teams,7,1,0,1,0.14,2,0,2025-2026,echl,LW/RW,https://www.eliteprospects.com/player/691473/nikita-susuyev,Nikita Susuyev
Jens Richards (F),Fort Wayne Komets,7,0,1,1,0.14,0,2,2025-2026,echl,F,manual_jens_richards_f,Jens Richards
Avery Smith (F),Allen Americans,7,1,0,1,0.14,7,0,2025-2026,echl,F,manual_avery_smith_f,Avery Smith
Mikey Adamson (D),South Carolina Stingrays,7,2,3,5,0.71,0,2,2025-2026,echl,D,manual_mikey_adamson_d,Mikey Adamson
Avery Winslow (D),Utah Grizzlies,7,0,0,0,0.0,0,-2,2025-2026,echl,D,https://www.eliteprospects.com/player/294608/avery-winslow,Avery Winslow
Wyllum Deveaux (LW/RW),Maine Mariners,7,1,1,2,0.29,5,-3,2025-2026,echl,LW/RW,https://www.eliteprospects.com/player/266910/wyllum-deveaux,Wyllum Deveaux
Caden Brown (C),Multiple Teams,7,1,2,3,0.43,2,-3,2025-2026,echl,C,manual_caden_brown_c,Caden Brown
Theo Calvas (D),Bloomington Bison,7,0,0,0,0.0,0,-3,2025-2026,echl,D,https://www.eliteprospects.com/player/285187/theo-calvas,Theo Calvas
Finn Harding (D),Wheeling Nailers,7,0,4,4,0.57,4,7,2025-2026,echl,D,https://www.eliteprospects.com/player/603127/finn-harding,Finn Harding
Sawyer Boulton (RW/LW),Reading Royals,6,1,0,1,0.17,29,0,2025-2026,echl,RW/LW,https://www.eliteprospects.com/player/637562/sawyer-boulton,Sawyer Boulton
Jake Percival (F),Greenville Swamp Rabbits,6,1,0,1,0.17,4,-1,2025-2026,echl,F,manual_jake_percival_f,Jake Percival
Hunter Donohoe (D),Rapid City Rush,6,1,0,1,0.17,0,-2,2025-2026,echl,D,manual_hunter_donohoe_d,Hunter Donohoe
Blake Humphrey (C),Greensboro Gargoyles,6,0,1,1,0.17,0,-4,2025-2026,echl,C,manual_blake_humphrey_c,Blake Humphrey
Kenny Johnson (D),Greensboro Gargoyles,6,0,1,1,0.17,25,3,2025-2026,echl,D,https://www.eliteprospects.com/player/226433/kenny-johnson,Kenny Johnson
Jack Babbage (D),Jacksonville Icemen,6,0,1,1,0.17,4,-4,2025-2026,echl,D,manual_jack_babbage_d,Jack Babbage
Lane Brockhoff (D),Indy Fuel,6,0,1,1,0.17,2,0,2025-2026,echl,D,manual_lane_brockhoff_d,Lane Brockhoff
Connor Kelley (D),Utah Grizzlies,6,1,0,1,0.17,2,-2,2025-2026,echl,D,https://www.eliteprospects.com/player/495926/connor-kelley,Connor Kelley
Blake Christensen (LW),Kalamazoo Wings,6,1,0,1,0.17,4,-5,2025-2026,echl,LW,https://www.eliteprospects.com/player/223668/blake-christensen,Blake Christensen
Aidan De La Gorgendiere (D),Tahoe Knight Monsters,6,2,1,3,0.5,4,3,2025-2026,echl,D,https://www.eliteprospects.com/player/201798/aidan-de-la-gorgendiere,Aidan De La Gorgendiere
Craig McCabe (D),Tahoe Knight Monsters,6,0,2,2,0.33,2,-1,2025-2026,echl,D,manual_craig_mccabe_d,Craig Mccabe
Nick DeSantis (F),Greensboro Gargoyles,6,0,2,2,0.33,2,-2,2025-2026,echl,F,manual_nick_desantis_f,Nick Desantis
Jakov Novak (LW/C),Kansas City Mavericks,6,0,2,2,0.33,4,3,2025-2026,echl,LW/C,https://www.eliteprospects.com/player/269880/jakov-novak,Jakov Novak
Ryan Gagnier (C/LW),Indy Fuel,6,2,2,4,0.67,6,2,2025-2026,echl,C/LW,https://www.eliteprospects.com/player/485876/ryan-gagnier,Ryan Gagnier
Mitchell Becker (D),Adirondack Thunder,6,0,0,0,0.0,4,-3,2025-2026,echl,D,manual_mitchell_becker_d,Mitchell Becker
Jacob Slipec (F),Adirondack Thunder,6,0,0,0,0.0,6,-4,2025-2026,echl,F,manual_jacob_slipec_f,Jacob Slipec
Anthony Beauchamp (W/C),Multiple Teams,6,0,2,2,0.33,0,3,2025-2026,echl,W/C,https://www.eliteprospects.com/player/254836/anthony-beauchamp,Anthony Beauchamp
Adam Ingram (C),Idaho Steelheads,6,0,2,2,0.33,0,-3,2025-2026,echl,C,manual_adam_ingram_c,Adam Ingram
Zacharie Giroux (C),Rapid City Rush,6,0,2,2,0.33,0,0,2025-2026,echl,C,manual_zacharie_giroux_c,Zacharie Giroux
Ryan Olsen (C),Wichita Thunder,6,0,0,0,0.0,2,-3,2025-2026,echl,C,https://www.eliteprospects.com/player/50187/ryan-olsen,Ryan Olsen
Tiernan Shoudy (F),Wheeling Nailers,6,1,2,3,0.5,2,3,2025-2026,echl,F,manual_tiernan_shoudy_f,Tiernan Shoudy
Michael Mastrodomenico (D),Greenville Swamp Rabbits,6,1,2,3,0.5,2,-5,2025-2026,echl,D,manual_michael_mastrodomenico_d,Michael Mastrodomenico
Brett Bulmer (RW/LW),Atlanta Gladiators,5,1,0,1,0.2,6,-3,2025-2026,echl,RW/LW,https://www.eliteprospects.com/player/36711/brett-bulmer,Brett Bulmer
Kyle Gaffney (F),Toledo Walleye,5,0,2,2,0.4,0,0,2025-2026,echl,F,manual_kyle_gaffney_f,Kyle Gaffney
Landen Hookey (RW/C),Allen Americans,5,1,0,1,0.2,0,0,2025-2026,echl,RW/C,manual_landen_hookey_rw,Landen Hookey
Matthew Argentina (C/RW),Iowa Heartlanders,5,1,0,1,0.2,2,3,2025-2026,echl,C/RW,manual_matthew_argentina_c,Matthew Argentina
Campbell Cichosz (D),Toledo Walleye,5,1,1,2,0.4,0,-1,2025-2026,echl,D,manual_campbell_cichosz_d,Campbell Cichosz
Tabor Heaslip (F),Kansas City Mavericks,5,1,1,2,0.4,2,2,2025-2026,echl,F,manual_tabor_heaslip_f,Tabor Heaslip
Ayodele Adeniye (D),Greensboro Gargoyles,5,1,1,2,0.4,2,-1,2025-2026,echl,D,https://www.eliteprospects.com/player/309425/ayodele-adeniye,Ayodele Adeniye
Zach White (C/RW),Greensboro Gargoyles,5,3,1,4,0.8,0,-4,2025-2026,echl,C/RW,https://www.eliteprospects.com/player/321784/zach-white,Zach White
Cooper Moore (D),Bloomington Bison,5,0,2,2,0.4,4,0,2025-2026,echl,D,manual_cooper_moore_d,Cooper Moore
Michael Milne (LW/RW),Toledo Walleye,5,0,2,2,0.4,2,-1,2025-2026,echl,LW/RW,https://www.eliteprospects.com/player/477344/michael-milne,Michael Milne
Max Ruoho (D),Worcester Railers,5,0,2,2,0.4,10,5,2025-2026,echl,D,manual_max_ruoho_d,Max Ruoho
Djibril Touré (D),Allen Americans,5,0,0,0,0.0,10,2,2025-2026,echl,D,https://www.eliteprospects.com/player/507219/djibril-toure,Djibril Toure
Jordan Frasca (C/LW),Reading Royals,5,3,3,6,1.2,21,1,2025-2026,echl,C/LW,https://www.eliteprospects.com/player/438089/jordan-frasca,Jordan Frasca
Zach Gallant (C/LW),Wheeling Nailers,5,1,5,6,1.2,8,2,2025-2026,echl,C/LW,https://www.eliteprospects.com/player/273617/zach-gallant,Zach Gallant
Casey Severo (C),Greensboro Gargoyles,5,0,0,0,0.0,0,-4,2025-2026,echl,C,manual_casey_severo_c,Casey Severo
Will Dineen (LW/RW),Trois-Rivières Lions,5,2,0,2,0.4,6,5,2025-2026,echl,LW/RW,https://www.eliteprospects.com/player/393076/will-dineen,Will Dineen
Rilen Kovacevic (RW/C),Utah Grizzlies,5,0,0,0,0.0,37,-1,2025-2026,echl,RW/C,manual_rilen_kovacevic_rw,Rilen Kovacevic
Odeen Tufto (C/RW),Fort Wayne Komets,5,2,3,5,1.0,0,3,2025-2026,echl,C/RW,https://www.eliteprospects.com/player/248460/odeen-tufto,Odeen Tufto
Eric Neiley (RW/C),Atlanta Gladiators,5,3,2,5,1.0,4,2,2025-2026,echl,RW/C,https://www.eliteprospects.com/player/75031/eric-neiley,Eric Neiley
Austin Roest (RW/C),Atlanta Gladiators,5,2,3,5,1.0,0,-1,2025-2026,echl,RW/C,manual_austin_roest_rw,Austin Roest
Dallas Comeau (W/C),Tulsa Oilers,5,0,0,0,0.0,0,-2,2025-2026,echl,W/C,https://www.eliteprospects.com/player/199661/dallas-comeau,Dallas Comeau
Carson Bantle (LW/RW),Toledo Walleye,5,2,1,3,0.6,0,-4,2025-2026,echl,LW/RW,https://www.eliteprospects.com/player/201849/carson-bantle,Carson Bantle
Carter Korpi (F),Norfolk Admirals,5,2,1,3,0.6,0,0,2025-2026,echl,F,manual_carter_korpi_f,Carter Korpi
Alton McDermott (RW),Orlando Solar Bears,5,0,1,1,0.2,0,-3,2025-2026,echl,RW,manual_alton_mcdermott_rw,Alton Mcdermott
Thomas Freel (C),Iowa Heartlanders,5,0,0,0,0.0,0,-2,2025-2026,echl,C,manual_thomas_freel_c,Thomas Freel
Zach Taylor (D),Iowa Heartlanders,5,0,0,0,0.0,4,-2,2025-2026,echl,D,https://www.eliteprospects.com/player/299296/zach-taylor,Zach Taylor
Mason Reiners (D),Savannah Ghost Pirates,5,0,1,1,0.2,0,0,2025-2026,echl,D,manual_mason_reiners_d,Mason Reiners
Nikita Borodayenko (W/C),Multiple Teams,5,0,1,1,0.2,2,-2,2025-2026,echl,W/C,manual_nikita_borodayenko_w,Nikita Borodayenko
Rider McCallum (D),Greensboro Gargoyles,5,0,1,1,0.2,0,-1,2025-2026,echl,D,manual_rider_mccallum_d,Rider Mccallum
T.J. Sneath (RW),Utah Grizzlies,5,0,1,1,0.2,0,0,2025-2026,echl,RW,manual_tj_sneath_rw,Tj Sneath
Ryan Kuzmich (F),Multiple Teams,5,0,1,1,0.2,0,0,2025-2026,echl,F,manual_ryan_kuzmich_f,Ryan Kuzmich
Ryan Jones (D),Kansas City Mavericks,5,0,1,1,0.2,4,2,2025-2026,echl,D,https://www.eliteprospects.com/player/266154/ryan-jones,Ryan Jones
Adam Robbins (F),Cincinnati Cyclones,4,0,1,1,0.25,0,1,2025-2026,echl,F,https://www.eliteprospects.com/player/365048/adam-robbins,Adam Robbins
Brandon Chabrier (D),Maine Mariners,4,0,1,1,0.25,0,1,2025-2026,echl,D,manual_brandon_chabrier_d,Brandon Chabrier
Sasha Teleguine (F),Jacksonville Icemen,4,0,1,1,0.25,0,2,2025-2026,echl,F,manual_sasha_teleguine_f,Sasha Teleguine
Matt Register (D),Allen Americans,4,2,1,3,0.75,2,-1,2025-2026,echl,D,https://www.eliteprospects.com/player/24345/matt-register,Matt Register
Kyle Aucoin (D),Indy Fuel,4,0,1,1,0.25,0,0,2025-2026,echl,D,manual_kyle_aucoin_d,Kyle Aucoin
Colton Huard (D),Savannah Ghost Pirates,4,2,1,3,0.75,2,2,2025-2026,echl,D,https://www.eliteprospects.com/player/439058/colton-huard,Colton Huard
Dovar Tinling (C),Adirondack Thunder,4,0,0,0,0.0,0,-2,2025-2026,echl,C,manual_dovar_tinling_c,Dovar Tinling
Teddy Lagerback (LW),Rapid City Rush,4,0,1,1,0.25,6,1,2025-2026,echl,LW,manual_teddy_lagerback_lw,Teddy Lagerback
Cameron Berg (C/LW),Worcester Railers,4,3,0,3,0.75,0,1,2025-2026,echl,C/LW,https://www.eliteprospects.com/player/536648/cameron-berg,Cameron Berg
Quinn Ryan (F),Norfolk Admirals,4,1,0,1,0.25,0,-4,2025-2026,echl,F,https://www.eliteprospects.com/player/224167/quinn-ryan,Quinn Ryan
Beau Akey (D),Fort Wayne Komets,4,1,0,1,0.25,0,5,2025-2026,echl,D,manual_beau_akey_d,Beau Akey
Hank Kempf (D),Utah Grizzlies,4,1,0,1,0.25,4,1,2025-2026,echl,D,https://www.eliteprospects.com/player/201723/hank-kempf,Hank Kempf
Nico Blachman (RW/C),Fort Wayne Komets,4,0,0,0,0.0,38,0,2025-2026,echl,RW/C,https://www.eliteprospects.com/player/226439/nico-blachman,Nico Blachman
Cooper Gay (RW/LW),Utah Grizzlies,4,0,2,2,0.5,0,-3,2025-2026,echl,RW/LW,https://www.eliteprospects.com/player/658212/cooper-gay,Cooper Gay
Eamon Powell (D),Savannah Ghost Pirates,4,0,3,3,0.75,2,-1,2025-2026,echl,D,https://www.eliteprospects.com/player/480401/eamon-powell,Eamon Powell
Max Dukovac (F),Worcester Railers,4,0,0,0,0.0,0,-4,2025-2026,echl,F,manual_max_dukovac_f,Max Dukovac
Joseph Mack (F),Atlanta Gladiators,4,0,0,0,0.0,0,0,2025-2026,echl,F,manual_joseph_mack_f,Joseph Mack
Ty Gallagher (D),Maine Mariners,4,1,2,3,0.75,0,0,2025-2026,echl,D,https://www.eliteprospects.com/player/512168/ty-gallagher,Ty Gallagher
Will van der Veen (D),Tulsa Oilers,4,0,0,0,0.0,0,-1,2025-2026,echl,D,manual_will_van_der_veen_d,Will Van Der Veen
Roman Kraemer (F),Greensboro Gargoyles,4,0,3,3,0.75,0,0,2025-2026,echl,F,manual_roman_kraemer_f,Roman Kraemer
Jack Collins (F),Iowa Heartlanders,4,1,0,1,0.25,2,1,2025-2026,echl,F,manual_jack_collins_f,Jack Collins
Timothy Heinke (RW),South Carolina Stingrays,4,0,0,0,0.0,0,0,2025-2026,echl,RW,manual_timothy_heinke_rw,Timothy Heinke
Alex Murray (D),Fort Wayne Komets,3,0,0,0,0.0,2,3,2025-2026,echl,D,manual_alex_murray_d,Alex Murray
Raymond Brice (C/LW),Kalamazoo Wings,3,1,0,1,0.33,0,2,2025-2026,echl,C/LW,https://www.eliteprospects.com/player/321063/raymond-brice,Raymond Brice
Dylan MacKinnon (D),Maine Mariners,3,0,0,0,0.0,2,-3,2025-2026,echl,D,manual_dylan_mackinnon_d,Dylan Mackinnon
Alexandre Doucet (W/C),Toledo Walleye,3,0,4,4,1.33,0,0,2025-2026,echl,W/C,https://www.eliteprospects.com/player/201898/alexandre-doucet,Alexandre Doucet
Dawson McKinney (C),Multiple Teams,3,0,1,1,0.33,8,1,2025-2026,echl,C,manual_dawson_mckinney_c,Dawson Mckinney
Max Wanner (D),Maine Mariners,3,1,0,1,0.33,2,0,2025-2026,echl,D,https://www.eliteprospects.com/player/414967/max-wanner,Max Wanner
Dmitri Toporowski (D),Tulsa Oilers,3,0,0,0,0.0,0,-3,2025-2026,echl,D,manual_dmitri_toporowski_d,Dmitri Toporowski
Maros Jedlicka (W/C),Utah Grizzlies,3,0,1,1,0.33,0,2,2025-2026,echl,W/C,https://www.eliteprospects.com/player/472350/maros-jedlicka,Maros Jedlicka
Noah Kane (C/LW),Multiple Teams,3,0,0,0,0.0,0,-2,2025-2026,echl,C/LW,https://www.eliteprospects.com/player/497398/noah-kane,Noah Kane
Adam Berg (F),Utah Grizzlies,3,0,0,0,0.0,0,0,2025-2026,echl,F,https://www.eliteprospects.com/player/166592/adam-berg,Adam Berg
Tyler Burnie (RW),South Carolina Stingrays,3,0,0,0,0.0,0,-1,2025-2026,echl,RW,https://www.eliteprospects.com/player/326442/tyler-burnie,Tyler Burnie
Lazarus Kaebel (D),Worcester Railers,3,0,0,0,0.0,0,-2,2025-2026,echl,D,manual_lazarus_kaebel_d,Lazarus Kaebel
Thomas Messineo (D),Kansas City Mavericks,3,0,0,0,0.0,0,1,2025-2026,echl,D,manual_thomas_messineo_d,Thomas Messineo
Jack Duff (D),Toledo Walleye,3,0,0,0,0.0,0,3,2025-2026,echl,D,manual_jack_duff_d,Jack Duff
Will Portokalis (C/LW),Rapid City Rush,3,0,0,0,0.0,0,0,2025-2026,echl,C/LW,manual_will_portokalis_c,Will Portokalis
Chris McCarthy (C),Reading Royals,3,0,1,1,0.33,0,0,2025-2026,echl,C,https://www.eliteprospects.com/player/31277/chris-mccarthy,Chris Mccarthy
Kyle Osterberg (RW/LW),Iowa Heartlanders,3,0,0,0,0.0,0,1,2025-2026,echl,RW/LW,https://www.eliteprospects.com/player/79306/kyle-osterberg,Kyle Osterberg
Mick Messner (C/W),Utah Grizzlies,3,0,1,1,0.33,2,1,2025-2026,echl,C/W,https://www.eliteprospects.com/player/309375/mick-messner,Mick Messner
J.C. Campagna (LW),Utah Grizzlies,3,0,1,1,0.33,2,-1,2025-2026,echl,LW,https://www.eliteprospects.com/player/45991/j.c.-campagna,Jc Campagna
Ty Gibson (D),Iowa Heartlanders,3,0,0,0,0.0,0,-3,2025-2026,echl,D,https://www.eliteprospects.com/player/538915/ty-gibson,Ty Gibson
Luke Bast (D),Orlando Solar Bears,3,0,0,0,0.0,2,-6,2025-2026,echl,D,manual_luke_bast_d,Luke Bast
Ayrton Martino (LW/RW),Idaho Steelheads,3,2,2,4,1.33,0,-1,2025-2026,echl,LW/RW,https://www.eliteprospects.com/player/582779/ayrton-martino,Ayrton Martino
Kyle Walker (D),Reading Royals,3,0,0,0,0.0,2,2,2025-2026,echl,D,manual_kyle_walker_d,Kyle Walker
Kyle Heitzner (C),Multiple Teams,3,0,0,0,0.0,2,-1,2025-2026,echl,C,manual_kyle_heitzner_c,Kyle Heitzner
Michael Herrera (LW/C),Adirondack Thunder,3,1,0,1,0.33,0,2,2025-2026,echl,LW/C,manual_michael_herrera_lw,Michael Herrera
Riley Bodnarchuk (D),Florida Everblades,3,0,2,2,0.67,5,2,2025-2026,echl,D,manual_riley_bodnarchuk_d,Riley Bodnarchuk
Max Grondin (C/LW),Atlanta Gladiators,3,1,2,3,1.0,9,3,2025-2026,echl,C/LW,manual_max_grondin_c,Max Grondin
Bryan Huggins (D),Greensboro Gargoyles,3,0,2,2,0.67,0,3,2025-2026,echl,D,manual_bryan_huggins_d,Bryan Huggins
Carter Schade (D),Reading Royals,3,1,0,1,0.33,4,-1,2025-2026,echl,D,manual_carter_schade_d,Carter Schade
Valtteri Piironen (D),Norfolk Admirals,3,0,0,0,0.0,4,-1,2025-2026,echl,D,manual_valtteri_piironen_d,Valtteri Piironen
Shane Harper (RW),Adirondack Thunder,3,1,1,2,0.67,4,1,2025-2026,echl,RW,https://www.eliteprospects.com/player/25356/shane-harper,Shane Harper
True Crowe (D),Greensboro Gargoyles,3,0,2,2,0.67,2,2,2025-2026,echl,D,manual_true_crowe_d,True Crowe
Sam Dabrowski (F),Reading Royals,2,0,0,0,0.0,2,-1,2025-2026,echl,F,manual_sam_dabrowski_f,Sam Dabrowski
Kylar Fenton (D),Maine Mariners,2,0,0,0,0.0,2,0,2025-2026,echl,D,manual_kylar_fenton_d,Kylar Fenton
Jacob Julien (C),Norfolk Admirals,2,0,0,0,0.0,2,0,2025-2026,echl,C,manual_jacob_julien_c,Jacob Julien
Anton Rubtsov (F),Worcester Railers,2,0,0,0,0.0,0,-1,2025-2026,echl,F,manual_anton_rubtsov_f,Anton Rubtsov
Will Francis (D),Tulsa Oilers,2,0,2,2,1.0,2,2,2025-2026,echl,D,https://www.eliteprospects.com/player/375487/will-francis,Will Francis
Chris Brown (RW/C),Tahoe Knight Monsters,2,0,0,0,0.0,0,-1,2025-2026,echl,RW/C,https://www.eliteprospects.com/player/31273/chris-brown,Chris Brown
Matt Myers (F),Worcester Railers,2,0,0,0,0.0,0,-2,2025-2026,echl,F,manual_matt_myers_f,Matt Myers
Wyatte Wylie (D),Trois-Rivières Lions,2,0,0,0,0.0,0,1,2025-2026,echl,D,https://www.eliteprospects.com/player/300071/wyatte-wylie,Wyatte Wylie
Kyle Bettens (RW/C),Indy Fuel,2,0,0,0,0.0,0,0,2025-2026,echl,RW/C,manual_kyle_bettens_rw,Kyle Bettens
Connor Galloway (F),Atlanta Gladiators,2,0,0,0,0.0,0,-1,2025-2026,echl,F,https://www.eliteprospects.com/player/562446/connor-galloway,Connor Galloway
Blake Tosto (F),Cincinnati Cyclones,2,1,0,1,0.5,0,2,2025-2026,echl,F,manual_blake_tosto_f,Blake Tosto
Troy Loggins (LW),Tahoe Knight Monsters,2,1,0,1,0.5,0,-1,2025-2026,echl,LW,https://www.eliteprospects.com/player/215171/troy-loggins,Troy Loggins
Chase Dafoe (C/LW),Indy Fuel,2,1,0,1,0.5,2,-1,2025-2026,echl,C/LW,manual_chase_dafoe_c,Chase Dafoe
Mitchell Wolfe (D),Cincinnati Cyclones,2,1,0,1,0.5,0,-2,2025-2026,echl,D,manual_mitchell_wolfe_d,Mitchell Wolfe
Seth Bernard-Docker (D),Trois-Rivières Lions,2,0,0,0,0.0,0,0,2025-2026,echl,D,manual_seth_bernarddocker_d,Seth Bernarddocker
Sam Coatta (F),Iowa Heartlanders,2,0,0,0,0.0,2,-1,2025-2026,echl,F,https://www.eliteprospects.com/player/45898/sam-coatta,Sam Coatta
Gavin Yates (C),Adirondack Thunder,2,0,1,1,0.5,0,0,2025-2026,echl,C,manual_gavin_yates_c,Gavin Yates
Will Zmolek (D),Iowa Heartlanders,2,0,1,1,0.5,0,2,2025-2026,echl,D,https://www.eliteprospects.com/player/379104/will-zmolek,Will Zmolek
Zach Bookman (D),Fort Wayne Komets,2,0,1,1,0.5,0,-2,2025-2026,echl,D,manual_zach_bookman_d,Zach Bookman
Isaiah Fox (F),Iowa Heartlanders,2,0,1,1,0.5,2,2,2025-2026,echl,F,https://www.eliteprospects.com/player/615613/isaiah-fox,Isaiah Fox
Alex Weiermair (C/RW),Tahoe Knight Monsters,2,0,1,1,0.5,0,1,2025-2026,echl,C/RW,manual_alex_weiermair_c,Alex Weiermair
Alex Krause (F),Savannah Ghost Pirates,2,0,1,1,0.5,0,0,2025-2026,echl,F,manual_alex_krause_f,Alex Krause
Carson Focht (C),Multiple Teams,2,0,0,0,0.0,0,0,2025-2026,echl,C,https://www.eliteprospects.com/player/289457/carson-focht,Carson Focht
Nick Leivermann (D),South Carolina Stingrays,2,0,2,2,1.0,0,0,2025-2026,echl,D,https://www.eliteprospects.com/player/344081/nick-leivermann,Nick Leivermann
Dillon Hamaliuk (C/LW),Fort Wayne Komets,2,0,2,2,1.0,0,1,2025-2026,echl,C/LW,https://www.eliteprospects.com/player/281939/dillon-hamaliuk,Dillon Hamaliuk
Colton Young (LW),Kalamazoo Wings,2,0,0,0,0.0,0,-1,2025-2026,echl,LW,https://www.eliteprospects.com/player/199645/colton-young,Colton Young
Max Neill (LW),Bloomington Bison,2,0,0,0,0.0,0,-1,2025-2026,echl,LW,https://www.eliteprospects.com/player/351229/max-neill,Max Neill
Christopher Inniss (D),Trois-Rivières Lions,2,0,0,0,0.0,0,-1,2025-2026,echl,D,manual_christopher_inniss_d,Christopher Inniss
Austen Swankler (C/LW),Reading Royals,2,0,0,0,0.0,6,-1,2025-2026,echl,C/LW,https://www.eliteprospects.com/player/298560/austen-swankler,Austen Swankler
Hunter Hall (F),Worcester Railers,2,0,0,0,0.0,7,-1,2025-2026,echl,F,manual_hunter_hall_f,Hunter Hall
Achiel Schlepp (F),Worcester Railers,2,0,0,0,0.0,12,0,2025-2026,echl,F,manual_achiel_schlepp_f,Achiel Schlepp
Divyne Apollon (F),Allen Americans,2,0,0,0,0.0,2,0,2025-2026,echl,F,manual_divyne_apollon_f,Divyne Apollon
Mike Ladyman (D),Orlando Solar Bears,2,0,0,0,0.0,2,0,2025-2026,echl,D,manual_mike_ladyman_d,Mike Ladyman
Hunter Sansbury (D),Florida Everblades,2,0,0,0,0.0,0,1,2025-2026,echl,D,https://www.eliteprospects.com/player/364019/hunter-sansbury,Hunter Sansbury
Jared Westcott (C/LW),Rapid City Rush,1,0,0,0,0.0,0,0,2025-2026,echl,C/LW,https://www.eliteprospects.com/player/388545/jared-westcott,Jared Westcott
Danny Weight (C/LW),Wichita Thunder,1,0,0,0,0.0,0,0,2025-2026,echl,C/LW,manual_danny_weight_c,Danny Weight
Luke Morgan (LW),Kalamazoo Wings,1,0,0,0,0.0,0,0,2025-2026,echl,LW,https://www.eliteprospects.com/player/283909/luke-morgan,Luke Morgan
Christian Sarlo (LW/RW),Indy Fuel,1,0,0,0,0.0,0,0,2025-2026,echl,LW/RW,https://www.eliteprospects.com/player/295647/christian-sarlo,Christian Sarlo
Niko Huuhtanen (RW/LW),Orlando Solar Bears,1,0,0,0,0.0,0,-2,2025-2026,echl,RW/LW,https://www.eliteprospects.com/player/525628/niko-huuhtanen,Niko Huuhtanen
Mac Jansen (F),Adirondack Thunder,1,0,0,0,0.0,0,0,2025-2026,echl,F,manual_mac_jansen_f,Mac Jansen
Alex Cohen (C),Orlando Solar Bears,1,0,0,0,0.0,0,0,2025-2026,echl,C,https://www.eliteprospects.com/player/288244/alex-cohen,Alex Cohen
Bryce Hatten (D),Maine Mariners,1,0,0,0,0.0,0,0,2025-2026,echl,D,manual_bryce_hatten_d,Bryce Hatten
Lucas Chard (LW/C),Orlando Solar Bears,1,0,0,0,0.0,0,0,2025-2026,echl,LW/C,manual_lucas_chard_lw,Lucas Chard
Xavier Henry (D),Maine Mariners,1,0,0,0,0.0,0,-1,2025-2026,echl,D,manual_xavier_henry_d,Xavier Henry
Jonathan Ziskie (D),Toledo Walleye,1,0,0,0,0.0,0,0,2025-2026,echl,D,manual_jonathan_ziskie_d,Jonathan Ziskie
Jake Schultz (D/LW),Adirondack Thunder,1,0,0,0,0.0,2,0,2025-2026,echl,D/LW,https://www.eliteprospects.com/player/229739/jake-schultz,Jake Schultz
Dillan Fox (F),Reading Royals,1,0,0,0,0.0,0,-1,2025-2026,echl,F,https://www.eliteprospects.com/player/76893/dillan-fox,Dillan Fox
Max Thiessen (D),Idaho Steelheads,1,0,0,0,0.0,0,-1,2025-2026,echl,D,manual_max_thiessen_d,Max Thiessen
Zachary Plucinski (D),Utah Grizzlies,1,0,0,0,0.0,0,-1,2025-2026,echl,D,manual_zachary_plucinski_d,Zachary Plucinski
Scout Truman (LW),Multiple Teams,1,0,1,1,1.0,0,2,2025-2026,echl,LW,manual_scout_truman_lw,Scout Truman
Mason Primeau (C/LW),Maine Mariners,0,0,0,0,0.0,0,0,2025-2026,echl,C/LW,https://www.eliteprospects.com/player/452004/mason-primeau,Mason Primeau
Ashton Stockie (C/LW),Jacksonville Icemen,0,0,0,0,0.0,0,0,2025-2026,echl,C/LW,manual_ashton_stockie_c,Ashton Stockie
Aaron Hyman (D),Rapid City Rush,0,0,0,0,0.0,0,0,2025-2026,echl,D,https://www.eliteprospects.com/player/199652/aaron-hyman,Aaron Hyman
Luke Mylymok (W/C),Greensboro Gargoyles,0,0,0,0,0.0,0,0,2025-2026,echl,W/C,https://www.eliteprospects.com/player/294603/luke-mylymok,Luke Mylymok
Mason Wheeler (D),Bloomington Bison,0,0,0,0,0.0,0,0,2025-2026,echl,D,manual_mason_wheeler_d,Mason Wheeler
Ralfs Bergmanis (D),Wheeling Nailers,0,0,0,0,0.0,0,0,2025-2026,echl,D,manual_ralfs_bergmanis_d,Ralfs Bergmanis
Liam Finlay (RW/C),Greenville Swamp Rabbits,0,0,0,0,0.0,0,0,2025-2026,echl,RW/C,https://www.eliteprospects.com/player/202405/liam-finlay,Liam Finlay
Jack Gorniak (LW/C),Fort Wayne Komets,0,0,0,0,0.0,0,0,2025-2026,echl,LW/C,https://www.eliteprospects.com/player/431145/jack-gorniak,Jack Gorniak
Jake Suede (F),Kalamazoo Wings,0,0,0,0,0.0,0,0,2025-2026,echl,F,manual_jake_suede_f,Jake Suede
Ryder Donovan (C/RW),Tahoe Knight Monsters,0,0,0,0,0.0,0,0,2025-2026,echl,C/RW,manual_ryder_donovan_c,Ryder Donovan
Reilly Walsh (D),Barys Astana,68,16,30,46,0.68,24,-24,2025-2026,khl,D,https://www.eliteprospects.com/player/300597/reilly-walsh,Reilly Walsh
Nick Merkley (RW/C),Shanghai Dragons,68,24,21,45,0.66,47,-9,2025-2026,khl,RW/C,https://www.eliteprospects.com/player/107894/nick-merkley,Nick Merkley
Ty Smith (D),Dinamo Minsk,68,5,41,46,0.68,32,21,2025-2026,khl,D,https://www.eliteprospects.com/player/281814/ty-smith,Ty Smith
Mikhail Ilyin (LW/RW),Severstal Cherepovets,68,14,30,44,0.65,18,2,2025-2026,khl,LW/RW,https://www.eliteprospects.com/player/780088/mikhail-ilyin,Mikhail Ilyin
Libor Sulak (D),Admiral Vladivostok,68,14,29,43,0.63,32,0,2025-2026,khl,D,https://www.eliteprospects.com/player/115708/libor-sulak,Libor Sulak
Alexander Skorenov (LW/RW),Severstal Cherepovets,68,20,23,43,0.63,15,1,2025-2026,khl,LW/RW,https://www.eliteprospects.com/player/490221/alexander-skorenov,Alexander Skorenov
Samat Daniyar (D),Barys Astana,68,1,11,12,0.18,14,2,2025-2026,khl,D,https://www.eliteprospects.com/player/450286/samat-daniyar,Samat Daniyar
Anton Sizov (D),Torpedo Nizhny Novgorod,68,4,8,12,0.18,19,-10,2025-2026,khl,D,https://www.eliteprospects.com/player/211104/anton-sizov,Anton Sizov
Kirill Adamchuk (D),Dynamo Moskva,68,3,11,14,0.21,26,-1,2025-2026,khl,D,https://www.eliteprospects.com/player/187574/kirill-adamchuk,Kirill Adamchuk
Maxime Lajoie (D),Avangard Omsk,68,11,30,41,0.6,18,25,2025-2026,khl,D,https://www.eliteprospects.com/player/161131/maxime-lajoie,Maxime Lajoie
Prokhor Poltapov (RW/LW),CSKA Moskva,68,16,24,40,0.59,28,5,2025-2026,khl,RW/LW,manual_prokhor_poltapov_rw,Prokhor Poltapov
Riley Sawchuk (C),Lada Togliatti,68,23,22,45,0.66,10,-9,2025-2026,khl,C,https://www.eliteprospects.com/player/200492/riley-sawchuk,Riley Sawchuk
Alex Limoges (LW/C),Dinamo Minsk,68,24,49,73,1.07,14,31,2025-2026,khl,LW/C,https://www.eliteprospects.com/player/294408/alex-limoges,Alex Limoges
Konstantin Okulov (LW/C),Avangard Omsk,68,24,50,74,1.09,14,29,2025-2026,khl,LW/C,https://www.eliteprospects.com/player/160611/konstantin-okulov,Konstantin Okulov
Ilya Safonov (C),Ak Bars Kazan,68,16,17,33,0.49,43,18,2025-2026,khl,C,https://www.eliteprospects.com/player/512834/ilya-safonov,Ilya Safonov
Georgi Ivanov (C),Lokomotiv Yaroslavl,68,13,14,27,0.4,26,16,2025-2026,khl,C,https://www.eliteprospects.com/player/312216/georgi-ivanov,Georgi Ivanov
Kirill Semyonov (C),Ak Bars Kazan,68,18,38,56,0.82,49,22,2025-2026,khl,C,https://www.eliteprospects.com/player/211958/kirill-semyonov,Kirill Semyonov
Timur Khafizov (C),HK Sochi,68,11,12,23,0.34,32,-15,2025-2026,khl,C,https://www.eliteprospects.com/player/333977/timur-khafizov,Timur Khafizov
Daniil Lipsky (C),Dinamo Minsk,68,10,15,25,0.37,16,5,2025-2026,khl,C,https://www.eliteprospects.com/player/619373/daniil-lipsky,Daniil Lipsky
Alexander Yelesin (D),Lokomotiv Yaroslavl,68,4,13,17,0.25,19,16,2025-2026,khl,D,https://www.eliteprospects.com/player/265726/alexander-yelesin,Alexander Yelesin
Alikhan Omirbekov (C),Barys Astana,68,5,12,17,0.25,18,-12,2025-2026,khl,C,https://www.eliteprospects.com/player/583674/alikhan-omirbekov,Alikhan Omirbekov
Oleg Li (RW/LW),Amur Khabarovsk,68,15,19,34,0.5,22,-3,2025-2026,khl,RW/LW,https://www.eliteprospects.com/player/31621/oleg-li,Oleg Li
Ilya Karpukhin (D),Ak Bars Kazan,68,9,14,23,0.34,38,11,2025-2026,khl,D,https://www.eliteprospects.com/player/370827/ilya-karpukhin,Ilya Karpukhin
Ivan Podshivalov (C),Severstal Cherepovets,68,7,12,19,0.28,14,-1,2025-2026,khl,C,https://www.eliteprospects.com/player/692372/ivan-podshivalov,Ivan Podshivalov
Alexei Bereglazov (D),Lokomotiv Yaroslavl,68,2,15,17,0.25,18,24,2025-2026,khl,D,https://www.eliteprospects.com/player/156154/alexei-bereglazov,Alexei Bereglazov
Yegor Korshkov (RW/LW),Traktor Chelyabinsk,68,16,21,37,0.54,18,13,2025-2026,khl,RW/LW,https://www.eliteprospects.com/player/176637/yegor-korshkov,Yegor Korshkov
Yevgeni Mityakin (C),Neftekhimik Nizhnekamsk,68,18,20,38,0.56,12,1,2025-2026,khl,C,https://www.eliteprospects.com/player/269050/yevgeni-mityakin,Yevgeni Mityakin
Alexander Kadeikin (C),Traktor Chelyabinsk,68,13,20,33,0.49,40,9,2025-2026,khl,C,https://www.eliteprospects.com/player/94663/alexander-kadeikin,Alexander Kadeikin
Daniil Zhuravlyov (D),Torpedo Nizhny Novgorod,67,3,9,12,0.18,9,7,2025-2026,khl,D,https://www.eliteprospects.com/player/375639/daniil-zhuravlyov,Daniil Zhuravlyov
Grigori Panin (D),Salavat Yulaev Ufa,67,4,6,10,0.15,49,11,2025-2026,khl,D,https://www.eliteprospects.com/player/16730/grigori-panin,Grigori Panin
Markus Phillips (D),SKA St. Petersburg,67,3,10,13,0.19,22,16,2025-2026,khl,D,https://www.eliteprospects.com/player/201660/markus-phillips,Markus Phillips
Jack Rodewald (C),Salavat Yulaev Ufa,67,21,23,44,0.66,20,-15,2025-2026,khl,C,https://www.eliteprospects.com/player/84719/jack-rodewald,Jack Rodewald
Nikita Okhotyuk (D),CSKA Moskva,67,2,12,14,0.21,27,10,2025-2026,khl,D,https://www.eliteprospects.com/player/398144/nikita-okhotyuk,Nikita Okhotyuk
Bobby Nardella (D),Torpedo Nizhny Novgorod,67,1,38,39,0.58,44,5,2025-2026,khl,D,https://www.eliteprospects.com/player/193448/bobby-nardella,Bobby Nardella
Dylan Sikura (LW/RW),Dynamo Moskva,67,27,21,48,0.72,34,2,2025-2026,khl,LW/RW,https://www.eliteprospects.com/player/146580/dylan-sikura,Dylan Sikura
Marat Khairullin (RW),SKA St. Petersburg,67,19,30,49,0.73,20,9,2025-2026,khl,RW,https://www.eliteprospects.com/player/262646/marat-khairullin,Marat Khairullin
Mitchell Miller (D),Ak Bars Kazan,67,20,27,47,0.7,16,19,2025-2026,khl,D,https://www.eliteprospects.com/player/316129/mitchell-miller,Mitchell Miller
Nikita Kamalov (D),Severstal Cherepovets,67,5,19,24,0.36,32,-2,2025-2026,khl,D,https://www.eliteprospects.com/player/218307/nikita-kamalov,Nikita Kamalov
Dinmukhamed Kaiyrzhan (LW/RW),Barys Astana,67,8,14,22,0.33,24,-21,2025-2026,khl,LW/RW,https://www.eliteprospects.com/player/550401/dinmukhamed-kaiyrzhan,Dinmukhamed Kaiyrzhan
Pavel Shen (C),Admiral Vladivostok,67,12,21,33,0.49,51,-3,2025-2026,khl,C,https://www.eliteprospects.com/player/359981/pavel-shen,Pavel Shen
Maxim Shalunov (C),Lokomotiv Yaroslavl,67,30,12,42,0.63,22,24,2025-2026,khl,C,https://www.eliteprospects.com/player/58566/maxim-shalunov,Maxim Shalunov
Sam Anas (RW),Dinamo Minsk,67,32,57,89,1.33,14,25,2025-2026,khl,RW,https://www.eliteprospects.com/player/121857/sam-anas,Sam Anas
Jordan Weal (C),Dynamo Moskva,67,14,41,55,0.82,51,3,2025-2026,khl,C,https://www.eliteprospects.com/player/23324/jordan-weal,Jordan Weal
Yegor Vinogradov (C/RW),Torpedo Nizhny Novgorod,67,23,31,54,0.81,16,6,2025-2026,khl,C/RW,https://www.eliteprospects.com/player/700152/yegor-vinogradov,Yegor Vinogradov
Andrew Poturalski (C/RW),Avangard Omsk,67,27,39,66,0.99,32,29,2025-2026,khl,C/RW,https://www.eliteprospects.com/player/109632/andrew-poturalski,Andrew Poturalski
Andrei Chivilyov (C),Lada Togliatti,67,14,24,38,0.57,44,-17,2025-2026,khl,C,https://www.eliteprospects.com/player/398481/andrei-chivilyov,Andrei Chivilyov
Dmitry Zavgorodny (LW/C),Admiral Vladivostok,67,16,16,32,0.48,14,-2,2025-2026,khl,LW/C,https://www.eliteprospects.com/player/396918/dmitry-zavgorodny,Dmitry Zavgorodny
Gage Quinney (C/LW),Shanghai Dragons,67,11,21,32,0.48,10,-17,2025-2026,khl,C/LW,https://www.eliteprospects.com/player/175458/gage-quinney,Gage Quinney
Dmitri Rashevsky (RW),Avangard Omsk,67,11,22,33,0.49,12,11,2025-2026,khl,RW,https://www.eliteprospects.com/player/392566/dmitri-rashevsky,Dmitri Rashevsky
Bogdan Konyushkov (D),Torpedo Nizhny Novgorod,67,7,31,38,0.57,8,-6,2025-2026,khl,D,https://www.eliteprospects.com/player/627775/bogdan-konyushkov,Bogdan Konyushkov
Vladimir Tkachyov (C),Multiple Teams,67,16,21,37,0.55,12,-8,2025-2026,khl,C,https://www.eliteprospects.com/player/77117/vladimir-tkachyov,Vladimir Tkachyov
Pavel Karnaukhov (C),CSKA Moskva,67,13,13,26,0.39,51,5,2025-2026,khl,C,https://www.eliteprospects.com/player/268038/pavel-karnaukhov,Pavel Karnaukhov
Denis Zernov (C),CSKA Moskva,67,8,16,24,0.36,34,0,2025-2026,khl,C,https://www.eliteprospects.com/player/328741/denis-zernov,Denis Zernov
Sergei Sapego (D),SKA St. Petersburg,67,3,15,18,0.27,20,19,2025-2026,khl,D,https://www.eliteprospects.com/player/391751/sergei-sapego,Sergei Sapego
Jake Massie (D),Barys Astana,67,8,17,25,0.37,41,5,2025-2026,khl,D,https://www.eliteprospects.com/player/304382/jake-massie,Jake Massie
Artyom Serikov (D),Neftekhimik Nizhnekamsk,67,5,17,22,0.33,22,5,2025-2026,khl,D,https://www.eliteprospects.com/player/396538/artyom-serikov,Artyom Serikov
Artyom Volkov (D),HK Sochi,66,3,8,11,0.17,18,-9,2025-2026,khl,D,https://www.eliteprospects.com/player/300940/artyom-volkov,Artyom Volkov
Vladislav Syomin (D),Lada Togliatti,66,2,7,9,0.14,38,-21,2025-2026,khl,D,https://www.eliteprospects.com/player/313028/vladislav-syomin,Vladislav Syomin
Kirill Vorobyov (D),Avtomobilist Yekaterinburg,66,0,9,9,0.14,85,5,2025-2026,khl,D,https://www.eliteprospects.com/player/104460/kirill-vorobyov,Kirill Vorobyov
Ian McCoshen (D),Barys Astana,66,3,5,8,0.12,44,-14,2025-2026,khl,D,https://www.eliteprospects.com/player/90302/ian-mccoshen,Ian Mccoshen
Alexander Chmelevski (C),Multiple Teams,66,19,27,46,0.7,18,7,2025-2026,khl,C,https://www.eliteprospects.com/player/201447/alexander-chmelevski,Alexander Chmelevski
Pavel Dedunov (RW/LW),HK Sochi,66,6,2,8,0.12,8,-26,2025-2026,khl,RW/LW,https://www.eliteprospects.com/player/17761/pavel-dedunov,Pavel Dedunov
Mikhail Maltsev (C/LW),Spartak Moskva,66,18,26,44,0.67,20,-5,2025-2026,khl,C/LW,https://www.eliteprospects.com/player/312218/mikhail-maltsev,Mikhail Maltsev
Ioannis Kaldis (D),Severstal Cherepovets,66,11,30,41,0.62,12,14,2025-2026,khl,D,https://www.eliteprospects.com/player/219036/ioannis-kaldis,Ioannis Kaldis
Artyom Ilyenko (C/LW),Dynamo Moskva,66,7,7,14,0.21,8,-3,2025-2026,khl,C/LW,https://www.eliteprospects.com/player/265755/artyom-ilyenko,Artyom Ilyenko
Ivan Patrikhayev (D),CSKA Moskva,66,3,10,13,0.2,19,8,2025-2026,khl,D,https://www.eliteprospects.com/player/835563/ivan-patrikhayev,Ivan Patrikhayev
Logan Day (D),Traktor Chelyabinsk,66,3,13,16,0.24,30,17,2025-2026,khl,D,https://www.eliteprospects.com/player/261497/logan-day,Logan Day
Rushan Rafikov (D),Lokomotiv Yaroslavl,66,6,14,20,0.3,18,9,2025-2026,khl,D,https://www.eliteprospects.com/player/165018/rushan-rafikov,Rushan Rafikov
Andrei Mironov (D),Spartak Moskva,66,6,15,21,0.32,44,-1,2025-2026,khl,D,https://www.eliteprospects.com/player/159421/andrei-mironov,Andrei Mironov
Rocco Grimaldi (LW/C),SKA St. Petersburg,66,16,20,36,0.55,32,5,2025-2026,khl,LW/C,https://www.eliteprospects.com/player/38622/rocco-grimaldi,Rocco Grimaldi
Adam Clendening (D),Shanghai Dragons,66,3,29,32,0.48,70,-18,2025-2026,khl,D,https://www.eliteprospects.com/player/20714/adam-clendening,Adam Clendening
Daniil Orlov (D),Spartak Moskva,66,10,18,28,0.42,27,1,2025-2026,khl,D,https://www.eliteprospects.com/player/665898/daniil-orlov,Daniil Orlov
Nikolai Kovalenko (RW),CSKA Moskva,66,12,19,31,0.47,34,-8,2025-2026,khl,RW,https://www.eliteprospects.com/player/339499/nikolai-kovalenko,Nikolai Kovalenko
Sergei Goncharuk (RW/LW),Torpedo Nizhny Novgorod,66,17,16,33,0.5,32,-4,2025-2026,khl,RW/LW,manual_sergei_goncharuk_rw,Sergei Goncharuk
Sergei Popov (LW/C),HK Sochi,66,11,16,27,0.41,17,-24,2025-2026,khl,LW/C,https://www.eliteprospects.com/player/418542/sergei-popov,Sergei Popov
Kyle Olson (C/RW),Admiral Vladivostok,66,21,10,31,0.47,38,-9,2025-2026,khl,C/RW,https://www.eliteprospects.com/player/161063/kyle-olson,Kyle Olson
Damir Sharipzyanov (D),Avangard Omsk,66,23,44,67,1.02,30,28,2025-2026,khl,D,https://www.eliteprospects.com/player/216568/damir-sharipzyanov,Damir Sharipzyanov
Vladimir Tkachyov (LW),Metallurg Magnitogorsk,66,13,58,71,1.08,48,19,2025-2026,khl,LW,https://www.eliteprospects.com/player/211956/vladimir-tkachyov,Vladimir Tkachyov
Maxim Dzhioshvili (LW/C),Multiple Teams,66,10,15,25,0.38,16,11,2025-2026,khl,LW/C,https://www.eliteprospects.com/player/226951/maxim-dzhioshvili,Maxim Dzhioshvili
Byron Froese (C),Lokomotiv Yaroslavl,66,13,12,25,0.38,39,12,2025-2026,khl,C,https://www.eliteprospects.com/player/31081/byron-froese,Byron Froese
Nikita Dishkovsky (RW),SKA St. Petersburg,66,11,12,23,0.35,8,13,2025-2026,khl,RW,manual_nikita_dishkovsky_rw,Nikita Dishkovsky
David Dumbadze (RW),Severstal Cherepovets,66,13,11,24,0.36,14,-7,2025-2026,khl,RW,https://www.eliteprospects.com/player/232027/david-dumbadze,David Dumbadze
Yegor Suchkov (RW/LW),Salavat Yulaev Ufa,66,15,18,33,0.5,24,7,2025-2026,khl,RW/LW,manual_yegor_suchkov_rw,Yegor Suchkov
Nikita Gusev (LW),Dynamo Moskva,66,17,38,55,0.83,4,7,2025-2026,khl,LW,https://www.eliteprospects.com/player/75169/nikita-gusev,Nikita Gusev
Vitali Pinchuk (C),Dinamo Minsk,65,31,35,66,1.02,18,21,2025-2026,khl,C,https://www.eliteprospects.com/player/592160/vitali-pinchuk,Vitali Pinchuk
Daniil Gutik (LW),Multiple Teams,65,20,27,47,0.72,32,-9,2025-2026,khl,LW,https://www.eliteprospects.com/player/514155/daniil-gutik,Daniil Gutik
Ruslan Iskhakov (C/LW),Metallurg Magnitogorsk,65,17,21,38,0.58,30,8,2025-2026,khl,C/LW,https://www.eliteprospects.com/player/396204/ruslan-iskhakov,Ruslan Iskhakov
Michael Vecchione (LW/C),Barys Astana,65,19,27,46,0.71,32,-13,2025-2026,khl,LW/C,https://www.eliteprospects.com/player/98845/michael-vecchione,Michael Vecchione
Rhett Gardner (C),CSKA Moskva,65,1,9,10,0.15,23,-6,2025-2026,khl,C,https://www.eliteprospects.com/player/119371/rhett-gardner,Rhett Gardner
Ivan Igumnov (C/RW),Avangard Omsk,65,5,6,11,0.17,17,0,2025-2026,khl,C/RW,https://www.eliteprospects.com/player/218904/ivan-igumnov,Ivan Igumnov
Artyom Sergeyev (D),Dynamo Moskva,65,3,14,17,0.26,33,4,2025-2026,khl,D,https://www.eliteprospects.com/player/79616/artyom-sergeyev,Artyom Sergeyev
Yegor Sokolov (LW/RW),Torpedo Nizhny Novgorod,65,15,25,40,0.62,22,-5,2025-2026,khl,LW/RW,https://www.eliteprospects.com/player/375742/yegor-sokolov,Yegor Sokolov
Yaroslav Tsulygin (D),Salavat Yulaev Ufa,65,4,10,14,0.22,28,-6,2025-2026,khl,D,https://www.eliteprospects.com/player/709064/yaroslav-tsulygin,Yaroslav Tsulygin
Alexei Byvaltsev (C),Avtomobilist Yekaterinburg,65,3,14,17,0.26,18,6,2025-2026,khl,C,https://www.eliteprospects.com/player/154242/alexei-byvaltsev,Alexei Byvaltsev
Adil Beketayev (D),Barys Astana,65,1,3,4,0.06,33,-24,2025-2026,khl,D,https://www.eliteprospects.com/player/363487/adil-beketayev,Adil Beketayev
Ivan Mischenko (D),Amur Khabarovsk,65,6,19,25,0.38,38,4,2025-2026,khl,D,https://www.eliteprospects.com/player/235902/ivan-mischenko,Ivan Mischenko
Roman Gorbunov (RW/C),Avtomobilist Yekaterinburg,65,16,20,36,0.55,46,14,2025-2026,khl,RW/C,https://www.eliteprospects.com/player/267041/roman-gorbunov,Roman Gorbunov
Nikita Shashkov (RW/C),Avtomobilist Yekaterinburg,65,7,10,17,0.26,25,9,2025-2026,khl,RW/C,https://www.eliteprospects.com/player/370788/nikita-shashkov,Nikita Shashkov
Grigori Denisenko (LW/RW),Ak Bars Kazan,64,14,14,28,0.44,30,3,2025-2026,khl,LW/RW,https://www.eliteprospects.com/player/312827/grigori-denisenko,Grigori Denisenko
Nicolas Meloche (D),Dinamo Minsk,64,3,12,15,0.23,46,25,2025-2026,khl,D,https://www.eliteprospects.com/player/213821/nicolas-meloche,Nicolas Meloche
Igor Martynov (RW/LW),Avangard Omsk,64,4,10,14,0.22,25,-7,2025-2026,khl,RW/LW,https://www.eliteprospects.com/player/383105/igor-martynov,Igor Martynov
Georgi Solyannikov (D),Admiral Vladivostok,64,0,16,16,0.25,10,-1,2025-2026,khl,D,https://www.eliteprospects.com/player/262668/georgi-solyannikov,Georgi Solyannikov
Daniil Pylenkov (D),Dynamo Moskva,64,9,45,54,0.84,22,-5,2025-2026,khl,D,https://www.eliteprospects.com/player/395897/daniil-pylenkov,Daniil Pylenkov
Vasili Glotov (C),Traktor Chelyabinsk,64,13,25,38,0.59,16,3,2025-2026,khl,C,https://www.eliteprospects.com/player/313721/vasili-glotov,Vasili Glotov
Nate Sucese (LW/C),Shanghai Dragons,64,6,10,16,0.25,16,-21,2025-2026,khl,LW/C,https://www.eliteprospects.com/player/190662/nate-sucese,Nate Sucese
Jordan Gross (D),Traktor Chelyabinsk,64,8,27,35,0.55,20,-2,2025-2026,khl,D,https://www.eliteprospects.com/player/118435/jordan-gross,Jordan Gross
Mikhail Kotlyarevsky (LW),Avangard Omsk,64,7,8,15,0.23,14,2,2025-2026,khl,LW,https://www.eliteprospects.com/player/322460/mikhail-kotlyarevsky,Mikhail Kotlyarevsky
Vadim Shipachyov (C),Dinamo Minsk,64,15,27,42,0.66,21,0,2025-2026,khl,C,https://www.eliteprospects.com/player/19550/vadim-shipachyov,Vadim Shipachyov
Maxim Beryozkin (RW/LW),Lokomotiv Yaroslavl,64,7,25,32,0.5,18,19,2025-2026,khl,RW/LW,https://www.eliteprospects.com/player/514147/maxim-beryozkin,Maxim Beryozkin
Nikita Mikhailis (LW),Metallurg Magnitogorsk,64,18,23,41,0.64,12,7,2025-2026,khl,LW,https://www.eliteprospects.com/player/154017/nikita-mikhailis,Nikita Mikhailis
Arkadi Shestakov (C),Admiral Vladivostok,64,7,6,13,0.2,34,-14,2025-2026,khl,C,https://www.eliteprospects.com/player/154467/arkadi-shestakov,Arkadi Shestakov
Semyon Koshelev (RW/LW),Multiple Teams,64,13,20,33,0.52,16,-2,2025-2026,khl,RW/LW,https://www.eliteprospects.com/player/154465/semyon-koshelev,Semyon Koshelev
Danil Aimurzin (C),Severstal Cherepovets,64,14,29,43,0.67,20,-7,2025-2026,khl,C,https://www.eliteprospects.com/player/568050/danil-aimurzin,Danil Aimurzin
Alexander Radulov (RW),Lokomotiv Yaroslavl,64,21,31,52,0.81,64,31,2025-2026,khl,RW,https://www.eliteprospects.com/player/8794/alexander-radulov,Alexander Radulov
Alexander Barabanov (RW/LW),Ak Bars Kazan,64,21,30,51,0.8,16,12,2025-2026,khl,RW/LW,https://www.eliteprospects.com/player/87913/alexander-barabanov,Alexander Barabanov
Yaroslav Busygin (D),Avtomobilist Yekaterinburg,64,9,15,24,0.38,34,25,2025-2026,khl,D,https://www.eliteprospects.com/player/699444/yaroslav-busygin,Yaroslav Busygin
Nikita Nesterov (D),CSKA Moskva,64,3,15,18,0.28,8,1,2025-2026,khl,D,https://www.eliteprospects.com/player/70425/nikita-nesterov,Nikita Nesterov
Igor Geraskin (RW/C),Multiple Teams,64,6,11,17,0.27,14,-6,2025-2026,khl,RW/C,https://www.eliteprospects.com/player/313587/igor-geraskin,Igor Geraskin
William Reilly (D),Shanghai Dragons,64,4,14,18,0.28,45,-2,2025-2026,khl,D,https://www.eliteprospects.com/player/250209/william-reilly,William Reilly
Artyom Shvets-Rogovoi (C),Dynamo Moskva,64,11,6,17,0.27,24,4,2025-2026,khl,C,manual_artyom_shvetsrogovoi_c,Artyom Shvetsrogovoi
Nikolai Prokhorkin (C),Avangard Omsk,63,18,19,37,0.59,23,1,2025-2026,khl,C,https://www.eliteprospects.com/player/93769/nikolai-prokhorkin,Nikolai Prokhorkin
Roman Kantserov (RW/C),Metallurg Magnitogorsk,63,36,28,64,1.02,57,22,2025-2026,khl,RW/C,https://www.eliteprospects.com/player/709028/roman-kantserov,Roman Kantserov
Devin Brosseau (LW/C),Multiple Teams,63,21,16,37,0.59,62,3,2025-2026,khl,LW/C,manual_devin_brosseau_lw,Devin Brosseau
Pavel Kraskovsky (C),Lokomotiv Yaroslavl,63,4,8,12,0.19,28,5,2025-2026,khl,C,https://www.eliteprospects.com/player/212441/pavel-kraskovsky,Pavel Kraskovsky
Alexei Marchenko (D),Ak Bars Kazan,63,0,17,17,0.27,28,9,2025-2026,khl,D,https://www.eliteprospects.com/player/40249/alexei-marchenko,Alexei Marchenko
Igor Ozhiganov (D),Dynamo Moskva,63,7,23,30,0.48,32,8,2025-2026,khl,D,https://www.eliteprospects.com/player/77242/igor-ozhiganov,Igor Ozhiganov
Matvei Polyakov (RW),SKA St. Petersburg,63,16,13,29,0.46,12,15,2025-2026,khl,RW,https://www.eliteprospects.com/player/708131/matvei-polyakov,Matvei Polyakov
Stepan Starkov (RW),Admiral Vladivostok,63,15,25,40,0.63,28,-15,2025-2026,khl,RW,https://www.eliteprospects.com/player/361179/stepan-starkov,Stepan Starkov
Alexei Yakovlev (RW/C),Sibir Novosibirsk,63,7,5,12,0.19,22,-12,2025-2026,khl,RW/C,https://www.eliteprospects.com/player/160612/alexei-yakovlev,Alexei Yakovlev
Artyom Gorshkov (RW),Salavat Yulaev Ufa,63,7,13,20,0.32,6,5,2025-2026,khl,RW,https://www.eliteprospects.com/player/699440/artyom-gorshkov,Artyom Gorshkov
Vitaly Abramov (RW/LW),CSKA Moskva,63,11,14,25,0.4,24,5,2025-2026,khl,RW/LW,manual_vitaly_abramov_rw,Vitaly Abramov
Semyon Simonov (RW/LW),Barys Astana,63,12,8,20,0.32,18,-7,2025-2026,khl,RW/LW,https://www.eliteprospects.com/player/725378/semyon-simonov,Semyon Simonov
Arkhip Nekolenko (C),Sibir Novosibirsk,63,7,19,26,0.41,22,-8,2025-2026,khl,C,https://www.eliteprospects.com/player/168683/arkhip-nekolenko,Arkhip Nekolenko
Scott Wilson (RW/LW),Multiple Teams,63,12,16,28,0.44,14,-1,2025-2026,khl,RW/LW,manual_scott_wilson_rw,Scott Wilson
Kirill Petkov (RW/LW),Amur Khabarovsk,63,11,9,20,0.32,19,3,2025-2026,khl,RW/LW,https://www.eliteprospects.com/player/312942/kirill-petkov,Kirill Petkov
Mason Morelli (LW/C),Barys Astana,63,12,24,36,0.57,75,-14,2025-2026,khl,LW/C,https://www.eliteprospects.com/player/188784/mason-morelli,Mason Morelli
Robert Hamilton (D),Dinamo Minsk,63,5,20,25,0.4,16,32,2025-2026,khl,D,https://www.eliteprospects.com/player/104854/robert-hamilton,Robert Hamilton
Alex Cotton (D),Lada Togliatti,63,4,21,25,0.4,38,4,2025-2026,khl,D,https://www.eliteprospects.com/player/351538/alex-cotton,Alex Cotton
Joshua Leivo (LW/RW),Traktor Chelyabinsk,62,26,39,65,1.05,28,15,2025-2026,khl,LW/RW,https://www.eliteprospects.com/player/88692/joshua-leivo,Joshua Leivo
Alexander Sharov (C/RW),Avtomobilist Yekaterinburg,62,15,21,36,0.58,33,10,2025-2026,khl,C/RW,https://www.eliteprospects.com/player/169098/alexander-sharov,Alexander Sharov
Vasily Atanasov (RW/C),Torpedo Nizhny Novgorod,62,21,15,36,0.58,12,6,2025-2026,khl,RW/C,https://www.eliteprospects.com/player/530689/vasily-atanasov,Vasily Atanasov
Mikhail Grigorenko (C/RW),Traktor Chelyabinsk,62,24,35,59,0.95,14,4,2025-2026,khl,C/RW,https://www.eliteprospects.com/player/42435/mikhail-grigorenko,Mikhail Grigorenko
Ruslan Abrosimov (C),Severstal Cherepovets,62,24,24,48,0.77,28,15,2025-2026,khl,C,https://www.eliteprospects.com/player/514151/ruslan-abrosimov,Ruslan Abrosimov
Andrei Altybarmakyan (RW/LW),Lada Togliatti,62,19,15,34,0.55,74,-2,2025-2026,khl,RW/LW,https://www.eliteprospects.com/player/313706/andrei-altybarmakyan,Andrei Altybarmakyan
Bulat Shafigullin (RW/LW),Neftekhimik Nizhnekamsk,62,9,13,22,0.35,56,-4,2025-2026,khl,RW/LW,https://www.eliteprospects.com/player/339599/bulat-shafigullin,Bulat Shafigullin
Yegor Voronkov (D),Amur Khabarovsk,62,1,9,10,0.16,32,-1,2025-2026,khl,D,https://www.eliteprospects.com/player/273482/yegor-voronkov,Yegor Voronkov
Andrei Belozyorov (LW),Neftekhimik Nizhnekamsk,62,27,21,48,0.77,26,4,2025-2026,khl,LW,https://www.eliteprospects.com/player/250348/andrei-belozyorov,Andrei Belozyorov
Borna Rendulic (RW/LW),Shanghai Dragons,62,20,24,44,0.71,16,-10,2025-2026,khl,RW/LW,https://www.eliteprospects.com/player/30359/borna-rendulic,Borna Rendulic
Dmitri Breus (D),Barys Astana,62,1,9,10,0.16,18,-18,2025-2026,khl,D,https://www.eliteprospects.com/player/668169/dmitri-breus,Dmitri Breus
Nikita Cherepanov (D),Lokomotiv Yaroslavl,62,3,8,11,0.18,22,15,2025-2026,khl,D,https://www.eliteprospects.com/player/159671/nikita-cherepanov,Nikita Cherepanov
Anton Slepyshev (LW),Dynamo Moskva,62,9,18,27,0.44,14,-3,2025-2026,khl,LW,https://www.eliteprospects.com/player/117748/anton-slepyshev,Anton Slepyshev
Joseph Blandisi (C/LW),SKA St. Petersburg,62,12,17,29,0.47,56,6,2025-2026,khl,C/LW,https://www.eliteprospects.com/player/99041/joseph-blandisi,Joseph Blandisi
Giovanni Fiore (LW/RW),Avangard Omsk,62,11,15,26,0.42,30,21,2025-2026,khl,LW/RW,https://www.eliteprospects.com/player/156093/giovanni-fiore,Giovanni Fiore
Vladislav Yefremov (C),Salavat Yulaev Ufa,62,13,8,21,0.34,28,-3,2025-2026,khl,C,https://www.eliteprospects.com/player/218902/vladislav-yefremov,Vladislav Yefremov
Maxim Kuznetsov (RW),Salavat Yulaev Ufa,62,9,16,25,0.4,18,4,2025-2026,khl,RW,https://www.eliteprospects.com/player/566693/maxim-kuznetsov,Maxim Kuznetsov
Robin Press (D),Metallurg Magnitogorsk,62,5,36,41,0.66,14,4,2025-2026,khl,D,https://www.eliteprospects.com/player/36616/robin-press,Robin Press
Alexei Maklyukov (D),Metallurg Magnitogorsk,62,4,13,17,0.27,14,12,2025-2026,khl,D,https://www.eliteprospects.com/player/106894/alexei-maklyukov,Alexei Maklyukov
Artyom Kudashov (D),Multiple Teams,62,1,4,5,0.08,18,-14,2025-2026,khl,D,https://www.eliteprospects.com/player/691458/artyom-kudashov,Artyom Kudashov
Derek Barach (C),Metallurg Magnitogorsk,62,21,19,40,0.65,44,-4,2025-2026,khl,C,https://www.eliteprospects.com/player/256130/derek-barach,Derek Barach
Ivan Drozdov (RW/LW),CSKA Moskva,62,7,13,20,0.32,29,5,2025-2026,khl,RW/LW,https://www.eliteprospects.com/player/333917/ivan-drozdov,Ivan Drozdov
Dmitri Kugryshev (LW/RW),Lada Togliatti,61,9,24,33,0.54,20,-14,2025-2026,khl,LW/RW,https://www.eliteprospects.com/player/11865/dmitri-kugryshev,Dmitri Kugryshev
Artyom Galimov (C/RW),Ak Bars Kazan,61,11,22,33,0.54,2,16,2025-2026,khl,C/RW,https://www.eliteprospects.com/player/339555/artyom-galimov,Artyom Galimov
Nathan Todd (C/LW),Multiple Teams,61,22,31,53,0.87,12,1,2025-2026,khl,C/LW,https://www.eliteprospects.com/player/154471/nathan-todd,Nathan Todd
Ilya Pastukhov (D),Neftekhimik Nizhnekamsk,61,1,7,8,0.13,57,4,2025-2026,khl,D,https://www.eliteprospects.com/player/465205/ilya-pastukhov,Ilya Pastukhov
Alexander Petunin (RW/C),Metallurg Magnitogorsk,61,12,19,31,0.51,20,8,2025-2026,khl,RW/C,https://www.eliteprospects.com/player/300930/alexander-petunin,Alexander Petunin
Sergei Telegin (D),Traktor Chelyabinsk,61,2,9,11,0.18,63,3,2025-2026,khl,D,https://www.eliteprospects.com/player/396887/sergei-telegin,Sergei Telegin
Nikita Yevseyev (D),Amur Khabarovsk,61,4,12,16,0.26,43,8,2025-2026,khl,D,https://www.eliteprospects.com/player/699960/nikita-yevseyev,Nikita Yevseyev
Nikita Korotkov (RW/LW),Metallurg Magnitogorsk,61,8,7,15,0.25,14,-4,2025-2026,khl,RW/LW,https://www.eliteprospects.com/player/273332/nikita-korotkov,Nikita Korotkov
Arseni Koromyslov (D),Traktor Chelyabinsk,61,1,16,17,0.28,40,4,2025-2026,khl,D,https://www.eliteprospects.com/player/527452/arseni-koromyslov,Arseni Koromyslov
Artyom Blazhiyevsky (D),Avangard Omsk,61,5,11,16,0.26,57,2,2025-2026,khl,D,https://www.eliteprospects.com/player/155386/artyom-blazhiyevsky,Artyom Blazhiyevsky
Yaroslav Likhachyov (LW),Multiple Teams,61,22,17,39,0.64,28,-13,2025-2026,khl,LW,https://www.eliteprospects.com/player/514171/yaroslav-likhachyov,Yaroslav Likhachyov
Jesse Blacker (D),Avtomobilist Yekaterinburg,61,9,26,35,0.57,14,12,2025-2026,khl,D,https://www.eliteprospects.com/player/33754/jesse-blacker,Jesse Blacker
Dmitri Katelevsky (C),Ak Bars Kazan,61,7,7,14,0.23,14,1,2025-2026,khl,C,https://www.eliteprospects.com/player/619135/dmitri-katelevsky,Dmitri Katelevsky
Anton Silayev (D),Torpedo Nizhny Novgorod,61,1,2,3,0.05,10,1,2025-2026,khl,D,https://www.eliteprospects.com/player/835541/anton-silayev,Anton Silayev
Sergei Plotnikov (RW/C),SKA St. Petersburg,61,18,29,47,0.77,61,4,2025-2026,khl,RW/C,https://www.eliteprospects.com/player/17760/sergei-plotnikov,Sergei Plotnikov
Yegor Rimashevsky (RW/LW),Dynamo Moskva,61,10,2,12,0.2,6,-3,2025-2026,khl,RW/LW,https://www.eliteprospects.com/player/779987/yegor-rimashevsky,Yegor Rimashevsky
Doyle Somerby (D),Shanghai Dragons,61,2,10,12,0.2,16,-7,2025-2026,khl,D,https://www.eliteprospects.com/player/177665/doyle-somerby,Doyle Somerby
Ilya Usov (C),Dinamo Minsk,60,14,8,22,0.37,27,12,2025-2026,khl,C,https://www.eliteprospects.com/player/465243/ilya-usov,Ilya Usov
Valeri Orekhov (D),Metallurg Magnitogorsk,60,9,22,31,0.52,14,30,2025-2026,khl,D,https://www.eliteprospects.com/player/438453/valeri-orekhov,Valeri Orekhov
Daniil Misyul (D),Lokomotiv Yaroslavl,60,4,8,12,0.2,31,5,2025-2026,khl,D,https://www.eliteprospects.com/player/395127/daniil-misyul,Daniil Misyul
Yegor Alanov (D),Sibir Novosibirsk,60,4,31,35,0.58,32,3,2025-2026,khl,D,https://www.eliteprospects.com/player/449978/yegor-alanov,Yegor Alanov
Makar Khabarov (D),Metallurg Magnitogorsk,60,4,16,20,0.33,18,9,2025-2026,khl,D,https://www.eliteprospects.com/player/326707/makar-khabarov,Makar Khabarov
Jérémy Roy (D),CSKA Moskva,60,4,11,15,0.25,16,2,2025-2026,khl,D,https://www.eliteprospects.com/player/151150/jeremy-roy,Jeremy Roy
Danil Romantsev (C),Avtomobilist Yekaterinburg,60,6,10,16,0.27,26,8,2025-2026,khl,C,https://www.eliteprospects.com/player/95817/danil-romantsev,Danil Romantsev
Thomas Grégoire (D),Severstal Cherepovets,60,3,16,19,0.32,22,4,2025-2026,khl,D,https://www.eliteprospects.com/player/252468/thomas-gregoire,Thomas Gregoire
Sergei Tolchinsky (RW/LW),Metallurg Magnitogorsk,60,16,22,38,0.63,22,5,2025-2026,khl,RW/LW,https://www.eliteprospects.com/player/108653/sergei-tolchinsky,Sergei Tolchinsky
Nikita Korostelyov (LW/RW),Spartak Moskva,60,21,14,35,0.58,22,-4,2025-2026,khl,LW/RW,https://www.eliteprospects.com/player/183258/nikita-korostelyov,Nikita Korostelyov
Maxim Letunov (C),Torpedo Nizhny Novgorod,60,12,16,28,0.47,18,3,2025-2026,khl,C,https://www.eliteprospects.com/player/233028/maxim-letunov,Maxim Letunov
Semyon Chistyakov (D),Avangard Omsk,60,7,18,25,0.42,14,13,2025-2026,khl,D,https://www.eliteprospects.com/player/517832/semyon-chistyakov,Semyon Chistyakov
Yevgeni Grachyov (C),Amur Khabarovsk,60,1,6,7,0.12,25,0,2025-2026,khl,C,https://www.eliteprospects.com/player/16752/yevgeni-grachyov,Yevgeni Grachyov
Kristian Khenkel (D),Dinamo Minsk,60,1,3,4,0.07,20,-5,2025-2026,khl,D,https://www.eliteprospects.com/player/160659/kristian-khenkel,Kristian Khenkel
Kirill Slepets (RW/LW),Amur Khabarovsk,60,11,12,23,0.38,6,-5,2025-2026,khl,RW/LW,https://www.eliteprospects.com/player/312832/kirill-slepets,Kirill Slepets
Nikita Kiryanov (C),Lokomotiv Yaroslavl,60,9,13,22,0.37,14,6,2025-2026,khl,C,https://www.eliteprospects.com/player/589941/nikita-kiryanov,Nikita Kiryanov
Magomed Sharakanov (D),Dynamo Moskva,60,2,7,9,0.15,14,-1,2025-2026,khl,D,https://www.eliteprospects.com/player/526247/magomed-sharakanov,Magomed Sharakanov
Joseph Keane (D),Spartak Moskva,60,9,30,39,0.65,44,3,2025-2026,khl,D,https://www.eliteprospects.com/player/201468/joseph-keane,Joseph Keane
Semyon Ruchkin (D),Admiral Vladivostok,59,1,14,15,0.25,12,0,2025-2026,khl,D,https://www.eliteprospects.com/player/262664/semyon-ruchkin,Semyon Ruchkin
Andrei Stas (C),Dinamo Minsk,59,4,16,20,0.34,18,7,2025-2026,khl,C,https://www.eliteprospects.com/player/20190/andrei-stas,Andrei Stas
Spencer Foo (RW),Shanghai Dragons,59,11,9,20,0.34,40,-9,2025-2026,khl,RW,https://www.eliteprospects.com/player/107388/spencer-foo,Spencer Foo
Artur Tyanulin (LW),Multiple Teams,59,8,31,39,0.66,18,-15,2025-2026,khl,LW,https://www.eliteprospects.com/player/266824/artur-tyanulin,Artur Tyanulin
Yegor Yakovlev (D),Metallurg Magnitogorsk,59,10,24,34,0.58,26,0,2025-2026,khl,D,https://www.eliteprospects.com/player/77120/yegor-yakovlev,Yegor Yakovlev
Kirill Urakov (C/RW),Amur Khabarovsk,59,5,6,11,0.19,21,3,2025-2026,khl,C/RW,https://www.eliteprospects.com/player/301513/kirill-urakov,Kirill Urakov
Martin Gernát (D),Lokomotiv Yaroslavl,59,12,19,31,0.53,40,34,2025-2026,khl,D,https://www.eliteprospects.com/player/89280/martin-gernat,Martin Gernat
Vladimir Zharkov (RW/LW),Traktor Chelyabinsk,59,2,4,6,0.1,16,-1,2025-2026,khl,RW/LW,https://www.eliteprospects.com/player/9303/vladimir-zharkov,Vladimir Zharkov
Dmitrij Jaskin (RW/C),Ak Bars Kazan,59,18,14,32,0.54,32,11,2025-2026,khl,RW/C,https://www.eliteprospects.com/player/65564/dmitrij-jaskin,Dmitrij Jaskin
Yegor Borikov (RW/LW),Dinamo Minsk,59,16,14,30,0.51,16,6,2025-2026,khl,RW/LW,https://www.eliteprospects.com/player/862297/yegor-borikov,Yegor Borikov
Semyon Der-Arguchintsev (C),Multiple Teams,59,6,31,37,0.63,10,0,2025-2026,khl,C,https://www.eliteprospects.com/player/315260/semyon-der-arguchintsev,Semyon Derarguchintsev
Andrei Svetlakov (C),Traktor Chelyabinsk,59,20,19,39,0.66,37,11,2025-2026,khl,C,https://www.eliteprospects.com/player/168686/andrei-svetlakov,Andrei Svetlakov
William Bitten (RW/C),HK Sochi,59,10,11,21,0.36,14,-18,2025-2026,khl,RW/C,https://www.eliteprospects.com/player/245965/william-bitten,William Bitten
Alexander Zharovsky (RW/C),Salavat Yulaev Ufa,59,16,26,42,0.71,38,7,2025-2026,khl,RW/C,https://www.eliteprospects.com/player/690135/alexander-zharovsky,Alexander Zharovsky
Vsevolod Logvin (C),Barys Astana,59,9,11,20,0.34,17,-8,2025-2026,khl,C,https://www.eliteprospects.com/player/550403/vsevolod-logvin,Vsevolod Logvin
Nikita Lyamkin (D),Ak Bars Kazan,58,7,30,37,0.64,26,9,2025-2026,khl,D,https://www.eliteprospects.com/player/223789/nikita-lyamkin,Nikita Lyamkin
Artyom Zemchyonok (D),Lada Togliatti,58,2,8,10,0.17,14,-7,2025-2026,khl,D,https://www.eliteprospects.com/player/106973/artyom-zemchyonok,Artyom Zemchyonok
Daniil Vovchenko (LW),Metallurg Magnitogorsk,58,11,21,32,0.55,18,-1,2025-2026,khl,LW,https://www.eliteprospects.com/player/168682/daniil-vovchenko,Daniil Vovchenko
Takhir Mingachyov (C),CSKA Moskva,58,5,6,11,0.19,14,1,2025-2026,khl,C,https://www.eliteprospects.com/player/508751/takhir-mingachyov,Takhir Mingachyov
Nikolai Goldobin (RW/LW),SKA St. Petersburg,58,16,31,47,0.81,14,6,2025-2026,khl,RW/LW,https://www.eliteprospects.com/player/160550/nikolai-goldobin,Nikolai Goldobin
Nikita Khoruzhev (C),Neftekhimik Nizhnekamsk,58,12,12,24,0.41,6,1,2025-2026,khl,C,https://www.eliteprospects.com/player/700003/nikita-khoruzhev,Nikita Khoruzhev
Andrei Belevich (C),Torpedo Nizhny Novgorod,58,5,9,14,0.24,28,1,2025-2026,khl,C,https://www.eliteprospects.com/player/274923/andrei-belevich,Andrei Belevich
Artur Kayumov (LW/RW),Lokomotiv Yaroslavl,58,14,29,43,0.74,18,22,2025-2026,khl,LW/RW,https://www.eliteprospects.com/player/312217/artur-kayumov,Artur Kayumov
Mikhail Goryunov-Rolgizer (LW/C),Traktor Chelyabinsk,58,7,6,13,0.22,10,-6,2025-2026,khl,LW/C,https://www.eliteprospects.com/player/568977/mikhail-goryunov-rolgizer,Mikhail Goryunovrolgizer
Danil Pivchulin (LW),Spartak Moskva,58,12,17,29,0.5,17,2,2025-2026,khl,LW,https://www.eliteprospects.com/player/665906/danil-pivchulin,Danil Pivchulin
Yegor Petukhov (RW),Multiple Teams,58,8,4,12,0.21,14,-21,2025-2026,khl,RW,https://www.eliteprospects.com/player/161211/yegor-petukhov,Yegor Petukhov
Yevgeni Kulik (D),Salavat Yulaev Ufa,58,2,11,13,0.22,20,5,2025-2026,khl,D,https://www.eliteprospects.com/player/106998/yevgeni-kulik,Yevgeni Kulik
Sergei Varlov (D),Salavat Yulaev Ufa,58,1,4,5,0.09,8,9,2025-2026,khl,D,https://www.eliteprospects.com/player/398187/sergei-varlov,Sergei Varlov
Alexander Polunin (LW/RW),Lokomotiv Yaroslavl,58,7,10,17,0.29,22,3,2025-2026,khl,LW/RW,https://www.eliteprospects.com/player/285681/alexander-polunin,Alexander Polunin
Ivan Romanov (RW/LW),Lada Togliatti,58,8,7,15,0.26,16,-1,2025-2026,khl,RW/LW,https://www.eliteprospects.com/player/320907/ivan-romanov,Ivan Romanov
Artyom Minulin (D),Metallurg Magnitogorsk,58,4,15,19,0.33,18,15,2025-2026,khl,D,https://www.eliteprospects.com/player/312207/artyom-minulin,Artyom Minulin
Mac Hollowell (D),Multiple Teams,58,3,16,19,0.33,6,-9,2025-2026,khl,D,https://www.eliteprospects.com/player/267652/mac-hollowell,Mac Hollowell
Austin Wagner (LW/RW),Shanghai Dragons,57,8,9,17,0.3,32,-6,2025-2026,khl,LW/RW,https://www.eliteprospects.com/player/161117/austin-wagner,Austin Wagner
Artyom Shvaryov (C),Amur Khabarovsk,57,6,11,17,0.3,14,-10,2025-2026,khl,C,https://www.eliteprospects.com/player/517830/artyom-shvaryov,Artyom Shvaryov
Tyce Thompson (RW/C),Barys Astana,57,15,10,25,0.44,41,-16,2025-2026,khl,RW/C,https://www.eliteprospects.com/player/201472/tyce-thompson,Tyce Thompson
Yaroslav Dyblenko (D),Amur Khabarovsk,57,4,15,19,0.33,30,-12,2025-2026,khl,D,https://www.eliteprospects.com/player/107064/yaroslav-dyblenko,Yaroslav Dyblenko
Timofei Davydov (D),Severstal Cherepovets,57,2,16,18,0.32,18,10,2025-2026,khl,D,https://www.eliteprospects.com/player/519763/timofei-davydov,Timofei Davydov
Grigori Dronov (D),Traktor Chelyabinsk,57,14,26,40,0.7,64,14,2025-2026,khl,D,https://www.eliteprospects.com/player/370727/grigori-dronov,Grigori Dronov
Nikolai Polyakov (RW/LW),HK Sochi,57,4,5,9,0.16,20,-8,2025-2026,khl,RW/LW,https://www.eliteprospects.com/player/358970/nikolai-polyakov,Nikolai Polyakov
Matvei Nadvorny (RW/LW),Neftekhimik Nizhnekamsk,57,10,4,14,0.25,51,-3,2025-2026,khl,RW/LW,manual_matvei_nadvorny_rw,Matvei Nadvorny
Lucas Lockhart (C),Spartak Moskva,57,10,9,19,0.33,4,2,2025-2026,khl,C,https://www.eliteprospects.com/player/37243/lucas-lockhart,Lucas Lockhart
Yegor Surin (C/LW),Lokomotiv Yaroslavl,57,15,22,37,0.65,43,22,2025-2026,khl,C/LW,https://www.eliteprospects.com/player/835458/yegor-surin,Yegor Surin
Vasili Machulin (D),HK Sochi,57,2,12,14,0.25,34,-9,2025-2026,khl,D,https://www.eliteprospects.com/player/537759/vasili-machulin,Vasili Machulin
Daniil Seroukh (LW),HK Sochi,56,12,20,32,0.57,25,-11,2025-2026,khl,LW,https://www.eliteprospects.com/player/421709/daniil-seroukh,Daniil Seroukh
Alexander Belyayev (RW/LW),Spartak Moskva,56,10,16,26,0.46,33,3,2025-2026,khl,RW/LW,https://www.eliteprospects.com/player/359983/alexander-belyayev,Alexander Belyayev
Viktor Baldayev (D),Amur Khabarovsk,56,0,10,10,0.18,51,4,2025-2026,khl,D,https://www.eliteprospects.com/player/166558/viktor-baldayev,Viktor Baldayev
Andrei Nikonov (C/RW),Traktor Chelyabinsk,56,5,3,8,0.14,33,-4,2025-2026,khl,C/RW,https://www.eliteprospects.com/player/627130/andrei-nikonov,Andrei Nikonov
Sergei Kuznetsov (LW/RW),Dinamo Minsk,56,18,9,27,0.48,27,10,2025-2026,khl,LW/RW,https://www.eliteprospects.com/player/592161/sergei-kuznetsov,Sergei Kuznetsov
Alexander Rykov (RW/LW),Traktor Chelyabinsk,56,8,7,15,0.27,14,3,2025-2026,khl,RW/LW,https://www.eliteprospects.com/player/780049/alexander-rykov,Alexander Rykov
Sergei Shirokov (LW),Sibir Novosibirsk,56,6,12,18,0.32,12,-5,2025-2026,khl,LW,https://www.eliteprospects.com/player/9264/sergei-shirokov,Sergei Shirokov
German Tochilkin (RW/LW),Neftekhimik Nizhnekamsk,56,15,14,29,0.52,16,4,2025-2026,khl,RW/LW,https://www.eliteprospects.com/player/699318/german-tochilkin,German Tochilkin
Brennan Menell (D),SKA St. Petersburg,56,8,9,17,0.3,14,5,2025-2026,khl,D,https://www.eliteprospects.com/player/283890/brennan-menell,Brennan Menell
Danila Galenyuk (D),SKA St. Petersburg,56,1,4,5,0.09,12,2,2025-2026,khl,D,https://www.eliteprospects.com/player/340087/danila-galenyuk,Danila Galenyuk
Joseph Cecconi (D),Avangard Omsk,56,1,15,16,0.29,60,12,2025-2026,khl,D,https://www.eliteprospects.com/player/232945/joseph-cecconi,Joseph Cecconi
Vladislav Valentsov (D),Shanghai Dragons,56,1,5,6,0.11,28,-5,2025-2026,khl,D,https://www.eliteprospects.com/player/250314/vladislav-valentsov,Vladislav Valentsov
Darren Dietz (D),Dinamo Minsk,56,5,18,23,0.41,29,9,2025-2026,khl,D,https://www.eliteprospects.com/player/52798/darren-dietz,Darren Dietz
Denis Guryanov (RW/LW),CSKA Moskva,56,15,7,22,0.39,17,3,2025-2026,khl,RW/LW,https://www.eliteprospects.com/player/263964/denis-guryanov,Denis Guryanov
Maxim Mamin (RW/LW),Dynamo Moskva,56,6,12,18,0.32,22,-13,2025-2026,khl,RW/LW,manual_maxim_mamin_rw,Maxim Mamin
Kirill Savitsky (LW),Barys Astana,56,6,12,18,0.32,18,3,2025-2026,khl,LW,https://www.eliteprospects.com/player/123131/kirill-savitsky,Kirill Savitsky
Marsel Ibragimov (D),Avangard Omsk,55,2,8,10,0.18,19,-1,2025-2026,khl,D,https://www.eliteprospects.com/player/300925/marsel-ibragimov,Marsel Ibragimov
Nikita Tertyshny (LW),Admiral Vladivostok,55,9,13,22,0.4,8,4,2025-2026,khl,LW,https://www.eliteprospects.com/player/357291/nikita-tertyshny,Nikita Tertyshny
Andrei Obidin (C/RW),Lada Togliatti,55,7,2,9,0.16,14,-6,2025-2026,khl,C/RW,https://www.eliteprospects.com/player/269051/andrei-obidin,Andrei Obidin
Vasili Ponomaryov (C),Avangard Omsk,55,14,11,25,0.45,41,20,2025-2026,khl,C,https://www.eliteprospects.com/player/448947/vasili-ponomaryov,Vasili Ponomaryov
Damir Zhafyarov (RW/LW),Neftekhimik Nizhnekamsk,55,12,22,34,0.62,14,3,2025-2026,khl,RW/LW,manual_damir_zhafyarov_rw,Damir Zhafyarov
Kevin Labanc (RW/LW),Shanghai Dragons,55,15,19,34,0.62,60,-24,2025-2026,khl,RW/LW,https://www.eliteprospects.com/player/133841/kevin-labanc,Kevin Labanc
Maxim Denezhkin (C),Avtomobilist Yekaterinburg,55,17,12,29,0.53,14,9,2025-2026,khl,C,https://www.eliteprospects.com/player/360187/maxim-denezhkin,Maxim Denezhkin
Michael McLeod (C/RW),Avangard Omsk,55,22,26,48,0.87,37,22,2025-2026,khl,C/RW,https://www.eliteprospects.com/player/240821/michael-mcleod,Michael Mcleod
Vadim Moroz (LW/RW),Dinamo Minsk,54,14,15,29,0.54,31,4,2025-2026,khl,LW/RW,https://www.eliteprospects.com/player/650741/vadim-moroz,Vadim Moroz
Nikita Popugayev (LW/RW),Shanghai Dragons,54,11,14,25,0.46,8,2,2025-2026,khl,LW/RW,https://www.eliteprospects.com/player/312680/nikita-popugayev,Nikita Popugayev
Nikita Mikhailov (RW/C),Lada Togliatti,54,12,14,26,0.48,20,-14,2025-2026,khl,RW/C,https://www.eliteprospects.com/player/310439/nikita-mikhailov,Nikita Mikhailov
Nikita Zorkin (D),Salavat Yulaev Ufa,54,5,4,9,0.17,22,6,2025-2026,khl,D,https://www.eliteprospects.com/player/396883/nikita-zorkin,Nikita Zorkin
Danila Palivko (D),Metallurg Magnitogorsk,54,3,7,10,0.19,19,-3,2025-2026,khl,D,https://www.eliteprospects.com/player/567517/danila-palivko,Danila Palivko
Maxime Comtois (LW),Dynamo Moskva,54,19,15,34,0.63,77,-12,2025-2026,khl,LW,https://www.eliteprospects.com/player/201534/maxime-comtois,Maxime Comtois
Mikhail Gulyayev (D),Avangard Omsk,54,1,2,3,0.06,14,3,2025-2026,khl,D,https://www.eliteprospects.com/player/700461/mikhail-gulyayev,Mikhail Gulyayev
Kirill Voronin (RW/LW),Multiple Teams,54,5,3,8,0.15,14,-3,2025-2026,khl,RW/LW,https://www.eliteprospects.com/player/106190/kirill-voronin,Kirill Voronin
Maxim Belousov (D),Lada Togliatti,54,2,4,6,0.11,10,-6,2025-2026,khl,D,manual_maxim_belousov_d,Maxim Belousov
Dean Stewart (D),Salavat Yulaev Ufa,54,1,21,22,0.41,34,2,2025-2026,khl,D,https://www.eliteprospects.com/player/247935/dean-stewart,Dean Stewart
Ansar Shaikhmeddenov (C),Barys Astana,54,8,6,14,0.26,14,-6,2025-2026,khl,C,https://www.eliteprospects.com/player/608773/ansar-shaikhmeddenov,Ansar Shaikhmeddenov
Vladislav Firstov (LW),Torpedo Nizhny Novgorod,54,13,13,26,0.48,38,-1,2025-2026,khl,LW,https://www.eliteprospects.com/player/514167/vladislav-firstov,Vladislav Firstov
Mikhail Orlov (D),Multiple Teams,54,2,5,7,0.13,14,-13,2025-2026,khl,D,https://www.eliteprospects.com/player/164193/mikhail-orlov,Mikhail Orlov
Danil Yurtaikin (LW/RW),Multiple Teams,54,9,23,32,0.59,10,-14,2025-2026,khl,LW/RW,https://www.eliteprospects.com/player/265753/danil-yurtaikin,Danil Yurtaikin
Vyacheslav Voynov (D),Avangard Omsk,54,6,5,11,0.2,16,6,2025-2026,khl,D,https://www.eliteprospects.com/player/10627/vyacheslav-voynov,Vyacheslav Voynov
Stanislav Galiyev (LW),Dinamo Minsk,54,20,13,33,0.61,8,12,2025-2026,khl,LW,https://www.eliteprospects.com/player/24635/stanislav-galiyev,Stanislav Galiyev
Yegor Korobkin (RW/LW),Metallurg Magnitogorsk,53,7,8,15,0.28,11,2,2025-2026,khl,RW/LW,https://www.eliteprospects.com/player/312956/yegor-korobkin,Yegor Korobkin
Mikhail Fisenko (C),Ak Bars Kazan,53,6,9,15,0.28,55,6,2025-2026,khl,C,https://www.eliteprospects.com/player/10256/mikhail-fisenko,Mikhail Fisenko
Maxim Sorkin (C),CSKA Moskva,53,9,19,28,0.53,8,2,2025-2026,khl,C,https://www.eliteprospects.com/player/395633/maxim-sorkin,Maxim Sorkin
Dmitri Silantyev (RW),Metallurg Magnitogorsk,53,20,25,45,0.85,8,13,2025-2026,khl,RW,https://www.eliteprospects.com/player/547792/dmitri-silantyev,Dmitri Silantyev
Nikita Artamonov (RW/LW),Multiple Teams,53,3,7,10,0.19,12,-12,2025-2026,khl,RW/LW,manual_nikita_artamonov_rw,Nikita Artamonov
Ivan Klimovich (C),Sibir Novosibirsk,53,4,5,9,0.17,20,3,2025-2026,khl,C,https://www.eliteprospects.com/player/700365/ivan-klimovich,Ivan Klimovich
Nikolai Burenov (D),Severstal Cherepovets,53,2,7,9,0.17,6,-9,2025-2026,khl,D,https://www.eliteprospects.com/player/512827/nikolai-burenov,Nikolai Burenov
Vladimir Grudinin (D),Severstal Cherepovets,53,5,6,11,0.21,16,-7,2025-2026,khl,D,https://www.eliteprospects.com/player/651884/vladimir-grudinin,Vladimir Grudinin
Dinar Khafizullin (D),Neftekhimik Nizhnekamsk,53,0,4,4,0.08,23,-18,2025-2026,khl,D,https://www.eliteprospects.com/player/28106/dinar-khafizullin,Dinar Khafizullin
Luka Profaca (D),Neftekhimik Nizhnekamsk,53,8,8,16,0.3,26,2,2025-2026,khl,D,https://www.eliteprospects.com/player/504320/luka-profaca,Luka Profaca
Pavel Koledov (D),Multiple Teams,52,3,4,7,0.13,16,-7,2025-2026,khl,D,https://www.eliteprospects.com/player/108381/pavel-koledov,Pavel Koledov
Riley Sutter (C),Shanghai Dragons,52,7,14,21,0.4,32,-7,2025-2026,khl,C,https://www.eliteprospects.com/player/281307/riley-sutter,Riley Sutter
Mikhail Fyodorov (RW/LW),Metallurg Magnitogorsk,52,7,6,13,0.25,35,-5,2025-2026,khl,RW/LW,https://www.eliteprospects.com/player/853774/mikhail-fyodorov,Mikhail Fyodorov
Daniel Sprong (LW/RW),Multiple Teams,52,30,34,64,1.23,38,15,2025-2026,khl,LW/RW,manual_daniel_sprong_lw,Daniel Sprong
Daniil Sotishvili (RW/LW),Dinamo Minsk,52,8,10,18,0.35,12,10,2025-2026,khl,RW/LW,https://www.eliteprospects.com/player/650723/daniil-sotishvili,Daniil Sotishvili
Stepan Khripunov (LW/C),Avtomobilist Yekaterinburg,52,6,10,16,0.31,20,10,2025-2026,khl,LW/C,https://www.eliteprospects.com/player/210512/stepan-khripunov,Stepan Khripunov
Grigori Seleznyov (RW),Neftekhimik Nizhnekamsk,52,8,8,16,0.31,2,0,2025-2026,khl,RW,https://www.eliteprospects.com/player/591434/grigori-seleznyov,Grigori Seleznyov
Max Ellis (RW),Multiple Teams,52,16,14,30,0.58,25,-7,2025-2026,khl,RW,https://www.eliteprospects.com/player/283933/max-ellis,Max Ellis
Andrei Pribylsky (D),Traktor Chelyabinsk,52,1,5,6,0.12,16,7,2025-2026,khl,D,https://www.eliteprospects.com/player/395855/andrei-pribylsky,Andrei Pribylsky
Stepan Falkovsky (D),Ak Bars Kazan,52,2,11,13,0.25,12,20,2025-2026,khl,D,https://www.eliteprospects.com/player/248808/stepan-falkovsky,Stepan Falkovsky
Troy Josephs (C/LW),Multiple Teams,52,8,14,22,0.42,28,-4,2025-2026,khl,C/LW,https://www.eliteprospects.com/player/117744/troy-josephs,Troy Josephs
Jake Bischoff (D),Shanghai Dragons,52,2,7,9,0.17,51,-15,2025-2026,khl,D,https://www.eliteprospects.com/player/180081/jake-bischoff,Jake Bischoff
Semyon Kizimov (RW),Avtomobilist Yekaterinburg,52,11,14,25,0.48,22,7,2025-2026,khl,RW,https://www.eliteprospects.com/player/420947/semyon-kizimov,Semyon Kizimov
Maxim Fedotov (D),Neftekhimik Nizhnekamsk,52,4,20,24,0.46,38,-4,2025-2026,khl,D,https://www.eliteprospects.com/player/627118/maxim-fedotov,Maxim Fedotov
Ilya Ivantsov (C),Severstal Cherepovets,52,6,17,23,0.44,14,0,2025-2026,khl,C,https://www.eliteprospects.com/player/527463/ilya-ivantsov,Ilya Ivantsov
Alexander Galchenyuk (C/RW),Amur Khabarovsk,52,13,17,30,0.58,14,2,2025-2026,khl,C/RW,https://www.eliteprospects.com/player/74611/alexander-galchenyuk,Alexander Galchenyuk
Cameron Lee (D),Multiple Teams,52,2,20,22,0.42,31,-25,2025-2026,khl,D,https://www.eliteprospects.com/player/234791/cameron-lee,Cameron Lee
Jean-Christophe Beaudin (C),HK Sochi,51,5,10,15,0.29,23,-24,2025-2026,khl,C,https://www.eliteprospects.com/player/204169/jean-christophe-beaudin,Jeanchristophe Beaudin
Sergei Boikov (D),Torpedo Nizhny Novgorod,51,0,4,4,0.08,29,0,2025-2026,khl,D,https://www.eliteprospects.com/player/218306/sergei-boikov,Sergei Boikov
Nikita Soshnikov (RW/C),Multiple Teams,51,7,17,24,0.47,20,-17,2025-2026,khl,RW/C,https://www.eliteprospects.com/player/94676/nikita-soshnikov,Nikita Soshnikov
Nikita Khlystov (D),Neftekhimik Nizhnekamsk,51,1,9,10,0.2,20,-2,2025-2026,khl,D,https://www.eliteprospects.com/player/164693/nikita-khlystov,Nikita Khlystov
Adam Ruzicka (C/RW),Spartak Moskva,51,16,24,40,0.78,18,-13,2025-2026,khl,C/RW,https://www.eliteprospects.com/player/228366/adam-ruzicka,Adam Ruzicka
Pavel Poryadin (RW),Spartak Moskva,51,15,22,37,0.73,14,-2,2025-2026,khl,RW,https://www.eliteprospects.com/player/230171/pavel-poryadin,Pavel Poryadin
Nikita Dynyak (LW),Ak Bars Kazan,51,6,10,16,0.31,40,5,2025-2026,khl,LW,https://www.eliteprospects.com/player/300950/nikita-dynyak,Nikita Dynyak
Dmitri Deryabin (D),Admiral Vladivostok,50,2,4,6,0.12,31,-8,2025-2026,khl,D,https://www.eliteprospects.com/player/383096/dmitri-deryabin,Dmitri Deryabin
Nikita Nedopyokin (C),SKA St. Petersburg,50,3,4,7,0.14,20,1,2025-2026,khl,C,manual_nikita_nedopyokin_c,Nikita Nedopyokin
Stéphane Da Costa (C),Avtomobilist Yekaterinburg,50,15,29,44,0.88,12,19,2025-2026,khl,C,https://www.eliteprospects.com/player/14394/stephane-da-costa,Stephane Da Costa
Valentin Zykov (LW/RW),SKA St. Petersburg,50,13,13,26,0.52,34,2,2025-2026,khl,LW/RW,https://www.eliteprospects.com/player/155382/valentin-zykov,Valentin Zykov
Alexei Vasilevsky (D),Salavat Yulaev Ufa,50,3,4,7,0.14,18,0,2025-2026,khl,D,https://www.eliteprospects.com/player/58554/alexei-vasilevsky,Alexei Vasilevsky
Noel Hoefenmayer (D),HK Sochi,50,7,16,23,0.46,20,-24,2025-2026,khl,D,https://www.eliteprospects.com/player/201670/noel-hoefenmayer,Noel Hoefenmayer
Alikhan Asetov (RW/LW),Barys Astana,50,6,7,13,0.26,25,-3,2025-2026,khl,RW/LW,https://www.eliteprospects.com/player/242288/alikhan-asetov,Alikhan Asetov
Colby Williams (D),Multiple Teams,50,2,8,10,0.2,22,1,2025-2026,khl,D,https://www.eliteprospects.com/player/85035/colby-williams,Colby Williams
Chase Priskie (D),Sibir Novosibirsk,50,4,20,24,0.48,12,-6,2025-2026,khl,D,https://www.eliteprospects.com/player/177666/chase-priskie,Chase Priskie
Vyacheslav Osnovin (C),Multiple Teams,50,4,11,15,0.3,28,-6,2025-2026,khl,C,https://www.eliteprospects.com/player/123055/vyacheslav-osnovin,Vyacheslav Osnovin
Ilya Nikolayev (D),HK Sochi,50,1,10,11,0.22,26,-3,2025-2026,khl,D,https://www.eliteprospects.com/player/519782/ilya-nikolayev,Ilya Nikolayev
Timur Akhiyarov (D),Sibir Novosibirsk,50,5,5,10,0.2,14,-6,2025-2026,khl,D,https://www.eliteprospects.com/player/379886/timur-akhiyarov,Timur Akhiyarov
German Rubtsov (C),Spartak Moskva,50,14,16,30,0.6,8,-4,2025-2026,khl,C,https://www.eliteprospects.com/player/312227/german-rubtsov,German Rubtsov
Fyodor Gordeyev (D),Sibir Novosibirsk,50,1,6,7,0.14,14,-26,2025-2026,khl,D,https://www.eliteprospects.com/player/273797/fyodor-gordeyev,Fyodor Gordeyev
Matvei Guskov (C/LW),HK Sochi,50,10,22,32,0.64,39,-2,2025-2026,khl,C/LW,https://www.eliteprospects.com/player/450910/matvei-guskov,Matvei Guskov
Fredrik Claesson (D),Dynamo Moskva,50,1,6,7,0.14,12,-5,2025-2026,khl,D,https://www.eliteprospects.com/player/14412/fredrik-claesson,Fredrik Claesson
Timur Khairullin (D),Neftekhimik Nizhnekamsk,49,4,4,8,0.16,30,0,2025-2026,khl,D,https://www.eliteprospects.com/player/398165/timur-khairullin,Timur Khairullin
Danil Veryayev (RW/LW),Severstal Cherepovets,49,6,14,20,0.41,6,4,2025-2026,khl,RW/LW,https://www.eliteprospects.com/player/312214/danil-veryayev,Danil Veryayev
Alexander Bryntsev (D),Shanghai Dragons,49,2,5,7,0.14,16,-3,2025-2026,khl,D,https://www.eliteprospects.com/player/216571/alexander-bryntsev,Alexander Bryntsev
Nikolai Chebykin (RW),Severstal Cherepovets,49,8,20,28,0.57,16,9,2025-2026,khl,RW,https://www.eliteprospects.com/player/300931/nikolai-chebykin,Nikolai Chebykin
Andrei Pedan (D),SKA St. Petersburg,49,5,10,15,0.31,42,13,2025-2026,khl,D,https://www.eliteprospects.com/player/79402/andrei-pedan,Andrei Pedan
Ivan Muranov (RW),Admiral Vladivostok,49,2,3,5,0.1,9,-7,2025-2026,khl,RW,https://www.eliteprospects.com/player/339463/ivan-muranov,Ivan Muranov
Mikhail Naumenkov (D),Torpedo Nizhny Novgorod,48,1,1,2,0.04,22,-2,2025-2026,khl,D,https://www.eliteprospects.com/player/77240/mikhail-naumenkov,Mikhail Naumenkov
Ivan Nikolishin (C),Multiple Teams,48,2,12,14,0.29,12,-5,2025-2026,khl,C,https://www.eliteprospects.com/player/168681/ivan-nikolishin,Ivan Nikolishin
Ivan Savchik (C/RW),Lada Togliatti,48,7,2,9,0.19,16,5,2025-2026,khl,C/RW,https://www.eliteprospects.com/player/398634/ivan-savchik,Ivan Savchik
Dmitri Samorukov (D),CSKA Moskva,48,3,7,10,0.21,14,-1,2025-2026,khl,D,https://www.eliteprospects.com/player/312819/dmitri-samorukov,Dmitri Samorukov
Alexander Komarov (D),Salavat Yulaev Ufa,48,0,3,3,0.06,24,-8,2025-2026,khl,D,https://www.eliteprospects.com/player/570486/alexander-komarov,Alexander Komarov
Andrei Loktionov (C),Multiple Teams,48,1,9,10,0.21,15,-11,2025-2026,khl,C,https://www.eliteprospects.com/player/11867/andrei-loktionov,Andrei Loktionov
Mikhail Vorobyov (C),SKA St. Petersburg,48,7,26,33,0.69,14,9,2025-2026,khl,C,https://www.eliteprospects.com/player/285679/mikhail-vorobyov,Mikhail Vorobyov
Brooks Macek (RW/C),Avtomobilist Yekaterinburg,48,14,21,35,0.73,25,5,2025-2026,khl,RW/C,https://www.eliteprospects.com/player/32758/brooks-macek,Brooks Macek
Brady Lyle (D),Dinamo Minsk,48,2,10,12,0.25,31,2,2025-2026,khl,D,https://www.eliteprospects.com/player/201657/brady-lyle,Brady Lyle
Kirill Panyukov (LW/RW),Barys Astana,48,7,6,13,0.27,14,-3,2025-2026,khl,LW/RW,https://www.eliteprospects.com/player/271183/kirill-panyukov,Kirill Panyukov
Alexei Solovyov (D),Amur Khabarovsk,47,0,7,7,0.15,16,-9,2025-2026,khl,D,https://www.eliteprospects.com/player/225496/alexei-solovyov,Alexei Solovyov
Anton Malyshev (D),HK Sochi,47,2,2,4,0.09,33,-15,2025-2026,khl,D,https://www.eliteprospects.com/player/339472/anton-malyshev,Anton Malyshev
Sergei Artemyev (C),Dynamo Moskva,47,2,4,6,0.13,6,-4,2025-2026,khl,C,manual_sergei_artemyev_c,Sergei Artemyev
Ansel Galimov (RW/C),Multiple Teams,47,6,3,9,0.19,8,-4,2025-2026,khl,RW/C,https://www.eliteprospects.com/player/100695/ansel-galimov,Ansel Galimov
Yegor Zaitsev (D),Multiple Teams,47,0,7,7,0.15,33,4,2025-2026,khl,D,https://www.eliteprospects.com/player/312209/yegor-zaitsev,Yegor Zaitsev
Ilya Sushko (D),HK Sochi,47,1,2,3,0.06,16,-13,2025-2026,khl,D,https://www.eliteprospects.com/player/274760/ilya-sushko,Ilya Sushko
Nail Yakupov (RW/LW),Avangard Omsk,47,11,9,20,0.43,20,1,2025-2026,khl,RW/LW,https://www.eliteprospects.com/player/21228/nail-yakupov,Nail Yakupov
Yegor Savikov (D),SKA St. Petersburg,47,5,17,22,0.47,18,3,2025-2026,khl,D,https://www.eliteprospects.com/player/629427/yegor-savikov,Yegor Savikov
Kirill Dolzhenkov (RW/LW),Multiple Teams,47,6,6,12,0.26,14,-3,2025-2026,khl,RW/LW,https://www.eliteprospects.com/player/620329/kirill-dolzhenkov,Kirill Dolzhenkov
Andrei Kozlov (C/RW),Metallurg Magnitogorsk,47,7,9,16,0.34,8,4,2025-2026,khl,C/RW,https://www.eliteprospects.com/player/797717/andrei-kozlov,Andrei Kozlov
Xavier Ouellet (D),Dinamo Minsk,46,6,18,24,0.52,18,-3,2025-2026,khl,D,https://www.eliteprospects.com/player/45164/xavier-ouellet,Xavier Ouellet
Ignat Korotkikh (C),Multiple Teams,45,9,13,22,0.49,24,-3,2025-2026,khl,C,https://www.eliteprospects.com/player/595265/ignat-korotkikh,Ignat Korotkikh
Alexander Volkov (RW/LW),Avangard Omsk,45,10,12,22,0.49,16,9,2025-2026,khl,RW/LW,https://www.eliteprospects.com/player/277802/alexander-volkov,Alexander Volkov
Maxim Osipov (D),Avtomobilist Yekaterinburg,45,3,9,12,0.27,34,19,2025-2026,khl,D,https://www.eliteprospects.com/player/158499/maxim-osipov,Maxim Osipov
Alex Broadhurst (C),Amur Khabarovsk,45,8,12,20,0.44,10,-13,2025-2026,khl,C,https://www.eliteprospects.com/player/90896/alex-broadhurst,Alex Broadhurst
Adam Liska (RW/LW),Severstal Cherepovets,45,19,16,35,0.78,6,5,2025-2026,khl,RW/LW,https://www.eliteprospects.com/player/269279/adam-liska,Adam Liska
Vladislav Yeryomenko (D),CSKA Moskva,45,1,2,3,0.07,12,3,2025-2026,khl,D,https://www.eliteprospects.com/player/383083/vladislav-yeryomenko,Vladislav Yeryomenko
Matvei Zaseda (LW),Multiple Teams,45,8,8,16,0.36,4,1,2025-2026,khl,LW,https://www.eliteprospects.com/player/338776/matvei-zaseda,Matvei Zaseda
Ivan Morozov (C),Spartak Moskva,44,11,17,28,0.64,49,-4,2025-2026,khl,C,https://www.eliteprospects.com/player/396897/ivan-morozov,Ivan Morozov
Roman Kalinichenko (D),Multiple Teams,44,2,2,4,0.09,20,-16,2025-2026,khl,D,https://www.eliteprospects.com/player/395155/roman-kalinichenko,Roman Kalinichenko
Mikhail Abramov (C),Multiple Teams,44,13,10,23,0.52,10,-5,2025-2026,khl,C,https://www.eliteprospects.com/player/514653/mikhail-abramov,Mikhail Abramov
Ilya Reingardt (RW/LW),Multiple Teams,44,3,7,10,0.23,9,1,2025-2026,khl,RW/LW,https://www.eliteprospects.com/player/698863/ilya-reingardt,Ilya Reingardt
Yegor Zelenov (D),SKA St. Petersburg,44,2,2,4,0.09,10,8,2025-2026,khl,D,manual_yegor_zelenov_d,Yegor Zelenov
Alexander Dergachyov (C),Neftekhimik Nizhnekamsk,44,3,14,17,0.39,23,-7,2025-2026,khl,C,https://www.eliteprospects.com/player/231966/alexander-dergachyov,Alexander Dergachyov
Nikita Setdikov (RW),Lada Togliatti,44,6,13,19,0.43,10,4,2025-2026,khl,RW,https://www.eliteprospects.com/player/210510/nikita-setdikov,Nikita Setdikov
Danil Alalykin (C/LW),Salavat Yulaev Ufa,44,6,14,20,0.45,10,-5,2025-2026,khl,C/LW,https://www.eliteprospects.com/player/518584/danil-alalykin,Danil Alalykin
Vladimir Kuznetsov (LW/RW),Shanghai Dragons,44,8,6,14,0.32,8,-4,2025-2026,khl,LW/RW,https://www.eliteprospects.com/player/309244/vladimir-kuznetsov,Vladimir Kuznetsov
Vladimir Butuzov (RW),Multiple Teams,44,2,6,8,0.18,16,-2,2025-2026,khl,RW,https://www.eliteprospects.com/player/160606/vladimir-butuzov,Vladimir Butuzov
Nikita Pyshkaylo (C),Dinamo Minsk,44,6,5,11,0.25,8,-5,2025-2026,khl,C,https://www.eliteprospects.com/player/490236/nikita-pyshkaylo,Nikita Pyshkaylo
Max Willman (LW),Barys Astana,44,8,10,18,0.41,18,-19,2025-2026,khl,LW,https://www.eliteprospects.com/player/300657/max-willman,Max Willman
Dmitri Buchelnikov (LW),CSKA Moskva,44,14,11,25,0.57,10,-1,2025-2026,khl,LW,https://www.eliteprospects.com/player/698717/dmitri-buchelnikov,Dmitri Buchelnikov
Danila Kvartalnov (C),Neftekhimik Nizhnekamsk,44,0,5,5,0.11,4,-1,2025-2026,khl,C,https://www.eliteprospects.com/player/265483/danila-kvartalnov,Danila Kvartalnov
Fyodor Kroshchinsky (D),Multiple Teams,44,1,6,7,0.16,27,-3,2025-2026,khl,D,https://www.eliteprospects.com/player/530490/fyodor-kroshchinsky,Fyodor Kroshchinsky
Rafael Bikmullin (C/RW),HK Sochi,43,6,8,14,0.33,31,-10,2025-2026,khl,C/RW,https://www.eliteprospects.com/player/312581/rafael-bikmullin,Rafael Bikmullin
Danil Bashkirov (RW),Multiple Teams,43,2,6,8,0.19,12,-11,2025-2026,khl,RW,https://www.eliteprospects.com/player/396889/danil-bashkirov,Danil Bashkirov
Matvei Korotky (C),SKA St. Petersburg,43,14,13,27,0.63,8,3,2025-2026,khl,C,https://www.eliteprospects.com/player/803120/matvei-korotky,Matvei Korotky
Artur Brovkin (RW),Ak Bars Kazan,43,1,8,9,0.21,6,0,2025-2026,khl,RW,https://www.eliteprospects.com/player/398455/artur-brovkin,Artur Brovkin
Reid Boucher (RW),Avtomobilist Yekaterinburg,43,17,25,42,0.98,6,6,2025-2026,khl,RW,https://www.eliteprospects.com/player/38620/reid-boucher,Reid Boucher
Daniel Usmanov (C),Multiple Teams,43,3,9,12,0.28,8,2,2025-2026,khl,C,https://www.eliteprospects.com/player/663596/daniel-usmanov,Daniel Usmanov
Alexander Yaremchuk (C/RW),Multiple Teams,43,5,7,12,0.28,10,-1,2025-2026,khl,C/RW,https://www.eliteprospects.com/player/359974/alexander-yaremchuk,Alexander Yaremchuk
Artyom Kashtanov (C/RW),Avtomobilist Yekaterinburg,43,5,7,12,0.28,8,4,2025-2026,khl,C/RW,https://www.eliteprospects.com/player/709006/artyom-kashtanov,Artyom Kashtanov
Vladimir Alistrov (RW/LW),Ak Bars Kazan,43,8,11,19,0.44,17,-1,2025-2026,khl,RW/LW,https://www.eliteprospects.com/player/514635/vladimir-alistrov,Vladimir Alistrov
Vladislav Provolnev (D),CSKA Moskva,43,1,6,7,0.16,27,-5,2025-2026,khl,D,https://www.eliteprospects.com/player/230163/vladislav-provolnev,Vladislav Provolnev
Alexander Pashin (RW),Spartak Moskva,42,4,13,17,0.4,10,-1,2025-2026,khl,RW,https://www.eliteprospects.com/player/568059/alexander-pashin,Alexander Pashin
Joshua Brook (D),Dinamo Minsk,42,1,8,9,0.21,19,20,2025-2026,khl,D,https://www.eliteprospects.com/player/201551/joshua-brook,Joshua Brook
Kirill Tankov (C/RW),Severstal Cherepovets,42,9,4,13,0.31,15,4,2025-2026,khl,C/RW,https://www.eliteprospects.com/player/292126/kirill-tankov,Kirill Tankov
Ilya Talaluyev (LW),Multiple Teams,42,7,10,17,0.4,21,1,2025-2026,khl,LW,https://www.eliteprospects.com/player/383446/ilya-talaluyev,Ilya Talaluyev
Alexei Kruchinin (C/LW),Torpedo Nizhny Novgorod,42,6,23,29,0.69,8,-8,2025-2026,khl,C/LW,manual_alexei_kruchinin_c,Alexei Kruchinin
Vitali Kravtsov (RW/LW),Traktor Chelyabinsk,42,14,23,37,0.88,6,10,2025-2026,khl,RW/LW,https://www.eliteprospects.com/player/379749/vitali-kravtsov,Vitali Kravtsov
Dmytro Timashov (RW/LW),Admiral Vladivostok,42,4,9,13,0.31,26,-3,2025-2026,khl,RW/LW,https://www.eliteprospects.com/player/115161/dmytro-timashov,Dmytro Timashov
Brandon Biro (C/LW),Multiple Teams,42,2,13,15,0.36,6,10,2025-2026,khl,C/LW,https://www.eliteprospects.com/player/154069/brandon-biro,Brandon Biro
Denis Alexeyev (C/RW),Lokomotiv Yaroslavl,41,2,8,10,0.24,4,-2,2025-2026,khl,C/RW,https://www.eliteprospects.com/player/265764/denis-alexeyev,Denis Alexeyev
Christian Jaros (D),Spartak Moskva,41,1,11,12,0.29,31,3,2025-2026,khl,D,https://www.eliteprospects.com/player/166373/christian-jaros,Christian Jaros
Vladislav Kara (RW),Multiple Teams,41,4,2,6,0.15,13,-24,2025-2026,khl,RW,https://www.eliteprospects.com/player/322627/vladislav-kara,Vladislav Kara
Anatoli Golyshev (RW),Avtomobilist Yekaterinburg,41,9,8,17,0.41,10,13,2025-2026,khl,RW,https://www.eliteprospects.com/player/205469/anatoli-golyshev,Anatoli Golyshev
Timur Mukhanov (LW),Multiple Teams,41,5,2,7,0.17,14,-13,2025-2026,khl,LW,https://www.eliteprospects.com/player/708561/timur-mukhanov,Timur Mukhanov
Pavel Akolzin (RW/LW),Shanghai Dragons,40,4,5,9,0.23,7,-11,2025-2026,khl,RW/LW,https://www.eliteprospects.com/player/38675/pavel-akolzin,Pavel Akolzin
Ilya Kvochko (C/RW),Severstal Cherepovets,40,6,11,17,0.43,8,0,2025-2026,khl,C/RW,https://www.eliteprospects.com/player/698623/ilya-kvochko,Ilya Kvochko
Vladislav Barulin (C/RW),Neftekhimik Nizhnekamsk,40,7,10,17,0.43,6,-24,2025-2026,khl,C/RW,https://www.eliteprospects.com/player/250363/vladislav-barulin,Vladislav Barulin
Vyacheslav Leshchenko (RW),Sibir Novosibirsk,40,10,4,14,0.35,19,3,2025-2026,khl,RW,https://www.eliteprospects.com/player/218244/vyacheslav-leshchenko,Vyacheslav Leshchenko
Dmitri Yudin (D),Avtomobilist Yekaterinburg,40,1,9,10,0.25,24,0,2025-2026,khl,D,https://www.eliteprospects.com/player/186589/dmitri-yudin,Dmitri Yudin
Denis Vengryzhanovsky (LW),HK Sochi,40,9,2,11,0.28,10,-15,2025-2026,khl,LW,https://www.eliteprospects.com/player/512711/denis-vengryzhanovsky,Denis Vengryzhanovsky
Grigori Vashchenko (D),Severstal Cherepovets,40,1,5,6,0.15,8,3,2025-2026,khl,D,https://www.eliteprospects.com/player/216625/grigori-vashchenko,Grigori Vashchenko
Joseph Duszak (D),Multiple Teams,39,0,13,13,0.33,34,-11,2025-2026,khl,D,https://www.eliteprospects.com/player/262071/joseph-duszak,Joseph Duszak
Mark Ulyev (D),Lokomotiv Yaroslavl,39,0,5,5,0.13,4,8,2025-2026,khl,D,https://www.eliteprospects.com/player/779956/mark-ulyev,Mark Ulyev
Dmitri Vishnevsky (D),Spartak Moskva,39,3,13,16,0.41,14,-3,2025-2026,khl,D,https://www.eliteprospects.com/player/24786/dmitri-vishnevsky,Dmitri Vishnevsky
Alexei Churkin (RW),CSKA Moskva,39,1,3,4,0.1,6,6,2025-2026,khl,RW,https://www.eliteprospects.com/player/708626/alexei-churkin,Alexei Churkin
Artyom Pimenov (C),Salavat Yulaev Ufa,39,2,7,9,0.23,6,2,2025-2026,khl,C,https://www.eliteprospects.com/player/265515/artyom-pimenov,Artyom Pimenov
Ilya Chefanov (RW),Multiple Teams,39,3,5,8,0.21,6,-1,2025-2026,khl,RW,https://www.eliteprospects.com/player/514146/ilya-chefanov,Ilya Chefanov
Daniil Sobolev (D),Spartak Moskva,39,1,2,3,0.08,20,-9,2025-2026,khl,D,manual_daniil_sobolev_d,Daniil Sobolev
Yevgeni Groshev (RW/C),Lada Togliatti,39,4,3,7,0.18,6,-2,2025-2026,khl,RW/C,https://www.eliteprospects.com/player/339549/yevgeni-groshev,Yevgeni Groshev
Anton Kosolapov (LW),Multiple Teams,39,17,21,38,0.97,2,6,2025-2026,khl,LW,https://www.eliteprospects.com/player/537761/anton-kosolapov,Anton Kosolapov
Ilya Fedotov (LW),Multiple Teams,39,3,6,9,0.23,21,1,2025-2026,khl,LW,https://www.eliteprospects.com/player/700155/ilya-fedotov,Ilya Fedotov
Nikita Tryamkin (D),Avtomobilist Yekaterinburg,39,5,8,13,0.33,73,24,2025-2026,khl,D,https://www.eliteprospects.com/player/123119/nikita-tryamkin,Nikita Tryamkin
Luke Johnson (C),Metallurg Magnitogorsk,39,10,7,17,0.44,26,0,2025-2026,khl,C,https://www.eliteprospects.com/player/94247/luke-johnson,Luke Johnson
Ryan Spooner (C),Multiple Teams,39,5,24,29,0.74,10,-2,2025-2026,khl,C,https://www.eliteprospects.com/player/23117/ryan-spooner,Ryan Spooner
Denis Yan (LW/RW),Salavat Yulaev Ufa,38,8,4,12,0.32,14,-11,2025-2026,khl,LW/RW,https://www.eliteprospects.com/player/183259/denis-yan,Denis Yan
Sheldon Rempal (RW/LW),Salavat Yulaev Ufa,38,15,31,46,1.21,38,9,2025-2026,khl,RW/LW,https://www.eliteprospects.com/player/142304/sheldon-rempal,Sheldon Rempal
Andrei Sergeyev (D),Lokomotiv Yaroslavl,38,2,12,14,0.37,10,7,2025-2026,khl,D,https://www.eliteprospects.com/player/34772/andrei-sergeyev,Andrei Sergeyev
Nikita Shavin (RW/LW),Torpedo Nizhny Novgorod,38,8,5,13,0.34,20,2,2025-2026,khl,RW/LW,manual_nikita_shavin_rw,Nikita Shavin
Wyatt Kalynuk (D),Multiple Teams,38,2,7,9,0.24,24,-18,2025-2026,khl,D,https://www.eliteprospects.com/player/196651/wyatt-kalynuk,Wyatt Kalynuk
Daniil Bokun (D),Multiple Teams,38,0,1,1,0.03,18,-11,2025-2026,khl,D,https://www.eliteprospects.com/player/238903/daniil-bokun,Daniil Bokun
Maxim Sushko (RW/C),Multiple Teams,38,2,5,7,0.18,12,1,2025-2026,khl,RW/C,https://www.eliteprospects.com/player/313615/maxim-sushko,Maxim Sushko
Makar Fomin (D),Severstal Cherepovets,38,0,3,3,0.08,18,2,2025-2026,khl,D,https://www.eliteprospects.com/player/835508/makar-fomin,Makar Fomin
Richard Pánik (RW/LW),Lokomotiv Yaroslavl,38,4,11,15,0.39,18,9,2025-2026,khl,RW/LW,https://www.eliteprospects.com/player/11849/richard-panik,Richard Panik
Alexei Pustozyorov (RW/LW),Ak Bars Kazan,38,8,12,20,0.53,12,1,2025-2026,khl,RW/LW,https://www.eliteprospects.com/player/395128/alexei-pustozyorov,Alexei Pustozyorov
Alexander Siryatsky (D),Metallurg Magnitogorsk,37,2,3,5,0.14,14,-4,2025-2026,khl,D,https://www.eliteprospects.com/player/804998/alexander-siryatsky,Alexander Siryatsky
Pyotr Khokhryakov (C),Salavat Yulaev Ufa,37,0,4,4,0.11,8,4,2025-2026,khl,C,https://www.eliteprospects.com/player/30520/pyotr-khokhryakov,Pyotr Khokhryakov
Yuri Pautov (D),Avtomobilist Yekaterinburg,37,2,4,6,0.16,24,2,2025-2026,khl,D,https://www.eliteprospects.com/player/214971/yuri-pautov,Yuri Pautov
Valentin Pyanov (C),Sibir Novosibirsk,37,2,4,6,0.16,4,-10,2025-2026,khl,C,https://www.eliteprospects.com/player/43830/valentin-pyanov,Valentin Pyanov
Dmitri Kagarlitsky (LW),HK Sochi,37,6,11,17,0.46,16,-4,2025-2026,khl,LW,https://www.eliteprospects.com/player/11862/dmitri-kagarlitsky,Dmitri Kagarlitsky
Alexander Volkov (C/RW),Lokomotiv Yaroslavl,36,4,6,10,0.28,6,1,2025-2026,khl,C/RW,https://www.eliteprospects.com/player/539225/alexander-volkov,Alexander Volkov
Alexander Filatyev (C),Amur Khabarovsk,36,4,8,12,0.33,6,5,2025-2026,khl,C,https://www.eliteprospects.com/player/708981/alexander-filatyev,Alexander Filatyev
Nikita Yefremov (D),Multiple Teams,36,3,3,6,0.17,12,-5,2025-2026,khl,D,https://www.eliteprospects.com/player/502771/nikita-yefremov,Nikita Yefremov
Alexander Khokhlachyov (RW/C),Multiple Teams,36,9,6,15,0.42,14,-5,2025-2026,khl,RW/C,https://www.eliteprospects.com/player/41925/alexander-khokhlachyov,Alexander Khokhlachyov
Fyodor Avramov (LW/RW),HK Sochi,36,2,0,2,0.06,6,-6,2025-2026,khl,LW/RW,https://www.eliteprospects.com/player/803418/fyodor-avramov,Fyodor Avramov
Artyom Kuzin (C),Lokomotiv Yaroslavl,35,0,2,2,0.06,38,-1,2025-2026,khl,C,manual_artyom_kuzin_c,Artyom Kuzin
Alexander Lukin (D),Multiple Teams,35,1,2,3,0.09,29,-9,2025-2026,khl,D,https://www.eliteprospects.com/player/526241/alexander-lukin,Alexander Lukin
Ilya Khokhlov (D),Multiple Teams,35,1,2,3,0.09,19,-9,2025-2026,khl,D,https://www.eliteprospects.com/player/160559/ilya-khokhlov,Ilya Khokhlov
Yegor Chernikov (C),Avtomobilist Yekaterinburg,35,4,5,9,0.26,4,-4,2025-2026,khl,C,https://www.eliteprospects.com/player/577719/yegor-chernikov,Yegor Chernikov
Ilya Nikolayev (C/LW),Lokomotiv Yaroslavl,35,3,2,5,0.14,12,1,2025-2026,khl,C/LW,https://www.eliteprospects.com/player/514152/ilya-nikolayev,Ilya Nikolayev
Mário Grman (D),Admiral Vladivostok,35,1,4,5,0.14,14,-3,2025-2026,khl,D,https://www.eliteprospects.com/player/173157/mario-grman,Mario Grman
Artur Gizdatullin (C),Amur Khabarovsk,35,1,7,8,0.23,2,-6,2025-2026,khl,C,https://www.eliteprospects.com/player/301510/artur-gizdatullin,Artur Gizdatullin
Mario Patalakha (D),Dynamo Moskva,34,1,1,2,0.06,4,-1,2025-2026,khl,D,https://www.eliteprospects.com/player/779983/mario-patalakha,Mario Patalakha
Pavel Gogolev (LW/RW),Multiple Teams,34,3,2,5,0.15,16,-4,2025-2026,khl,LW/RW,https://www.eliteprospects.com/player/297757/pavel-gogolev,Pavel Gogolev
Kirill Rasskazov (C),Multiple Teams,34,4,2,6,0.18,6,-10,2025-2026,khl,C,https://www.eliteprospects.com/player/106193/kirill-rasskazov,Kirill Rasskazov
Konstantin Luchevnikov (D),Ak Bars Kazan,34,0,5,5,0.15,10,-2,2025-2026,khl,D,https://www.eliteprospects.com/player/212423/konstantin-luchevnikov,Konstantin Luchevnikov
Yevgeni Svechnikov (RW/LW),Amur Khabarovsk,34,8,8,16,0.47,40,-8,2025-2026,khl,RW/LW,https://www.eliteprospects.com/player/168679/yevgeni-svechnikov,Yevgeni Svechnikov
Yevgeni Kuznetsov (C/RW),Multiple Teams,34,7,20,27,0.79,18,7,2025-2026,khl,C/RW,https://www.eliteprospects.com/player/34777/yevgeni-kuznetsov,Yevgeni Kuznetsov
Kirill Pilipenko (RW),Multiple Teams,34,7,2,9,0.26,4,0,2025-2026,khl,RW,https://www.eliteprospects.com/player/213807/kirill-pilipenko,Kirill Pilipenko
Ilya Lyuzenkov (C),Sibir Novosibirsk,34,1,3,4,0.12,2,-7,2025-2026,khl,C,https://www.eliteprospects.com/player/828103/ilya-lyuzenkov,Ilya Lyuzenkov
Artur Faizov (RW/C),Salavat Yulaev Ufa,34,4,2,6,0.18,6,-5,2025-2026,khl,RW/C,manual_artur_faizov_rw,Artur Faizov
Artyom Zhukov (D),Multiple Teams,33,0,1,1,0.03,16,-12,2025-2026,khl,D,https://www.eliteprospects.com/player/547035/artyom-zhukov,Artyom Zhukov
Stepan Terekhov (D),Ak Bars Kazan,33,1,2,3,0.09,6,14,2025-2026,khl,D,https://www.eliteprospects.com/player/709050/stepan-terekhov,Stepan Terekhov
Andrei Churkin (D),Sibir Novosibirsk,33,1,3,4,0.12,16,-6,2025-2026,khl,D,https://www.eliteprospects.com/player/273485/andrei-churkin,Andrei Churkin
Taylor Beck (RW/C),Sibir Novosibirsk,33,8,19,27,0.82,28,-4,2025-2026,khl,RW/C,manual_taylor_beck_rw,Taylor Beck
Shane Prince (LW),Torpedo Nizhny Novgorod,33,6,2,8,0.24,10,-2,2025-2026,khl,LW,https://www.eliteprospects.com/player/32724/shane-prince,Shane Prince
Emil Galimov (RW),Barys Astana,33,3,8,11,0.33,34,-3,2025-2026,khl,RW,https://www.eliteprospects.com/player/42440/emil-galimov,Emil Galimov
Artemi Knyazev (D),Multiple Teams,33,1,4,5,0.15,12,9,2025-2026,khl,D,https://www.eliteprospects.com/player/398450/artemi-knyazev,Artemi Knyazev
Ivan Chekhovich (LW/RW),Multiple Teams,33,7,7,14,0.42,10,-23,2025-2026,khl,LW/RW,https://www.eliteprospects.com/player/333786/ivan-chekhovich,Ivan Chekhovich
Nikita Baklashyov (D),Sibir Novosibirsk,32,0,2,2,0.06,6,0,2025-2026,khl,D,https://www.eliteprospects.com/player/779984/nikita-baklashyov,Nikita Baklashyov
Alexander Pershakov (RW),Sibir Novosibirsk,32,2,1,3,0.09,35,-6,2025-2026,khl,RW,https://www.eliteprospects.com/player/828110/alexander-pershakov,Alexander Pershakov
Yegor Chezganov (LW/C),Multiple Teams,32,6,9,15,0.47,8,-3,2025-2026,khl,LW/C,manual_yegor_chezganov_lw,Yegor Chezganov
Bogdan Belkin (C),Dinamo Minsk,32,0,0,0,0.0,6,-2,2025-2026,khl,C,manual_bogdan_belkin_c,Bogdan Belkin
Ivan Ryabov (C),Spartak Moskva,32,3,3,6,0.19,2,2,2025-2026,khl,C,https://www.eliteprospects.com/player/779991/ivan-ryabov,Ivan Ryabov
Tomas Jurco (LW/RW),Lada Togliatti,32,7,6,13,0.41,14,-16,2025-2026,khl,LW/RW,https://www.eliteprospects.com/player/34751/tomas-jurco,Tomas Jurco
Brendan Leipsic (LW),SKA St. Petersburg,31,10,6,16,0.52,10,-5,2025-2026,khl,LW,https://www.eliteprospects.com/player/89181/brendan-leipsic,Brendan Leipsic
Trevor Murphy (D),SKA St. Petersburg,31,4,17,21,0.68,24,1,2025-2026,khl,D,https://www.eliteprospects.com/player/110850/trevor-murphy,Trevor Murphy
Klim Kostin (RW/LW),Multiple Teams,31,2,3,5,0.16,18,-7,2025-2026,khl,RW/LW,https://www.eliteprospects.com/player/312823/klim-kostin,Klim Kostin
Oskar Bulavchuk (LW),Multiple Teams,31,5,1,6,0.19,10,-4,2025-2026,khl,LW,manual_oskar_bulavchuk_lw,Oskar Bulavchuk
Kirill Zhukov (D),Multiple Teams,30,1,2,3,0.1,11,-5,2025-2026,khl,D,https://www.eliteprospects.com/player/526246/kirill-zhukov,Kirill Zhukov
Dmitri Utkin (C),HK Sochi,30,2,1,3,0.1,8,-7,2025-2026,khl,C,https://www.eliteprospects.com/player/561884/dmitri-utkin,Dmitri Utkin
Curtis Valk (C),Avtomobilist Yekaterinburg,30,6,5,11,0.37,14,-6,2025-2026,khl,C,https://www.eliteprospects.com/player/45510/curtis-valk,Curtis Valk
Amir Garayev (C/RW),Multiple Teams,30,6,6,12,0.4,6,2,2025-2026,khl,C/RW,https://www.eliteprospects.com/player/450872/amir-garayev,Amir Garayev
Alexander Shepelev (D),Admiral Vladivostok,30,1,7,8,0.27,25,-15,2025-2026,khl,D,https://www.eliteprospects.com/player/370824/alexander-shepelev,Alexander Shepelev
Oleg Maistrenko (LW/C),CSKA Moskva,29,2,0,2,0.07,6,-3,2025-2026,khl,LW/C,https://www.eliteprospects.com/player/691466/oleg-maistrenko,Oleg Maistrenko
Yegor Rykov (D),Multiple Teams,29,1,10,11,0.38,6,-8,2025-2026,khl,D,https://www.eliteprospects.com/player/269022/yegor-rykov,Yegor Rykov
Stepan Nikulin (LW),Lokomotiv Yaroslavl,29,0,4,4,0.14,4,3,2025-2026,khl,LW,https://www.eliteprospects.com/player/514149/stepan-nikulin,Stepan Nikulin
Yegor Filin (RW/LW),Spartak Moskva,29,5,14,19,0.66,6,4,2025-2026,khl,RW/LW,https://www.eliteprospects.com/player/359582/yegor-filin,Yegor Filin
Viktor Antipin (D),Multiple Teams,29,0,3,3,0.1,9,-1,2025-2026,khl,D,https://www.eliteprospects.com/player/47508/viktor-antipin,Viktor Antipin
Sergei Zborovsky (D),Avtomobilist Yekaterinburg,29,1,5,6,0.21,24,0,2025-2026,khl,D,https://www.eliteprospects.com/player/277798/sergei-zborovsky,Sergei Zborovsky
Demid Mansurov (C),Spartak Moskva,29,4,5,9,0.31,4,5,2025-2026,khl,C,https://www.eliteprospects.com/player/398151/demid-mansurov,Demid Mansurov
Stepan Gorbunov (C),Traktor Chelyabinsk,29,2,0,2,0.07,4,0,2025-2026,khl,C,manual_stepan_gorbunov_c,Stepan Gorbunov
Ildan Gazimov (D),Salavat Yulaev Ufa,28,2,0,2,0.07,8,-12,2025-2026,khl,D,https://www.eliteprospects.com/player/518587/ildan-gazimov,Ildan Gazimov
Pierrick Dubé (RW),Multiple Teams,28,7,9,16,0.57,16,-2,2025-2026,khl,RW,https://www.eliteprospects.com/player/410529/pierrick-dube,Pierrick Dube
Sergei Kalinin (RW/C),CSKA Moskva,28,3,1,4,0.14,6,1,2025-2026,khl,RW/C,https://www.eliteprospects.com/player/43871/sergei-kalinin,Sergei Kalinin
Nikita Kholodilin (C),Spartak Moskva,28,1,4,5,0.18,42,-8,2025-2026,khl,C,https://www.eliteprospects.com/player/577717/nikita-kholodilin,Nikita Kholodilin
Nikolai Makarov (D),Multiple Teams,27,0,7,7,0.26,22,-5,2025-2026,khl,D,https://www.eliteprospects.com/player/673300/nikolai-makarov,Nikolai Makarov
Alexei Rykmanov (RW/LW),Traktor Chelyabinsk,27,1,2,3,0.11,0,-4,2025-2026,khl,RW/LW,https://www.eliteprospects.com/player/709100/alexei-rykmanov,Alexei Rykmanov
Artyom Chernov (C/RW),Dynamo Moskva,27,1,1,2,0.07,8,-6,2025-2026,khl,C/RW,https://www.eliteprospects.com/player/273486/artyom-chernov,Artyom Chernov
Maxim Tarasov (C),Avtomobilist Yekaterinburg,27,2,2,4,0.15,4,-5,2025-2026,khl,C,manual_maxim_tarasov_c,Maxim Tarasov
Daniil Malorosiyanov (D/C),Avtomobilist Yekaterinburg,26,0,3,3,0.12,4,-3,2025-2026,khl,D/C,https://www.eliteprospects.com/player/831835/daniil-malorosiyanov,Daniil Malorosiyanov
Raul Akmaldinov (D),Amur Khabarovsk,26,1,2,3,0.12,18,-14,2025-2026,khl,D,https://www.eliteprospects.com/player/581253/raul-akmaldinov,Raul Akmaldinov
Vladislav Tsitsyura (C),Severstal Cherepovets,26,3,7,10,0.38,2,-12,2025-2026,khl,C,https://www.eliteprospects.com/player/361181/vladislav-tsitsyura,Vladislav Tsitsyura
Veniamin Korolyov (D),Spartak Moskva,26,0,4,4,0.15,13,-12,2025-2026,khl,D,https://www.eliteprospects.com/player/699304/veniamin-korolyov,Veniamin Korolyov
Artyom Shchuchinov (D),Multiple Teams,26,1,2,3,0.12,10,0,2025-2026,khl,D,https://www.eliteprospects.com/player/780044/artyom-shchuchinov,Artyom Shchuchinov
Parker Foo (LW),Shanghai Dragons,25,3,2,5,0.2,4,-5,2025-2026,khl,LW,https://www.eliteprospects.com/player/153054/parker-foo,Parker Foo
Nikita Ishimnikov (D),Avtomobilist Yekaterinburg,25,0,2,2,0.08,2,2,2025-2026,khl,D,https://www.eliteprospects.com/player/707850/nikita-ishimnikov,Nikita Ishimnikov
Sergei Lukyantsev (RW/C),Spartak Moskva,25,1,0,1,0.04,6,0,2025-2026,khl,RW/C,https://www.eliteprospects.com/player/712345/sergei-lukyantsev,Sergei Lukyantsev
Alexander Kisakov (LW/C),Multiple Teams,25,1,3,4,0.16,4,1,2025-2026,khl,LW/C,https://www.eliteprospects.com/player/537762/alexander-kisakov,Alexander Kisakov
Igor Larionov (C),SKA St. Petersburg,24,2,4,6,0.25,20,-4,2025-2026,khl,C,https://www.eliteprospects.com/player/233497/igor-larionov,Igor Larionov
Andrei Krutov (RW/LW),Multiple Teams,24,2,2,4,0.17,2,-2,2025-2026,khl,RW/LW,https://www.eliteprospects.com/player/835554/andrei-krutov,Andrei Krutov
Grigori Kuzmin (LW),Multiple Teams,24,4,3,7,0.29,0,-6,2025-2026,khl,LW,https://www.eliteprospects.com/player/543203/grigori-kuzmin,Grigori Kuzmin
Danil Mokrushev (D),HK Sochi,24,0,3,3,0.13,16,-10,2025-2026,khl,D,https://www.eliteprospects.com/player/339966/danil-mokrushev,Danil Mokrushev
Pavel Kudryavtsev (LW),Dynamo Moskva,24,2,0,2,0.08,4,-6,2025-2026,khl,LW,https://www.eliteprospects.com/player/320904/pavel-kudryavtsev,Pavel Kudryavtsev
Ruslan Aglamzyanov (C),Traktor Chelyabinsk,23,1,1,2,0.09,4,-9,2025-2026,khl,C,manual_ruslan_aglamzyanov_c,Ruslan Aglamzyanov
Sergei Dubakin (RW/LW),Amur Khabarovsk,23,5,2,7,0.3,6,-7,2025-2026,khl,RW/LW,https://www.eliteprospects.com/player/449986/sergei-dubakin,Sergei Dubakin
Maxim Mukhametov (C),Barys Astana,23,2,1,3,0.13,2,-8,2025-2026,khl,C,https://www.eliteprospects.com/player/446411/maxim-mukhametov,Maxim Mukhametov
Yegor Morozov (D),Lada Togliatti,23,1,5,6,0.26,8,-2,2025-2026,khl,D,https://www.eliteprospects.com/player/577231/yegor-morozov,Yegor Morozov
Alexander Daryin (LW),Admiral Vladivostok,23,2,5,7,0.3,14,-2,2025-2026,khl,LW,https://www.eliteprospects.com/player/395123/alexander-daryin,Alexander Daryin
Igor Nechayev (C),Metallurg Magnitogorsk,23,2,4,6,0.26,0,1,2025-2026,khl,C,manual_igor_nechayev_c,Igor Nechayev
Daniil Prokhorov (RW),Dynamo Moskva,23,1,0,1,0.04,2,-2,2025-2026,khl,RW,manual_daniil_prokhorov_rw,Daniil Prokhorov
Kirill Svishchyov (C),Torpedo Nizhny Novgorod,22,3,2,5,0.23,2,3,2025-2026,khl,C,https://www.eliteprospects.com/player/619250/kirill-svishchyov,Kirill Svishchyov
Vladislav Chervonenko (RW),Lada Togliatti,22,0,1,1,0.05,0,-2,2025-2026,khl,RW,https://www.eliteprospects.com/player/339483/vladislav-chervonenko,Vladislav Chervonenko
Nikita Rozhkov (RW/C),Torpedo Nizhny Novgorod,22,1,5,6,0.27,2,-4,2025-2026,khl,RW/C,https://www.eliteprospects.com/player/398172/nikita-rozhkov,Nikita Rozhkov
Ben Harpur (D),Shanghai Dragons,22,1,2,3,0.14,24,-7,2025-2026,khl,D,https://www.eliteprospects.com/player/144069/ben-harpur,Ben Harpur
Kirill Gotovets (D),Dynamo Moskva,22,0,0,0,0.0,4,-6,2025-2026,khl,D,https://www.eliteprospects.com/player/17654/kirill-gotovets,Kirill Gotovets
Denis Alexandrov (D),Torpedo Nizhny Novgorod,21,1,4,5,0.24,0,4,2025-2026,khl,D,https://www.eliteprospects.com/player/165013/denis-alexandrov,Denis Alexandrov
Vladislav Yusupov (D),Traktor Chelyabinsk,21,1,2,3,0.14,8,-2,2025-2026,khl,D,manual_vladislav_yusupov_d,Vladislav Yusupov
Andy Andreoff (C/LW),Sibir Novosibirsk,21,6,2,8,0.38,31,-7,2025-2026,khl,C/LW,https://www.eliteprospects.com/player/32736/andy-andreoff,Andy Andreoff
Kirill Kapustin (LW/C),Neftekhimik Nizhnekamsk,21,1,2,3,0.14,4,-6,2025-2026,khl,LW/C,https://www.eliteprospects.com/player/77146/kirill-kapustin,Kirill Kapustin
Vladimir Bryukvin (LW),Admiral Vladivostok,21,1,2,3,0.14,4,-7,2025-2026,khl,LW,https://www.eliteprospects.com/player/159423/vladimir-bryukvin,Vladimir Bryukvin
Matvei Shuravin (D),CSKA Moskva,21,0,1,1,0.05,4,-1,2025-2026,khl,D,https://www.eliteprospects.com/player/618880/matvei-shuravin,Matvei Shuravin
Ivan Vydrenkov (D),SKA St. Petersburg,21,1,1,2,0.1,0,-5,2025-2026,khl,D,https://www.eliteprospects.com/player/538018/ivan-vydrenkov,Ivan Vydrenkov
Semyon Ibragimov (D),Multiple Teams,21,0,0,0,0.0,2,-3,2025-2026,khl,D,https://www.eliteprospects.com/player/543197/semyon-ibragimov,Semyon Ibragimov
Kirill Lyapunov (RW/C),Barys Astana,21,1,1,2,0.1,6,-8,2025-2026,khl,RW/C,https://www.eliteprospects.com/player/727881/kirill-lyapunov,Kirill Lyapunov
Cédric Paquette (C/RW),Dynamo Moskva,21,6,4,10,0.48,36,-2,2025-2026,khl,C/RW,https://www.eliteprospects.com/player/128521/cedric-paquette,Cedric Paquette
Danila Dyadenkin (LW),Lada Togliatti,20,2,1,3,0.15,6,2,2025-2026,khl,LW,manual_danila_dyadenkin_lw,Danila Dyadenkin
Ilya Kablukov (C),Shanghai Dragons,20,1,3,4,0.2,8,-5,2025-2026,khl,C,https://www.eliteprospects.com/player/13965/ilya-kablukov,Ilya Kablukov
Georgi Belousov (LW),Lada Togliatti,20,2,4,6,0.3,10,-3,2025-2026,khl,LW,https://www.eliteprospects.com/player/38660/georgi-belousov,Georgi Belousov
Vladislav Leontyev (D),Multiple Teams,20,0,2,2,0.1,4,-12,2025-2026,khl,D,https://www.eliteprospects.com/player/398163/vladislav-leontyev,Vladislav Leontyev
Alexander Burmistrov (C),Shanghai Dragons,20,0,2,2,0.1,0,-3,2025-2026,khl,C,https://www.eliteprospects.com/player/22927/alexander-burmistrov,Alexander Burmistrov
Dmitri Shevchenko (C/RW),Torpedo Nizhny Novgorod,19,2,1,3,0.16,2,-1,2025-2026,khl,C/RW,https://www.eliteprospects.com/player/266147/dmitri-shevchenko,Dmitri Shevchenko
Beibarys Orazov (D),Barys Astana,19,0,1,1,0.05,0,-7,2025-2026,khl,D,https://www.eliteprospects.com/player/725321/beibarys-orazov,Beibarys Orazov
Daniil Ivanov (D),Spartak Moskva,19,0,2,2,0.11,6,1,2025-2026,khl,D,https://www.eliteprospects.com/player/617935/daniil-ivanov,Daniil Ivanov
Ignat Lutfullin (LW),SKA St. Petersburg,19,1,3,4,0.21,2,2,2025-2026,khl,LW,manual_ignat_lutfullin_lw,Ignat Lutfullin
Roman Bychkov (D),Spartak Moskva,19,0,3,3,0.16,10,-3,2025-2026,khl,D,https://www.eliteprospects.com/player/514141/roman-bychkov,Roman Bychkov
Tyler Graovac (C),Lada Togliatti,19,5,3,8,0.42,4,-12,2025-2026,khl,C,https://www.eliteprospects.com/player/45582/tyler-graovac,Tyler Graovac
Radel Zamaltdinov (RW),Ak Bars Kazan,18,3,0,3,0.17,4,1,2025-2026,khl,RW,https://www.eliteprospects.com/player/707856/radel-zamaltdinov,Radel Zamaltdinov
Nikolai Salygo (RW/LW),Dinamo Minsk,18,1,3,4,0.22,2,3,2025-2026,khl,RW/LW,manual_nikolai_salygo_rw,Nikolai Salygo
Ivan Vorobyov (LW/RW),Multiple Teams,18,1,2,3,0.17,6,-5,2025-2026,khl,LW/RW,https://www.eliteprospects.com/player/577710/ivan-vorobyov,Ivan Vorobyov
Yegor Gurzanov (RW),SKA St. Petersburg,18,0,3,3,0.17,4,-1,2025-2026,khl,RW,https://www.eliteprospects.com/player/595528/yegor-gurzanov,Yegor Gurzanov
Sevastyan Sokolov (C),Neftekhimik Nizhnekamsk,18,2,1,3,0.17,4,-1,2025-2026,khl,C,manual_sevastyan_sokolov_c,Sevastyan Sokolov
Daniil Karpovich (D),Avtomobilist Yekaterinburg,18,0,1,1,0.06,13,6,2025-2026,khl,D,https://www.eliteprospects.com/player/619368/daniil-karpovich,Daniil Karpovich
Nikita Zaitsev (D),SKA St. Petersburg,18,0,0,0,0.0,8,-4,2025-2026,khl,D,https://www.eliteprospects.com/player/34773/nikita-zaitsev,Nikita Zaitsev
Arsen Taimazov (D),Multiple Teams,18,2,0,2,0.11,6,0,2025-2026,khl,D,manual_arsen_taimazov_d,Arsen Taimazov
Semyon Terekhov (RW),Ak Bars Kazan,17,4,2,6,0.35,2,-1,2025-2026,khl,RW,https://www.eliteprospects.com/player/588577/semyon-terekhov,Semyon Terekhov
Igor Shvyryov (C),HK Sochi,17,0,1,1,0.06,4,-7,2025-2026,khl,C,https://www.eliteprospects.com/player/312234/igor-shvyryov,Igor Shvyryov
Prokhor Korbit (RW),Salavat Yulaev Ufa,17,1,3,4,0.24,4,-1,2025-2026,khl,RW,https://www.eliteprospects.com/player/673317/prokhor-korbit,Prokhor Korbit
Vladislav Romanov (LW),SKA St. Petersburg,17,1,3,4,0.24,2,0,2025-2026,khl,LW,manual_vladislav_romanov_lw,Vladislav Romanov
Daniil Valitov (D),Sibir Novosibirsk,17,2,3,5,0.29,2,7,2025-2026,khl,D,https://www.eliteprospects.com/player/398674/daniil-valitov,Daniil Valitov
Ivan Zinchenko (C),Dynamo Moskva,17,2,0,2,0.12,13,1,2025-2026,khl,C,https://www.eliteprospects.com/player/588580/ivan-zinchenko,Ivan Zinchenko
Tamirlan Gaitamirov (D),Barys Astana,17,0,1,1,0.06,2,-3,2025-2026,khl,D,https://www.eliteprospects.com/player/404025/tamirlan-gaitamirov,Tamirlan Gaitamirov
Vyacheslav Kolesnikov (LW/RW),Barys Astana,16,1,0,1,0.06,9,-3,2025-2026,khl,LW/RW,manual_vyacheslav_kolesnikov_lw,Vyacheslav Kolesnikov
Jean-Sébastien Dea (C),Neftekhimik Nizhnekamsk,16,1,2,3,0.19,6,-12,2025-2026,khl,C,https://www.eliteprospects.com/player/128463/jean-sebastien-dea,Jeansebastien Dea
Michal Čajkovský (D),Traktor Chelyabinsk,16,2,3,5,0.31,40,1,2025-2026,khl,D,https://www.eliteprospects.com/player/40251/michal-cajkovsky,Michal Cajkovsky
Anton Burdasov (RW),Lada Togliatti,16,3,2,5,0.31,4,-9,2025-2026,khl,RW,https://www.eliteprospects.com/player/38657/anton-burdasov,Anton Burdasov
Igor Bardin (D),Ak Bars Kazan,15,0,3,3,0.2,0,2,2025-2026,khl,D,manual_igor_bardin_d,Igor Bardin
Dmitri Solovyov (LW),Spartak Moskva,15,1,3,4,0.27,8,-2,2025-2026,khl,LW,manual_dmitri_solovyov_lw,Dmitri Solovyov
Albert Yarullin (D),Ak Bars Kazan,15,0,4,4,0.27,12,10,2025-2026,khl,D,https://www.eliteprospects.com/player/58559/albert-yarullin,Albert Yarullin
Artyom Nabiyev (RW),Salavat Yulaev Ufa,15,0,1,1,0.07,2,-4,2025-2026,khl,RW,https://www.eliteprospects.com/player/797733/artyom-nabiyev,Artyom Nabiyev
Artyom Chmykhov (D),Neftekhimik Nizhnekamsk,14,0,1,1,0.07,4,-2,2025-2026,khl,D,https://www.eliteprospects.com/player/301495/artyom-chmykhov,Artyom Chmykhov
Danil Avershin (RW),HK Sochi,14,0,0,0,0.0,4,3,2025-2026,khl,RW,https://www.eliteprospects.com/player/547027/danil-avershin,Danil Avershin
Joshua Lawrence (C/RW),Lada Togliatti,14,1,1,2,0.14,8,-7,2025-2026,khl,C/RW,https://www.eliteprospects.com/player/201787/joshua-lawrence,Joshua Lawrence
Daniil Kazulayev (RW/LW),Severstal Cherepovets,14,2,2,4,0.29,0,5,2025-2026,khl,RW/LW,manual_daniil_kazulayev_rw,Daniil Kazulayev
Nikita Smirnov (D),Multiple Teams,14,1,0,1,0.07,2,-4,2025-2026,khl,D,https://www.eliteprospects.com/player/595475/nikita-smirnov,Nikita Smirnov
Nikolai Krivolapov (LW/RW),Neftekhimik Nizhnekamsk,14,0,1,1,0.07,0,1,2025-2026,khl,LW/RW,manual_nikolai_krivolapov_lw,Nikolai Krivolapov
Artemi Nizameyev (LW/RW),Traktor Chelyabinsk,14,2,3,5,0.36,0,0,2025-2026,khl,LW/RW,manual_artemi_nizameyev_lw,Artemi Nizameyev
Timur Karimov (D),Severstal Cherepovets,13,0,1,1,0.08,4,3,2025-2026,khl,D,https://www.eliteprospects.com/player/625738/timur-karimov,Timur Karimov
Roman Maximov (C/LW),HK Sochi,13,1,0,1,0.08,2,-1,2025-2026,khl,C/LW,manual_roman_maximov_c,Roman Maximov
Viktor Fyodorov (C),Torpedo Nizhny Novgorod,13,1,3,4,0.31,2,4,2025-2026,khl,C,manual_viktor_fyodorov_c,Viktor Fyodorov
Yegor Smirnov (RW/C),Severstal Cherepovets,13,0,1,1,0.08,0,0,2025-2026,khl,RW/C,manual_yegor_smirnov_rw,Yegor Smirnov
Mark Verba (RW),HK Sochi,13,2,0,2,0.15,8,-10,2025-2026,khl,RW,https://www.eliteprospects.com/player/353564/mark-verba,Mark Verba
Oleg Sadovin (C),Severstal Cherepovets,13,0,0,0,0.0,2,-1,2025-2026,khl,C,manual_oleg_sadovin_c,Oleg Sadovin
Yevgeni Sorokin (LW/C),Salavat Yulaev Ufa,13,0,1,1,0.08,0,2,2025-2026,khl,LW/C,https://www.eliteprospects.com/player/356465/yevgeni-sorokin,Yevgeni Sorokin
Gleb Pugachyov (RW),Torpedo Nizhny Novgorod,13,2,1,3,0.23,8,7,2025-2026,khl,RW,manual_gleb_pugachyov_rw,Gleb Pugachyov
Ruslan Pedan (D),Admiral Vladivostok,12,0,1,1,0.08,12,-8,2025-2026,khl,D,https://www.eliteprospects.com/player/151815/ruslan-pedan,Ruslan Pedan
Ivan Sherstnyov (D),Amur Khabarovsk,12,0,0,0,0.0,0,-2,2025-2026,khl,D,manual_ivan_sherstnyov_d,Ivan Sherstnyov
Alexei Ozhgikhin (RW/LW),Lada Togliatti,11,0,0,0,0.0,9,0,2025-2026,khl,RW/LW,https://www.eliteprospects.com/player/313029/alexei-ozhgikhin,Alexei Ozhgikhin
Matvei Galenyuk (C/RW),Metallurg Magnitogorsk,11,0,2,2,0.18,0,-7,2025-2026,khl,C/RW,manual_matvei_galenyuk_c,Matvei Galenyuk
Nikita Buruyanov (RW/LW),Spartak Moskva,11,0,0,0,0.0,2,2,2025-2026,khl,RW/LW,https://www.eliteprospects.com/player/515146/nikita-buruyanov,Nikita Buruyanov
Vadim Dudorov (RW/C),Lokomotiv Yaroslavl,11,0,1,1,0.09,0,0,2025-2026,khl,RW/C,manual_vadim_dudorov_rw,Vadim Dudorov
Ilya Ovchinnikov (C/RW),Avtomobilist Yekaterinburg,11,0,1,1,0.09,0,-1,2025-2026,khl,C/RW,https://www.eliteprospects.com/player/522150/ilya-ovchinnikov,Ilya Ovchinnikov
Artyom Korolyov (D),Barys Astana,11,0,1,1,0.09,2,0,2025-2026,khl,D,https://www.eliteprospects.com/player/575605/artyom-korolyov,Artyom Korolyov
Pavel Tkachenko (RW/LW),Sibir Novosibirsk,10,0,0,0,0.0,6,-1,2025-2026,khl,RW/LW,manual_pavel_tkachenko_rw,Pavel Tkachenko
David Farrance (D),Sibir Novosibirsk,10,0,3,3,0.3,4,-9,2025-2026,khl,D,https://www.eliteprospects.com/player/269310/david-farrance,David Farrance
Maxim Maltsev (C),Admiral Vladivostok,10,0,0,0,0.0,2,-3,2025-2026,khl,C,manual_maxim_maltsev_c,Maxim Maltsev
Kondrat Reshetnikov (RW),Neftekhimik Nizhnekamsk,9,0,1,1,0.11,0,0,2025-2026,khl,RW,https://www.eliteprospects.com/player/618917/kondrat-reshetnikov,Kondrat Reshetnikov
Roman Starchenko (RW),Barys Astana,9,0,1,1,0.11,0,0,2025-2026,khl,RW,https://www.eliteprospects.com/player/24633/roman-starchenko,Roman Starchenko
Kirill Nikitin (D),Barys Astana,9,0,0,0,0.0,0,-2,2025-2026,khl,D,https://www.eliteprospects.com/player/667047/kirill-nikitin,Kirill Nikitin
Tyler Wotherspoon (D),Barys Astana,9,0,0,0,0.0,0,4,2025-2026,khl,D,https://www.eliteprospects.com/player/37182/tyler-wotherspoon,Tyler Wotherspoon
Ivan Okunev (RW),Severstal Cherepovets,9,0,1,1,0.11,0,-1,2025-2026,khl,RW,manual_ivan_okunev_rw,Ivan Okunev
Yaroslav Fedoseyev (D),Traktor Chelyabinsk,9,1,0,1,0.11,2,7,2025-2026,khl,D,manual_yaroslav_fedoseyev_d,Yaroslav Fedoseyev
Nikita Poltavchuk (D),Metallurg Magnitogorsk,8,0,3,3,0.38,4,-1,2025-2026,khl,D,manual_nikita_poltavchuk_d,Nikita Poltavchuk
Greg McKegg (C/W),Shanghai Dragons,8,1,2,3,0.38,2,-2,2025-2026,khl,C/W,https://www.eliteprospects.com/player/31283/greg-mckegg,Greg Mckegg
Maxim Berezin (D),HK Sochi,8,0,1,1,0.13,30,-2,2025-2026,khl,D,https://www.eliteprospects.com/player/24639/maxim-berezin,Maxim Berezin
Batyrlan Muratov (RW),Barys Astana,8,0,1,1,0.13,4,-2,2025-2026,khl,RW,https://www.eliteprospects.com/player/446418/batyrlan-muratov,Batyrlan Muratov
Daniil Krishtofik (D),Dinamo Minsk,8,0,0,0,0.0,0,2,2025-2026,khl,D,manual_daniil_krishtofik_d,Daniil Krishtofik
Denis Komkov (C),Ak Bars Kazan,8,0,1,1,0.13,0,-1,2025-2026,khl,C,https://www.eliteprospects.com/player/531285/denis-komkov,Denis Komkov
Yegor Klimovich (RW/LW),Sibir Novosibirsk,8,0,1,1,0.13,0,-1,2025-2026,khl,RW/LW,https://www.eliteprospects.com/player/759165/yegor-klimovich,Yegor Klimovich
Maxim Krovyakov (C),Spartak Moskva,8,0,2,2,0.25,4,0,2025-2026,khl,C,https://www.eliteprospects.com/player/595481/maxim-krovyakov,Maxim Krovyakov
Artyom Bondar (RW/C),Dynamo Moskva,8,0,1,1,0.13,0,0,2025-2026,khl,RW/C,https://www.eliteprospects.com/player/837554/artyom-bondar,Artyom Bondar
Timur Kol (D),Dynamo Moskva,8,0,2,2,0.25,2,0,2025-2026,khl,D,https://www.eliteprospects.com/player/618884/timur-kol,Timur Kol
Arseni Varlakov (D),Torpedo Nizhny Novgorod,8,0,2,2,0.25,0,3,2025-2026,khl,D,https://www.eliteprospects.com/player/698982/arseni-varlakov,Arseni Varlakov
Vladimir Volkov (RW/C),Barys Astana,8,1,1,2,0.25,0,-5,2025-2026,khl,RW/C,manual_vladimir_volkov_rw,Vladimir Volkov
Alexander Ivanov (D),Ak Bars Kazan,7,0,0,0,0.0,0,1,2025-2026,khl,D,manual_alexander_ivanov_d,Alexander Ivanov
Gleb Kuzmin (LW/C),Salavat Yulaev Ufa,7,0,0,0,0.0,2,-6,2025-2026,khl,LW/C,https://www.eliteprospects.com/player/301269/gleb-kuzmin,Gleb Kuzmin
Roman Abrosimov (D),Amur Khabarovsk,7,0,0,0,0.0,4,0,2025-2026,khl,D,https://www.eliteprospects.com/player/163870/roman-abrosimov,Roman Abrosimov
Nikita Shcherbakov (D),Salavat Yulaev Ufa,7,0,0,0,0.0,4,-3,2025-2026,khl,D,manual_nikita_shcherbakov_d,Nikita Shcherbakov
Nikita Tyurin (D),Spartak Moskva,7,0,0,0,0.0,0,-1,2025-2026,khl,D,https://www.eliteprospects.com/player/1073016/nikita-tyurin,Nikita Tyurin
Ruslan Ospanov (RW/LW),Barys Astana,7,0,1,1,0.14,2,-2,2025-2026,khl,RW/LW,https://www.eliteprospects.com/player/617921/ruslan-ospanov,Ruslan Ospanov
Artemi Kuznetsov (RW),Lada Togliatti,7,0,1,1,0.14,4,-1,2025-2026,khl,RW,https://www.eliteprospects.com/player/619411/artemi-kuznetsov,Artemi Kuznetsov
Alexander Kirpichnikov (D),Traktor Chelyabinsk,7,0,1,1,0.14,2,-2,2025-2026,khl,D,https://www.eliteprospects.com/player/517816/alexander-kirpichnikov,Alexander Kirpichnikov
William Dufour (RW/LW),Lada Togliatti,7,2,1,3,0.43,0,-3,2025-2026,khl,RW/LW,https://www.eliteprospects.com/player/294583/william-dufour,William Dufour
Michael Dal Colle (LW),Dinamo Minsk,7,1,0,1,0.14,0,-2,2025-2026,khl,LW,https://www.eliteprospects.com/player/152047/michael-dal-colle,Michael Dal Colle
Anton Berlyov (C),Salavat Yulaev Ufa,7,0,4,4,0.57,0,-9,2025-2026,khl,C,https://www.eliteprospects.com/player/211730/anton-berlyov,Anton Berlyov
Yegor Yuzlenko (D),Neftekhimik Nizhnekamsk,6,0,0,0,0.0,4,0,2025-2026,khl,D,https://www.eliteprospects.com/player/639975/yegor-yuzlenko,Yegor Yuzlenko
Semyon Demidov (RW),SKA St. Petersburg,6,0,0,0,0.0,4,-1,2025-2026,khl,RW,https://www.eliteprospects.com/player/588575/semyon-demidov,Semyon Demidov
Mark Rodionov (D),Traktor Chelyabinsk,6,0,0,0,0.0,0,-1,2025-2026,khl,D,manual_mark_rodionov_d,Mark Rodionov
Dmitri Khobyan (LW/RW),Dinamo Minsk,6,0,0,0,0.0,0,-3,2025-2026,khl,LW/RW,manual_dmitri_khobyan_lw,Dmitri Khobyan
Emil Pyanov (C),Severstal Cherepovets,6,0,0,0,0.0,0,-1,2025-2026,khl,C,https://www.eliteprospects.com/player/779973/emil-pyanov,Emil Pyanov
Yegor Karaban (F),Dinamo Minsk,6,0,0,0,0.0,2,1,2025-2026,khl,F,manual_yegor_karaban_f,Yegor Karaban
Pavel Leuka (C),Avangard Omsk,6,1,0,1,0.17,4,-2,2025-2026,khl,C,https://www.eliteprospects.com/player/698860/pavel-leuka,Pavel Leuka
Pavel Tyutnev (C/LW),Metallurg Magnitogorsk,6,0,0,0,0.0,4,-4,2025-2026,khl,C/LW,https://www.eliteprospects.com/player/581252/pavel-tyutnev,Pavel Tyutnev
Daniil Chaika (D),Avangard Omsk,6,0,0,0,0.0,0,3,2025-2026,khl,D,https://www.eliteprospects.com/player/514651/daniil-chaika,Daniil Chaika
Yefim Gurkin (D),Lada Togliatti,6,0,0,0,0.0,7,1,2025-2026,khl,D,https://www.eliteprospects.com/player/47549/yefim-gurkin,Yefim Gurkin
Dominik Mikanovich (D),Traktor Chelyabinsk,6,0,0,0,0.0,0,-1,2025-2026,khl,D,https://www.eliteprospects.com/player/862460/dominik-mikanovich,Dominik Mikanovich
Nick Ebert (D),CSKA Moskva,6,2,1,3,0.5,0,4,2025-2026,khl,D,https://www.eliteprospects.com/player/45972/nick-ebert,Nick Ebert
Ostap Safin (RW/LW),Multiple Teams,6,0,0,0,0.0,0,-2,2025-2026,khl,RW/LW,https://www.eliteprospects.com/player/272770/ostap-safin,Ostap Safin
Vyacheslav Gretsky (RW/LW),Dinamo Minsk,5,0,0,0,0.0,2,-1,2025-2026,khl,RW/LW,https://www.eliteprospects.com/player/238725/vyacheslav-gretsky,Vyacheslav Gretsky
Alexander Chyorny (LW),Salavat Yulaev Ufa,5,1,0,1,0.2,0,1,2025-2026,khl,LW,https://www.eliteprospects.com/player/339431/alexander-chyorny,Alexander Chyorny
Pavel Voronov (D),Dinamo Minsk,5,0,0,0,0.0,2,0,2025-2026,khl,D,manual_pavel_voronov_d,Pavel Voronov
Alexander Sapozhnikov (D),HK Sochi,5,0,0,0,0.0,2,-1,2025-2026,khl,D,manual_alexander_sapozhnikov_d,Alexander Sapozhnikov
Ilyas Magomedsultanov (D),Lokomotiv Yaroslavl,5,0,0,0,0.0,0,2,2025-2026,khl,D,manual_ilyas_magomedsultanov_d,Ilyas Magomedsultanov
Dmitri Lineitsev (D),Lada Togliatti,5,0,0,0,0.0,0,1,2025-2026,khl,D,manual_dmitri_lineitsev_d,Dmitri Lineitsev
Stanislav Yarovoi (LW/RW),Spartak Moskva,5,0,0,0,0.0,0,-2,2025-2026,khl,LW/RW,https://www.eliteprospects.com/player/699449/stanislav-yarovoi,Stanislav Yarovoi
Danil Borodin (LW),Lada Togliatti,5,0,0,0,0.0,2,0,2025-2026,khl,LW,https://www.eliteprospects.com/player/802640/danil-borodin,Danil Borodin
Timur Mindubayev (F),Barys Astana,4,0,0,0,0.0,0,0,2025-2026,khl,F,manual_timur_mindubayev_f,Timur Mindubayev
Dmitri Isayev (LW),Avtomobilist Yekaterinburg,4,0,0,0,0.0,2,1,2025-2026,khl,LW,https://www.eliteprospects.com/player/901400/dmitri-isayev,Dmitri Isayev
Mikhail Doroshenko (D),Amur Khabarovsk,4,0,0,0,0.0,0,0,2025-2026,khl,D,manual_mikhail_doroshenko_d,Mikhail Doroshenko
Yuri Zhuravlyov (D),Avtomobilist Yekaterinburg,4,0,1,1,0.25,0,-5,2025-2026,khl,D,https://www.eliteprospects.com/player/396882/yuri-zhuravlyov,Yuri Zhuravlyov
Vsevolod Matveyev (D),Spartak Moskva,4,0,0,0,0.0,0,-2,2025-2026,khl,D,manual_vsevolod_matveyev_d,Vsevolod Matveyev
Alexander Suvorov (LW/RW),Salavat Yulaev Ufa,4,0,0,0,0.0,0,-1,2025-2026,khl,LW/RW,https://www.eliteprospects.com/player/595483/alexander-suvorov,Alexander Suvorov
Amir Nugmanov (LW),SKA St. Petersburg,4,0,0,0,0.0,2,-1,2025-2026,khl,LW,https://www.eliteprospects.com/player/708019/amir-nugmanov,Amir Nugmanov
Ivan Yanchenko (C/RW),CSKA Moskva,4,0,0,0,0.0,0,1,2025-2026,khl,C/RW,https://www.eliteprospects.com/player/619379/ivan-yanchenko,Ivan Yanchenko
Timofei Zhulin (LW),Ak Bars Kazan,4,0,1,1,0.25,0,-1,2025-2026,khl,LW,https://www.eliteprospects.com/player/802705/timofei-zhulin,Timofei Zhulin
Roman Rukavishnikov (D),Spartak Moskva,4,0,0,0,0.0,0,-2,2025-2026,khl,D,https://www.eliteprospects.com/player/42430/roman-rukavishnikov,Roman Rukavishnikov
Lavr Gashilov (C),Avtomobilist Yekaterinburg,3,0,0,0,0.0,0,0,2025-2026,khl,C,manual_lavr_gashilov_c,Lavr Gashilov
Fyodor Kuzmin (RW),HK Sochi,3,0,0,0,0.0,0,-2,2025-2026,khl,RW,manual_fyodor_kuzmin_rw,Fyodor Kuzmin
Raul Yakupov (C),Neftekhimik Nizhnekamsk,3,0,0,0,0.0,0,0,2025-2026,khl,C,https://www.eliteprospects.com/player/699971/raul-yakupov,Raul Yakupov
Sergei Shumakov (LW),Lada Togliatti,3,0,0,0,0.0,0,-2,2025-2026,khl,LW,https://www.eliteprospects.com/player/105666/sergei-shumakov,Sergei Shumakov
Mikhail Grass (C),Metallurg Magnitogorsk,3,0,0,0,0.0,0,-5,2025-2026,khl,C,https://www.eliteprospects.com/player/709030/mikhail-grass,Mikhail Grass
Daniil Tesanov (C),Lokomotiv Yaroslavl,3,0,0,0,0.0,0,0,2025-2026,khl,C,https://www.eliteprospects.com/player/514179/daniil-tesanov,Daniil Tesanov
Marat Kalimullin (D),Lada Togliatti,3,0,0,0,0.0,0,-1,2025-2026,khl,D,manual_marat_kalimullin_d,Marat Kalimullin
Yegor Potapov (RW),Ak Bars Kazan,3,0,0,0,0.0,0,0,2025-2026,khl,RW,manual_yegor_potapov_rw,Yegor Potapov
Boris Osipovich (RW/C),Metallurg Magnitogorsk,3,0,0,0,0.0,0,-4,2025-2026,khl,RW/C,manual_boris_osipovich_rw,Boris Osipovich
Nikita Miller (F),Avtomobilist Yekaterinburg,3,0,0,0,0.0,0,0,2025-2026,khl,F,https://www.eliteprospects.com/player/514483/nikita-miller,Nikita Miller
Yaroslav Yapparov (RW/LW),CSKA Moskva,3,1,0,1,0.33,0,1,2025-2026,khl,RW/LW,https://www.eliteprospects.com/player/698996/yaroslav-yapparov,Yaroslav Yapparov
Arsen Khisamutdinov (RW),Neftekhimik Nizhnekamsk,3,0,1,1,0.33,0,0,2025-2026,khl,RW,https://www.eliteprospects.com/player/372023/arsen-khisamutdinov,Arsen Khisamutdinov
Vsevolod Tsevelyov (D),HK Sochi,3,0,0,0,0.0,0,-2,2025-2026,khl,D,manual_vsevolod_tsevelyov_d,Vsevolod Tsevelyov
Yaroslav Belyakov (D),Sibir Novosibirsk,3,0,0,0,0.0,4,-1,2025-2026,khl,D,https://www.eliteprospects.com/player/828235/yaroslav-belyakov,Yaroslav Belyakov
Nikolai Khvorov (RW),Salavat Yulaev Ufa,3,0,0,0,0.0,0,0,2025-2026,khl,RW,manual_nikolai_khvorov_rw,Nikolai Khvorov
Alexander Plesovskikh (LW/RW),Spartak Moskva,3,0,0,0,0.0,2,0,2025-2026,khl,LW/RW,manual_alexander_plesovskikh_lw,Alexander Plesovskikh
Yegor Ganabin (D),Lada Togliatti,3,0,0,0,0.0,2,1,2025-2026,khl,D,manual_yegor_ganabin_d,Yegor Ganabin
Yaroslav Mukhranov (D),Metallurg Magnitogorsk,2,1,0,1,0.5,0,-1,2025-2026,khl,D,manual_yaroslav_mukhranov_d,Yaroslav Mukhranov
Nikita Nekrasov (D),Avtomobilist Yekaterinburg,2,0,2,2,1.0,0,1,2025-2026,khl,D,manual_nikita_nekrasov_d,Nikita Nekrasov
Vyacheslav Ulyanov (RW/LW),Severstal Cherepovets,2,0,0,0,0.0,0,0,2025-2026,khl,RW/LW,manual_vyacheslav_ulyanov_rw,Vyacheslav Ulyanov
Ivan Yershov (D),Severstal Cherepovets,2,0,0,0,0.0,0,0,2025-2026,khl,D,https://www.eliteprospects.com/player/779965/ivan-yershov,Ivan Yershov
Dmitri Zlodeyev (C),Avangard Omsk,2,0,0,0,0.0,0,0,2025-2026,khl,C,https://www.eliteprospects.com/player/537763/dmitri-zlodeyev,Dmitri Zlodeyev
Anton Rubin (D),Metallurg Magnitogorsk,2,0,0,0,0.0,0,-2,2025-2026,khl,D,manual_anton_rubin_d,Anton Rubin
Mikhail Vorfolomeyev (LW/RW),Lada Togliatti,2,0,0,0,0.0,0,-1,2025-2026,khl,LW/RW,manual_mikhail_vorfolomeyev_lw,Mikhail Vorfolomeyev
Alexander Timchenko (F),HK Sochi,2,0,0,0,0.0,0,0,2025-2026,khl,F,manual_alexander_timchenko_f,Alexander Timchenko
Artyom Karpov (D),Lada Togliatti,2,0,0,0,0.0,0,-1,2025-2026,khl,D,manual_artyom_karpov_d,Artyom Karpov
Mikhail Reshetko (C/LW),Sibir Novosibirsk,2,0,0,0,0.0,0,0,2025-2026,khl,C/LW,https://www.eliteprospects.com/player/667471/mikhail-reshetko,Mikhail Reshetko
Matvei Gushchin (F),Metallurg Magnitogorsk,2,0,0,0,0.0,0,-1,2025-2026,khl,F,manual_matvei_gushchin_f,Matvei Gushchin
Yaroslav Isakov (D),Metallurg Magnitogorsk,2,0,0,0,0.0,0,0,2025-2026,khl,D,manual_yaroslav_isakov_d,Yaroslav Isakov
Yegor Bryutov (D),CSKA Moskva,2,0,0,0,0.0,0,0,2025-2026,khl,D,https://www.eliteprospects.com/player/450489/yegor-bryutov,Yegor Bryutov
Maxim Filimonov (LW/RW),Spartak Moskva,2,0,0,0,0.0,0,0,2025-2026,khl,LW/RW,manual_maxim_filimonov_lw,Maxim Filimonov
Ivan Fomin (LW/RW),Admiral Vladivostok,2,0,0,0,0.0,0,0,2025-2026,khl,LW/RW,manual_ivan_fomin_lw,Ivan Fomin
Yegor Solovyov (LW),CSKA Moskva,2,0,0,0,0.0,0,1,2025-2026,khl,LW,https://www.eliteprospects.com/player/831565/yegor-solovyov,Yegor Solovyov
Miroslav Mikhalyov (RW/LW),Dinamo Minsk,2,0,0,0,0.0,0,0,2025-2026,khl,RW/LW,https://www.eliteprospects.com/player/618503/miroslav-mikhalyov,Miroslav Mikhalyov
Anton Shkolny (D),Admiral Vladivostok,2,0,0,0,0.0,0,0,2025-2026,khl,D,manual_anton_shkolny_d,Anton Shkolny
Artyom Kuzyakin (F),Metallurg Magnitogorsk,2,0,0,0,0.0,2,1,2025-2026,khl,F,manual_artyom_kuzyakin_f,Artyom Kuzyakin
Artyom Barabosha (D),CSKA Moskva,2,0,1,1,0.5,0,1,2025-2026,khl,D,https://www.eliteprospects.com/player/620324/artyom-barabosha,Artyom Barabosha
Innokenti Rybin (F),Metallurg Magnitogorsk,2,0,1,1,0.5,0,1,2025-2026,khl,F,manual_innokenti_rybin_f,Innokenti Rybin
Eduard Shetle (D),Metallurg Magnitogorsk,2,0,0,0,0.0,2,-3,2025-2026,khl,D,https://www.eliteprospects.com/player/698706/eduard-shetle,Eduard Shetle
Erik Mukhotyanov (RW/LW),Metallurg Magnitogorsk,2,0,0,0,0.0,0,-1,2025-2026,khl,RW/LW,manual_erik_mukhotyanov_rw,Erik Mukhotyanov
Oleg Popov (D),Lada Togliatti,2,0,0,0,0.0,2,0,2025-2026,khl,D,manual_oleg_popov_d,Oleg Popov
Nikita Zimin (F),Metallurg Magnitogorsk,2,0,0,0,0.0,0,1,2025-2026,khl,F,https://www.eliteprospects.com/player/698619/nikita-zimin,Nikita Zimin
Zhoe Kristof Muissu (RW/C),Neftekhimik Nizhnekamsk,1,0,0,0,0.0,0,0,2025-2026,khl,RW/C,https://www.eliteprospects.com/player/801392/zhoe-kristof-muissu,Zhoe Kristof Muissu
Yegor Kosachyov (D),Sibir Novosibirsk,1,0,0,0,0.0,0,0,2025-2026,khl,D,manual_yegor_kosachyov_d,Yegor Kosachyov
Alexander Pelevin (D),Torpedo Nizhny Novgorod,1,0,0,0,0.0,0,1,2025-2026,khl,D,https://www.eliteprospects.com/player/707284/alexander-pelevin,Alexander Pelevin
Danil Gololobov (D),Metallurg Magnitogorsk,1,0,0,0,0.0,0,-2,2025-2026,khl,D,https://www.eliteprospects.com/player/566658/danil-gololobov,Danil Gololobov
Daniil Petrenko (RW/LW),Salavat Yulaev Ufa,1,0,0,0,0.0,0,-1,2025-2026,khl,RW/LW,manual_daniil_petrenko_rw,Daniil Petrenko
Ildan Galeyev (RW/LW),Ak Bars Kazan,1,0,0,0,0.0,0,-1,2025-2026,khl,RW/LW,manual_ildan_galeyev_rw,Ildan Galeyev
Vitali Budnitsky (D),Salavat Yulaev Ufa,1,0,0,0,0.0,0,1,2025-2026,khl,D,manual_vitali_budnitsky_d,Vitali Budnitsky
Sevastian Kapchuk (RW),SKA St. Petersburg,1,0,0,0,0.0,0,0,2025-2026,khl,RW,manual_sevastian_kapchuk_rw,Sevastian Kapchuk
Konstantin Khremkin (C),Avtomobilist Yekaterinburg,1,0,0,0,0.0,0,-2,2025-2026,khl,C,https://www.eliteprospects.com/player/595296/konstantin-khremkin,Konstantin Khremkin
Stepan Borisov (F),Avtomobilist Yekaterinburg,1,0,0,0,0.0,0,-2,2025-2026,khl,F,https://www.eliteprospects.com/player/595723/stepan-borisov,Stepan Borisov
Jérémy Groleau (D),Shanghai Dragons,1,0,0,0,0.0,2,1,2025-2026,khl,D,https://www.eliteprospects.com/player/319959/jeremy-groleau,Jeremy Groleau
Alexander Tertyshny (D),Traktor Chelyabinsk,1,0,0,0,0.0,0,0,2025-2026,khl,D,manual_alexander_tertyshny_d,Alexander Tertyshny
Timofei Kovgorenya (D/F),Dinamo Minsk,1,0,0,0,0.0,0,-1,2025-2026,khl,D/F,https://www.eliteprospects.com/player/532615/timofei-kovgorenya,Timofei Kovgorenya
Vladislav Fyodorov (LW),Lada Togliatti,1,0,0,0,0.0,0,0,2025-2026,khl,LW,manual_vladislav_fyodorov_lw,Vladislav Fyodorov
Ruslan Gazizov (LW/RW),Torpedo Nizhny Novgorod,1,0,0,0,0.0,0,0,2025-2026,khl,LW/RW,https://www.eliteprospects.com/player/690893/ruslan-gazizov,Ruslan Gazizov
Danil Sysoyev (C),Metallurg Magnitogorsk,1,0,0,0,0.0,0,-1,2025-2026,khl,C,manual_danil_sysoyev_c,Danil Sysoyev
Daniil Davydov (C/LW),Dynamo Moskva,1,0,0,0,0.0,2,-1,2025-2026,khl,C/LW,https://www.eliteprospects.com/player/699552/daniil-davydov,Daniil Davydov
Andrei Kolodyazhnyi (F),Amur Khabarovsk,1,0,0,0,0.0,0,0,2025-2026,khl,F,manual_andrei_kolodyazhnyi_f,Andrei Kolodyazhnyi
Alexander Itkin (D),HK Sochi,1,0,0,0,0.0,0,0,2025-2026,khl,D,manual_alexander_itkin_d,Alexander Itkin
Vitali Pesterev (D),Severstal Cherepovets,1,0,0,0,0.0,0,0,2025-2026,khl,D,https://www.eliteprospects.com/player/780100/vitali-pesterev,Vitali Pesterev
Bulat Akhsyanov (RW/LW),Salavat Yulaev Ufa,1,0,0,0,0.0,0,0,2025-2026,khl,RW/LW,https://www.eliteprospects.com/player/803122/bulat-akhsyanov,Bulat Akhsyanov
Alan Shaikhlislamov (RW/LW),Salavat Yulaev Ufa,1,0,0,0,0.0,0,-3,2025-2026,khl,RW/LW,manual_alan_shaikhlislamov_rw,Alan Shaikhlislamov
Yegor Klyosov (C),Sibir Novosibirsk,1,0,0,0,0.0,0,0,2025-2026,khl,C,https://www.eliteprospects.com/player/759171/yegor-klyosov,Yegor Klyosov
Maxim Agafonov (D),Salavat Yulaev Ufa,1,0,0,0,0.0,0,0,2025-2026,khl,D,manual_maxim_agafonov_d,Maxim Agafonov
Alexander Morozov (D),Lada Togliatti,1,0,0,0,0.0,0,0,2025-2026,khl,D,manual_alexander_morozov_d,Alexander Morozov
Vladislav Kamenev (C),CSKA Moskva,0,0,0,0,0.0,0,0,2025-2026,khl,C,https://www.eliteprospects.com/player/216659/vladislav-kamenev,Vladislav Kamenev
Artyom Mikheyev (C),Dynamo Moskva,0,0,0,0,0.0,0,0,2025-2026,khl,C,https://www.eliteprospects.com/player/212991/artyom-mikheyev,Artyom Mikheyev
Danila Moiseyev (C),CSKA Moskva,0,0,0,0,0.0,0,0,2025-2026,khl,C,https://www.eliteprospects.com/player/379015/danila-moiseyev,Danila Moiseyev
Peter Quenneville (C/RW),Multiple Teams,61,20,14,34,0.56,31,-6,2025-2026,liiga,C/RW,https://www.eliteprospects.com/player/57050/peter-quenneville,Peter Quenneville
Viljami Nieminen (LW),Multiple Teams,61,14,12,26,0.43,14,-18,2025-2026,liiga,LW,https://www.eliteprospects.com/player/470568/viljami-nieminen,Viljami Nieminen
Ondrej Trejbal (D),SaiPa,60,3,12,15,0.25,26,23,2025-2026,liiga,D,https://www.eliteprospects.com/player/237067/ondrej-trejbal,Ondrej Trejbal
Valtteri Ojantakanen (LW),JYP,60,37,17,54,0.9,8,9,2025-2026,liiga,LW,https://www.eliteprospects.com/player/375918/valtteri-ojantakanen,Valtteri Ojantakanen
Brian Kramer (D),SaiPa,60,7,11,18,0.3,20,28,2025-2026,liiga,D,manual_brian_kramer_d,Brian Kramer
Elmeri Eronen (D),HPK,60,3,16,19,0.32,12,-14,2025-2026,liiga,D,https://www.eliteprospects.com/player/56233/elmeri-eronen,Elmeri Eronen
Daniel Torgersson (LW/RW),JYP,60,10,25,35,0.58,16,0,2025-2026,liiga,LW/RW,https://www.eliteprospects.com/player/407408/daniel-torgersson,Daniel Torgersson
Kasper Simontaival (RW),Tappara,60,18,35,53,0.88,20,22,2025-2026,liiga,RW,https://www.eliteprospects.com/player/397010/kasper-simontaival,Kasper Simontaival
Cameron Hillis (C/RW),Kiekko-Espoo,60,10,20,30,0.5,38,-2,2025-2026,liiga,C/RW,https://www.eliteprospects.com/player/404742/cameron-hillis,Cameron Hillis
Valtteri Hietanen (D),Sport,60,0,3,3,0.05,39,-16,2025-2026,liiga,D,https://www.eliteprospects.com/player/43536/valtteri-hietanen,Valtteri Hietanen
Harri Kainulainen (C/RW),HPK,60,12,14,26,0.43,6,-10,2025-2026,liiga,C/RW,https://www.eliteprospects.com/player/123538/harri-kainulainen,Harri Kainulainen
Jan-Mikael Järvinen (C),Ässät,60,11,27,38,0.63,4,-7,2025-2026,liiga,C,https://www.eliteprospects.com/player/9272/jan-mikael-jarvinen,Janmikael Jarvinen
Erik Borg (C),Ilves,60,15,13,28,0.47,32,13,2025-2026,liiga,C,https://www.eliteprospects.com/player/226390/erik-borg,Erik Borg
Kristian Näkyvä (D),Kiekko-Espoo,60,14,18,32,0.53,34,10,2025-2026,liiga,D,https://www.eliteprospects.com/player/16649/kristian-nakyva,Kristian Nakyva
Henri Nikkanen (C),SaiPa,60,27,29,56,0.93,42,17,2025-2026,liiga,C,https://www.eliteprospects.com/player/395081/henri-nikkanen,Henri Nikkanen
Jere Lassila (C),JYP,60,20,38,58,0.97,26,4,2025-2026,liiga,C,https://www.eliteprospects.com/player/526041/jere-lassila,Jere Lassila
Teemu Kivihalme (D),SaiPa,60,9,18,27,0.45,28,-4,2025-2026,liiga,D,https://www.eliteprospects.com/player/141072/teemu-kivihalme,Teemu Kivihalme
Roni Jokinen (D),JYP,60,4,16,20,0.33,8,-1,2025-2026,liiga,D,https://www.eliteprospects.com/player/709403/roni-jokinen,Roni Jokinen
Eetu Päkkilä (LW),TPS,60,15,24,39,0.65,2,-16,2025-2026,liiga,LW,https://www.eliteprospects.com/player/375979/eetu-pakkila,Eetu Pakkila
Nuutti Viitasalo (D),Lukko,60,8,12,20,0.33,22,10,2025-2026,liiga,D,https://www.eliteprospects.com/player/285895/nuutti-viitasalo,Nuutti Viitasalo
Arttu Tuomaala (C),Kiekko-Espoo,60,11,23,34,0.57,8,4,2025-2026,liiga,C,https://www.eliteprospects.com/player/395430/arttu-tuomaala,Arttu Tuomaala
Heikki Huttunen (C),HPK,60,6,17,23,0.38,8,-5,2025-2026,liiga,C,https://www.eliteprospects.com/player/317672/heikki-huttunen,Heikki Huttunen
Miska Siikonen (C),KooKoo,60,18,29,47,0.78,42,13,2025-2026,liiga,C,https://www.eliteprospects.com/player/119729/miska-siikonen,Miska Siikonen
Konsta Kapanen (LW),KalPa,60,16,21,37,0.62,30,12,2025-2026,liiga,LW,https://www.eliteprospects.com/player/639024/konsta-kapanen,Konsta Kapanen
Otto Kivenmäki (W/C),SaiPa,60,11,46,57,0.95,18,27,2025-2026,liiga,W/C,https://www.eliteprospects.com/player/376271/otto-kivenmaki,Otto Kivenmaki
Henri Ikonen (W/C),Lukko,60,8,11,19,0.32,14,6,2025-2026,liiga,W/C,https://www.eliteprospects.com/player/56268/henri-ikonen,Henri Ikonen
Eetu Tuulola (RW),Tappara,60,15,10,25,0.42,22,-3,2025-2026,liiga,RW,https://www.eliteprospects.com/player/123542/eetu-tuulola,Eetu Tuulola
Jere Väisänen (LW/RW),Kiekko-Espoo,60,10,15,25,0.42,10,12,2025-2026,liiga,LW/RW,manual_jere_vaisanen_lw,Jere Vaisanen
Aleksi Matinmikko (D),Tappara,60,9,25,34,0.57,30,30,2025-2026,liiga,D,https://www.eliteprospects.com/player/395504/aleksi-matinmikko,Aleksi Matinmikko
Michal Jordán (D),Pelicans,60,4,21,25,0.42,18,6,2025-2026,liiga,D,https://www.eliteprospects.com/player/12567/michal-jordan,Michal Jordan
Jakob Stenqvist (D),Lukko,60,14,25,39,0.65,18,9,2025-2026,liiga,D,https://www.eliteprospects.com/player/212688/jakob-stenqvist,Jakob Stenqvist
Daniel Mäkiaho (LW/RW),HIFK,60,17,21,38,0.63,12,-2,2025-2026,liiga,LW/RW,https://www.eliteprospects.com/player/396673/daniel-makiaho,Daniel Makiaho
Aleksi Klemetti (LW),KalPa,60,16,20,36,0.6,16,5,2025-2026,liiga,LW,https://www.eliteprospects.com/player/287533/aleksi-klemetti,Aleksi Klemetti
Topias Haapanen (LW),Lukko,60,7,11,18,0.3,16,4,2025-2026,liiga,LW,https://www.eliteprospects.com/player/284828/topias-haapanen,Topias Haapanen
Niklas Peltomäki (D),Kiekko-Espoo,60,3,9,12,0.2,14,4,2025-2026,liiga,D,https://www.eliteprospects.com/player/277432/niklas-peltomaki,Niklas Peltomaki
Robert Rooba (LW/RW),KooKoo,59,15,24,39,0.66,20,3,2025-2026,liiga,LW/RW,https://www.eliteprospects.com/player/19220/robert-rooba,Robert Rooba
Samu Bau (C),SaiPa,59,5,11,16,0.27,16,-3,2025-2026,liiga,C,https://www.eliteprospects.com/player/634873/samu-bau,Samu Bau
Otto Paajanen (C),KooKoo,59,14,26,40,0.68,52,12,2025-2026,liiga,C,https://www.eliteprospects.com/player/25372/otto-paajanen,Otto Paajanen
Benjamin Rautiainen (C/LW),Tappara,59,25,52,77,1.31,20,24,2025-2026,liiga,C/LW,https://www.eliteprospects.com/player/710221/benjamin-rautiainen,Benjamin Rautiainen
Filip Westerlund (D),KalPa,59,5,24,29,0.49,20,13,2025-2026,liiga,D,https://www.eliteprospects.com/player/262145/filip-westerlund,Filip Westerlund
Olli Korhonen (C/LW),HPK,59,9,16,25,0.42,8,2,2025-2026,liiga,C/LW,https://www.eliteprospects.com/player/161966/olli-korhonen,Olli Korhonen
Miska Kukkonen (D),HPK,59,8,15,23,0.39,32,18,2025-2026,liiga,D,https://www.eliteprospects.com/player/383305/miska-kukkonen,Miska Kukkonen
Oskari Hult (LW/RW),Sport,59,8,4,12,0.2,14,-22,2025-2026,liiga,LW/RW,https://www.eliteprospects.com/player/526046/oskari-hult,Oskari Hult
Rami Määttä (D),Ässät,59,6,16,22,0.37,14,5,2025-2026,liiga,D,https://www.eliteprospects.com/player/534171/rami-maatta,Rami Maatta
Matic Török (RW/LW),Ilves,59,18,19,37,0.63,10,12,2025-2026,liiga,RW/LW,https://www.eliteprospects.com/player/532610/matic-torok,Matic Torok
Steven Jandric (LW),Lukko,58,9,13,22,0.38,26,-12,2025-2026,liiga,LW,https://www.eliteprospects.com/player/268055/steven-jandric,Steven Jandric
Maxime Fortier (RW),SaiPa,58,29,37,66,1.14,42,19,2025-2026,liiga,RW,https://www.eliteprospects.com/player/213461/maxime-fortier,Maxime Fortier
Radek Kucerik (D),Ilves,58,8,11,19,0.33,49,13,2025-2026,liiga,D,https://www.eliteprospects.com/player/297677/radek-kucerik,Radek Kucerik
Eemil Erholtz (RW/LW),Kärpät,58,17,33,50,0.86,40,-7,2025-2026,liiga,RW/LW,https://www.eliteprospects.com/player/395433/eemil-erholtz,Eemil Erholtz
Valtteri Lipiäinen (RW),Ässät,58,10,18,28,0.48,12,-8,2025-2026,liiga,RW,https://www.eliteprospects.com/player/158045/valtteri-lipiainen,Valtteri Lipiainen
Otto Latvala (D),Ilves,58,0,6,6,0.1,63,1,2025-2026,liiga,D,https://www.eliteprospects.com/player/363409/otto-latvala,Otto Latvala
Simon Johansson (D),Ilves,58,19,32,51,0.88,59,16,2025-2026,liiga,D,https://www.eliteprospects.com/player/289775/simon-johansson,Simon Johansson
Johan Olofsson (RW),Ässät,58,12,15,27,0.47,39,-1,2025-2026,liiga,RW,https://www.eliteprospects.com/player/25919/johan-olofsson,Johan Olofsson
Sisu Yliniemi (C),TPS,58,10,22,32,0.55,6,1,2025-2026,liiga,C,https://www.eliteprospects.com/player/525658/sisu-yliniemi,Sisu Yliniemi
Peter Tiivola (C),Ässät,58,10,19,29,0.5,53,-1,2025-2026,liiga,C,https://www.eliteprospects.com/player/57868/peter-tiivola,Peter Tiivola
Matyas Kantner (LW/RW),Kärpät,58,21,31,52,0.9,18,-15,2025-2026,liiga,LW/RW,https://www.eliteprospects.com/player/236492/matyas-kantner,Matyas Kantner
Nestor Noiva (RW),Ässät,58,12,24,36,0.62,8,5,2025-2026,liiga,RW,https://www.eliteprospects.com/player/638726/nestor-noiva,Nestor Noiva
Johannes Johannesen (D),Pelicans,58,3,3,6,0.1,8,4,2025-2026,liiga,D,https://www.eliteprospects.com/player/159610/johannes-johannesen,Johannes Johannesen
Arttu Paaso (D),Kärpät,58,4,13,17,0.29,12,0,2025-2026,liiga,D,https://www.eliteprospects.com/player/534233/arttu-paaso,Arttu Paaso
Mikael Ruohomaa (C),Lukko,58,16,46,62,1.07,32,-5,2025-2026,liiga,C,https://www.eliteprospects.com/player/50405/mikael-ruohomaa,Mikael Ruohomaa
Vilmos Galló (LW/RW),KooKoo,58,13,25,38,0.66,24,17,2025-2026,liiga,LW/RW,https://www.eliteprospects.com/player/367/vilmos-gallo,Vilmos Gallo
Joni Tuulola (D),Tappara,58,3,15,18,0.31,26,18,2025-2026,liiga,D,https://www.eliteprospects.com/player/90023/joni-tuulola,Joni Tuulola
Juuso Könönen (LW),KalPa,58,7,8,15,0.26,22,3,2025-2026,liiga,LW,https://www.eliteprospects.com/player/222349/juuso-kononen,Juuso Kononen
Anton Olsson (D),Lukko,58,6,10,16,0.28,18,4,2025-2026,liiga,D,https://www.eliteprospects.com/player/420461/anton-olsson,Anton Olsson
Jesper Piitulainen (RW),Jukurit,58,13,20,33,0.57,8,-13,2025-2026,liiga,RW,https://www.eliteprospects.com/player/36604/jesper-piitulainen,Jesper Piitulainen
Teemu Engberg (LW/RW),Ilves,58,11,14,25,0.43,49,6,2025-2026,liiga,LW/RW,https://www.eliteprospects.com/player/318214/teemu-engberg,Teemu Engberg
Otto Mäkinen (C/W),JYP,58,7,18,25,0.43,8,5,2025-2026,liiga,C/W,https://www.eliteprospects.com/player/157202/otto-makinen,Otto Makinen
Janne Hämäläinen (LW),Kiekko-Espoo,58,9,16,25,0.43,38,6,2025-2026,liiga,LW,https://www.eliteprospects.com/player/222124/janne-hamalainen,Janne Hamalainen
Viljami Jokirinne (D),HPK,58,5,16,21,0.36,20,10,2025-2026,liiga,D,https://www.eliteprospects.com/player/638693/viljami-jokirinne,Viljami Jokirinne
Kasperi Ojantakanen (C),Kärpät,58,1,8,9,0.16,10,-15,2025-2026,liiga,C,https://www.eliteprospects.com/player/52916/kasperi-ojantakanen,Kasperi Ojantakanen
Tommi Tikka (C),Kärpät,57,3,8,11,0.19,82,-28,2025-2026,liiga,C,https://www.eliteprospects.com/player/60124/tommi-tikka,Tommi Tikka
Jesper Ahlroth (D),KooKoo,57,5,16,21,0.37,44,10,2025-2026,liiga,D,https://www.eliteprospects.com/player/557282/jesper-ahlroth,Jesper Ahlroth
Santeri Airola (D),SaiPa,57,11,23,34,0.6,28,-2,2025-2026,liiga,D,https://www.eliteprospects.com/player/376175/santeri-airola,Santeri Airola
Atte Ohtamaa (D),Kärpät,57,6,5,11,0.19,49,-2,2025-2026,liiga,D,https://www.eliteprospects.com/player/8307/atte-ohtamaa,Atte Ohtamaa
Éric Gélinas (D),Lukko,57,10,14,24,0.42,30,-10,2025-2026,liiga,D,https://www.eliteprospects.com/player/37536/eric-gelinas,Eric Gelinas
Jens Lööke (RW),Ilves,57,14,27,41,0.72,4,19,2025-2026,liiga,RW,https://www.eliteprospects.com/player/146691/jens-looke,Jens Looke
Kalle Loponen (D),KooKoo,57,5,22,27,0.47,38,8,2025-2026,liiga,D,https://www.eliteprospects.com/player/395424/kalle-loponen,Kalle Loponen
Axel Landén (D),TPS,57,2,6,8,0.14,34,6,2025-2026,liiga,D,https://www.eliteprospects.com/player/708476/axel-landen,Axel Landen
Sami Vatanen (D),JYP,57,8,36,44,0.77,34,-8,2025-2026,liiga,D,https://www.eliteprospects.com/player/16044/sami-vatanen,Sami Vatanen
Roni Hirvonen (C/W),Kärpät,57,16,36,52,0.91,43,7,2025-2026,liiga,C/W,https://www.eliteprospects.com/player/448946/roni-hirvonen,Roni Hirvonen
Topias Hynninen (C/LW),Jukurit,57,8,20,28,0.49,6,-11,2025-2026,liiga,C/LW,https://www.eliteprospects.com/player/618609/topias-hynninen,Topias Hynninen
Ville Meskanen (RW),KooKoo,57,23,26,49,0.86,14,4,2025-2026,liiga,RW,https://www.eliteprospects.com/player/92118/ville-meskanen,Ville Meskanen
Tuomas Salmela (D),Kärpät,57,5,6,11,0.19,63,-1,2025-2026,liiga,D,https://www.eliteprospects.com/player/153757/tuomas-salmela,Tuomas Salmela
Ari Gröndahl (D),KooKoo,57,3,12,15,0.26,20,22,2025-2026,liiga,D,https://www.eliteprospects.com/player/16652/ari-grondahl,Ari Grondahl
Lukas Wernblom (C/W),TPS,57,24,25,49,0.86,71,-3,2025-2026,liiga,C/W,https://www.eliteprospects.com/player/281757/lukas-wernblom,Lukas Wernblom
Ponthus Westerholm (RW),Lukko,57,12,11,23,0.4,10,15,2025-2026,liiga,RW,https://www.eliteprospects.com/player/13147/ponthus-westerholm,Ponthus Westerholm
Sami Päivärinta (C),HPK,56,16,25,41,0.73,6,8,2025-2026,liiga,C,https://www.eliteprospects.com/player/608512/sami-paivarinta,Sami Paivarinta
Trent Bourque (D),JYP,56,5,15,20,0.36,56,-3,2025-2026,liiga,D,https://www.eliteprospects.com/player/239804/trent-bourque,Trent Bourque
Ottoville Leppänen (LW),Kiekko-Espoo,56,5,14,19,0.34,16,1,2025-2026,liiga,LW,https://www.eliteprospects.com/player/277431/ottoville-leppanen,Ottoville Leppanen
Juuso Pulli (D),JYP,56,0,2,2,0.04,12,-4,2025-2026,liiga,D,https://www.eliteprospects.com/player/51429/juuso-pulli,Juuso Pulli
Lukas Jasek (C/RW),Ilves,56,10,40,50,0.89,45,25,2025-2026,liiga,C/RW,https://www.eliteprospects.com/player/213164/lukas-jasek,Lukas Jasek
Sebastian Stålberg (RW),Multiple Teams,56,10,17,27,0.48,16,-18,2025-2026,liiga,RW,https://www.eliteprospects.com/player/9703/sebastian-stalberg,Sebastian Stalberg
Anton Kettunen (C),Pelicans,56,2,8,10,0.18,6,-10,2025-2026,liiga,C,https://www.eliteprospects.com/player/872906/anton-kettunen,Anton Kettunen
Miika Tiihonen (LW),Sport,56,3,5,8,0.14,20,-11,2025-2026,liiga,LW,https://www.eliteprospects.com/player/279878/miika-tiihonen,Miika Tiihonen
Konsta Hirvonen (C/W),Pelicans,56,5,3,8,0.14,39,-12,2025-2026,liiga,C/W,https://www.eliteprospects.com/player/332312/konsta-hirvonen,Konsta Hirvonen
Juuso Heikkilä (LW),SaiPa,56,6,12,18,0.32,18,0,2025-2026,liiga,LW,https://www.eliteprospects.com/player/395506/juuso-heikkila,Juuso Heikkila
Hampus Falk (D),Pelicans,56,4,6,10,0.18,40,5,2025-2026,liiga,D,https://www.eliteprospects.com/player/187850/hampus-falk,Hampus Falk
Ruben Rafkin (D),TPS,56,1,15,16,0.29,100,-13,2025-2026,liiga,D,https://www.eliteprospects.com/player/285312/ruben-rafkin,Ruben Rafkin
Lukas Kanak (D),KalPa,56,3,12,15,0.27,16,-5,2025-2026,liiga,D,https://www.eliteprospects.com/player/130791/lukas-kanak,Lukas Kanak
Aleksi Laakso (D),Kiekko-Espoo,56,1,6,7,0.13,24,2,2025-2026,liiga,D,https://www.eliteprospects.com/player/25237/aleksi-laakso,Aleksi Laakso
Luke Henman (C/W),Ilves,55,17,25,42,0.76,24,10,2025-2026,liiga,C/W,https://www.eliteprospects.com/player/266778/luke-henman,Luke Henman
Henrik Haapala (LW/RW),Tappara,55,7,22,29,0.53,14,1,2025-2026,liiga,LW/RW,https://www.eliteprospects.com/player/60736/henrik-haapala,Henrik Haapala
Joona Riekkinen (D),KooKoo,55,2,8,10,0.18,66,20,2025-2026,liiga,D,https://www.eliteprospects.com/player/299322/joona-riekkinen,Joona Riekkinen
Lasse Lappalainen (D),KalPa,55,4,17,21,0.38,40,0,2025-2026,liiga,D,https://www.eliteprospects.com/player/37886/lasse-lappalainen,Lasse Lappalainen
Petteri Nikkilä (D),HPK,55,2,16,18,0.33,40,-14,2025-2026,liiga,D,https://www.eliteprospects.com/player/25375/petteri-nikkila,Petteri Nikkila
Alex Beaucage (RW/LW),Lukko,55,24,20,44,0.8,32,-4,2025-2026,liiga,RW/LW,https://www.eliteprospects.com/player/412976/alex-beaucage,Alex Beaucage
Jesper Mattila (D),Tappara,55,7,12,19,0.35,6,16,2025-2026,liiga,D,https://www.eliteprospects.com/player/148535/jesper-mattila,Jesper Mattila
Joel Määttä (C),TPS,54,8,15,23,0.43,26,-10,2025-2026,liiga,C,manual_joel_maatta_c,Joel Maatta
Vincent Marleau (RW/C),HIFK,54,20,19,39,0.72,63,-6,2025-2026,liiga,RW/C,https://www.eliteprospects.com/player/354314/vincent-marleau,Vincent Marleau
Kristian Tanus (LW/C),Tappara,54,19,40,59,1.09,12,27,2025-2026,liiga,LW/C,https://www.eliteprospects.com/player/355659/kristian-tanus,Kristian Tanus
Julius Hermonen (LW),Multiple Teams,54,7,6,13,0.24,8,-14,2025-2026,liiga,LW,https://www.eliteprospects.com/player/229946/julius-hermonen,Julius Hermonen
Jesse Kiiskinen (RW),HPK,54,17,11,28,0.52,13,-4,2025-2026,liiga,RW,https://www.eliteprospects.com/player/734492/jesse-kiiskinen,Jesse Kiiskinen
Petr Kodýtek (C),HIFK,54,16,20,36,0.67,28,-8,2025-2026,liiga,C,https://www.eliteprospects.com/player/215526/petr-kodytek,Petr Kodytek
Sisu-Petteri Lehtonen (D),TPS,54,4,11,15,0.28,87,-14,2025-2026,liiga,D,https://www.eliteprospects.com/player/525631/sisu-petteri-lehtonen,Sisupetteri Lehtonen
Samuli Niinisaari (D),SaiPa,54,7,8,15,0.28,14,8,2025-2026,liiga,D,https://www.eliteprospects.com/player/314598/samuli-niinisaari,Samuli Niinisaari
Hannes Häkkilä (D),Sport,54,1,15,16,0.3,26,-26,2025-2026,liiga,D,https://www.eliteprospects.com/player/476204/hannes-hakkila,Hannes Hakkila
Samuel Timonen (C),Sport,54,4,4,8,0.15,6,-19,2025-2026,liiga,C,https://www.eliteprospects.com/player/335811/samuel-timonen,Samuel Timonen
Patrik Juhola (C),Ässät,54,13,20,33,0.61,12,11,2025-2026,liiga,C,https://www.eliteprospects.com/player/628483/patrik-juhola,Patrik Juhola
Matti Härmä (C/W),Sport,54,5,3,8,0.15,6,-11,2025-2026,liiga,C/W,https://www.eliteprospects.com/player/783868/matti-harma,Matti Harma
Jonathan Andersson (D),Tappara,54,2,10,12,0.22,18,11,2025-2026,liiga,D,https://www.eliteprospects.com/player/33378/jonathan-andersson,Jonathan Andersson
Miro Keskitalo (D),Kiekko-Espoo,54,2,10,12,0.22,47,16,2025-2026,liiga,D,https://www.eliteprospects.com/player/118326/miro-keskitalo,Miro Keskitalo
Iikka Kangasniemi (LW/RW),Kiekko-Espoo,53,10,29,39,0.74,14,2,2025-2026,liiga,LW/RW,https://www.eliteprospects.com/player/91153/iikka-kangasniemi,Iikka Kangasniemi
Tim Söderlund (LW),Multiple Teams,53,16,16,32,0.6,20,4,2025-2026,liiga,LW,https://www.eliteprospects.com/player/188028/tim-soderlund,Tim Soderlund
Joachim Blichfeld (RW),Tappara,53,33,38,71,1.34,16,20,2025-2026,liiga,RW,https://www.eliteprospects.com/player/211282/joachim-blichfeld,Joachim Blichfeld
Aleksi Saarela (C),TPS,53,20,15,35,0.66,8,-17,2025-2026,liiga,C,https://www.eliteprospects.com/player/94117/aleksi-saarela,Aleksi Saarela
Aaro Vidgren (LW/RW),JYP,53,5,7,12,0.23,51,-6,2025-2026,liiga,LW/RW,https://www.eliteprospects.com/player/151897/aaro-vidgren,Aaro Vidgren
Jami Krannila (C),Lukko,53,10,12,22,0.42,6,13,2025-2026,liiga,C,https://www.eliteprospects.com/player/397001/jami-krannila,Jami Krannila
Alex Peters (D),Lukko,53,4,10,14,0.26,30,3,2025-2026,liiga,D,https://www.eliteprospects.com/player/196066/alex-peters,Alex Peters
Oliver Larsen (D),HIFK,53,3,10,13,0.25,10,-5,2025-2026,liiga,D,https://www.eliteprospects.com/player/211283/oliver-larsen,Oliver Larsen
Joni Jurmo (D),Kiekko-Espoo,53,4,9,13,0.25,47,6,2025-2026,liiga,D,https://www.eliteprospects.com/player/530726/joni-jurmo,Joni Jurmo
Tobias Winberg (D),JYP,53,2,15,17,0.32,49,13,2025-2026,liiga,D,https://www.eliteprospects.com/player/277063/tobias-winberg,Tobias Winberg
Antoine Morand (C/W),Lukko,53,10,19,29,0.55,20,5,2025-2026,liiga,C/W,https://www.eliteprospects.com/player/275608/antoine-morand,Antoine Morand
Jimi Suomi (D),KooKoo,53,11,20,31,0.58,24,13,2025-2026,liiga,D,https://www.eliteprospects.com/player/525662/jimi-suomi,Jimi Suomi
Alexander True (C),JYP,53,13,22,35,0.66,50,1,2025-2026,liiga,C,https://www.eliteprospects.com/player/207313/alexander-true,Alexander True
Veeti Miettinen (LW/RW),KooKoo,53,27,14,41,0.77,8,16,2025-2026,liiga,LW/RW,https://www.eliteprospects.com/player/396163/veeti-miettinen,Veeti Miettinen
Cade Borchardt (RW/LW),KalPa,53,14,11,25,0.47,16,-15,2025-2026,liiga,RW/LW,https://www.eliteprospects.com/player/340256/cade-borchardt,Cade Borchardt
Saku Salminen (D),SaiPa,53,1,9,10,0.19,20,2,2025-2026,liiga,D,https://www.eliteprospects.com/player/314301/saku-salminen,Saku Salminen
Brad Hunt (D),Sport,53,7,18,25,0.47,30,-36,2025-2026,liiga,D,https://www.eliteprospects.com/player/39225/brad-hunt,Brad Hunt
Jarkko Parikka (D),Ilves,53,2,7,9,0.17,14,20,2025-2026,liiga,D,https://www.eliteprospects.com/player/104067/jarkko-parikka,Jarkko Parikka
Miikka Salomäki (W/C),SaiPa,53,17,18,35,0.66,38,17,2025-2026,liiga,W/C,https://www.eliteprospects.com/player/43419/miikka-salomaki,Miikka Salomaki
Matias Mäntykivi (C),Ilves,52,11,24,35,0.67,12,14,2025-2026,liiga,C,https://www.eliteprospects.com/player/428827/matias-mantykivi,Matias Mantykivi
Arvid Aronsson (D),Kiekko-Espoo,52,5,10,15,0.29,52,8,2025-2026,liiga,D,https://www.eliteprospects.com/player/231200/arvid-aronsson,Arvid Aronsson
Karri Aho (D),SaiPa,52,2,11,13,0.25,8,14,2025-2026,liiga,D,https://www.eliteprospects.com/player/499176/karri-aho,Karri Aho
Petteri Riihinen (D),Ässät,52,2,9,11,0.21,6,2,2025-2026,liiga,D,https://www.eliteprospects.com/player/395962/petteri-riihinen,Petteri Riihinen
Jere Somervuori (LW),HIFK,52,6,10,16,0.31,2,3,2025-2026,liiga,LW,https://www.eliteprospects.com/player/872107/jere-somervuori,Jere Somervuori
John Nyberg (D),Ilves,52,5,12,17,0.33,51,5,2025-2026,liiga,D,https://www.eliteprospects.com/player/146820/john-nyberg,John Nyberg
Justin Addamo (C/W),Multiple Teams,52,6,7,13,0.25,32,4,2025-2026,liiga,C/W,https://www.eliteprospects.com/player/230627/justin-addamo,Justin Addamo
Arttu Alasiurua (C/LW),Multiple Teams,52,7,9,16,0.31,4,-10,2025-2026,liiga,C/LW,https://www.eliteprospects.com/player/618607/arttu-alasiurua,Arttu Alasiurua
Veikka Mononen (D),KalPa,52,1,6,7,0.13,14,4,2025-2026,liiga,D,https://www.eliteprospects.com/player/692901/veikka-mononen,Veikka Mononen
Antti Saarela (C/W),Lukko,51,15,25,40,0.78,20,6,2025-2026,liiga,C/W,https://www.eliteprospects.com/player/396630/antti-saarela,Antti Saarela
Tony Sund (D),HIFK,51,1,11,12,0.24,14,-7,2025-2026,liiga,D,https://www.eliteprospects.com/player/115802/tony-sund,Tony Sund
Antti Kalapudas (C),SaiPa,51,18,24,42,0.82,18,5,2025-2026,liiga,C,https://www.eliteprospects.com/player/104400/antti-kalapudas,Antti Kalapudas
Aku Räty (RW),Kärpät,51,20,37,57,1.12,36,8,2025-2026,liiga,RW,https://www.eliteprospects.com/player/395509/aku-raty,Aku Raty
Aleksi Antti-Roiko (C/LW),Kärpät,51,6,10,16,0.31,6,4,2025-2026,liiga,C/LW,https://www.eliteprospects.com/player/429270/aleksi-antti-roiko,Aleksi Anttiroiko
Kalle Kangas (D),HPK,51,0,5,5,0.1,49,2,2025-2026,liiga,D,https://www.eliteprospects.com/player/725201/kalle-kangas,Kalle Kangas
Daniel Brickley (D),Tappara,51,6,25,31,0.61,14,7,2025-2026,liiga,D,https://www.eliteprospects.com/player/216251/daniel-brickley,Daniel Brickley
Joona Saarelainen (C/RW),KalPa,51,8,16,24,0.47,12,-1,2025-2026,liiga,C/RW,https://www.eliteprospects.com/player/785788/joona-saarelainen,Joona Saarelainen
Janne Naukkarinen (C/W),SaiPa,51,7,17,24,0.47,12,-8,2025-2026,liiga,C/W,https://www.eliteprospects.com/player/638768/janne-naukkarinen,Janne Naukkarinen
Tomi Sallinen (C/W),Kiekko-Espoo,51,13,14,27,0.53,33,3,2025-2026,liiga,C/W,https://www.eliteprospects.com/player/11384/tomi-sallinen,Tomi Sallinen
Oskar Nilsson (D),Ässät,51,3,5,8,0.16,38,-3,2025-2026,liiga,D,https://www.eliteprospects.com/player/6054/oskar-nilsson,Oskar Nilsson
Pekka Jormakka (RW),JYP,51,11,14,25,0.49,39,6,2025-2026,liiga,RW,https://www.eliteprospects.com/player/16046/pekka-jormakka,Pekka Jormakka
Aidan Dudas (RW/C),Pelicans,51,15,19,34,0.67,16,2,2025-2026,liiga,RW/C,https://www.eliteprospects.com/player/348180/aidan-dudas,Aidan Dudas
Mikko Perttu (C),JYP,50,5,11,16,0.32,24,1,2025-2026,liiga,C,https://www.eliteprospects.com/player/310328/mikko-perttu,Mikko Perttu
Eemeli Saari (D),Jukurit,50,3,3,6,0.12,28,-16,2025-2026,liiga,D,https://www.eliteprospects.com/player/525632/eemeli-saari,Eemeli Saari
Lari Heikkinen (LW/RW),Jukurit,50,2,5,7,0.14,20,-2,2025-2026,liiga,LW/RW,https://www.eliteprospects.com/player/395437/lari-heikkinen,Lari Heikkinen
Feetu Knihti (C/LW),Ässät,50,11,9,20,0.4,14,-6,2025-2026,liiga,C/LW,https://www.eliteprospects.com/player/556872/feetu-knihti,Feetu Knihti
Jaakko Lantta (C),KalPa,50,4,9,13,0.26,76,1,2025-2026,liiga,C,https://www.eliteprospects.com/player/119730/jaakko-lantta,Jaakko Lantta
Juuso Puustinen (RW),JYP,50,18,17,35,0.7,20,-5,2025-2026,liiga,RW,https://www.eliteprospects.com/player/8395/juuso-puustinen,Juuso Puustinen
Aarne Intonen (C),Lukko,50,5,9,14,0.28,10,3,2025-2026,liiga,C,https://www.eliteprospects.com/player/396657/aarne-intonen,Aarne Intonen
Casimir Jürgens (D),Pelicans,50,1,6,7,0.14,45,-25,2025-2026,liiga,D,https://www.eliteprospects.com/player/56240/casimir-jurgens,Casimir Jurgens
Joonas Nättinen (C),Ilves,50,3,9,12,0.24,14,-7,2025-2026,liiga,C,https://www.eliteprospects.com/player/16043/joonas-nattinen,Joonas Nattinen
Niklas Ylitalo (RW),TPS,50,4,4,8,0.16,10,-5,2025-2026,liiga,RW,https://www.eliteprospects.com/player/318256/niklas-ylitalo,Niklas Ylitalo
Saku Salmela (D/F),Multiple Teams,50,1,8,9,0.18,10,-8,2025-2026,liiga,D/F,https://www.eliteprospects.com/player/25296/saku-salmela,Saku Salmela
Otto Somppi (C),HIFK,50,7,7,14,0.28,18,-7,2025-2026,liiga,C,https://www.eliteprospects.com/player/196406/otto-somppi,Otto Somppi
Anton Stråka (C),Sport,50,4,6,10,0.2,20,-9,2025-2026,liiga,C,https://www.eliteprospects.com/player/200075/anton-straka,Anton Straka
Joonas Oden (W/C),KooKoo,50,6,23,29,0.58,2,19,2025-2026,liiga,W/C,https://www.eliteprospects.com/player/395435/joonas-oden,Joonas Oden
Theodor Johnsson (D),Sport,50,3,6,9,0.18,16,-10,2025-2026,liiga,D,https://www.eliteprospects.com/player/420460/theodor-johnsson,Theodor Johnsson
Jyrki Jokipakka (D),Tappara,49,11,25,36,0.73,30,26,2025-2026,liiga,D,https://www.eliteprospects.com/player/25488/jyrki-jokipakka,Jyrki Jokipakka
Einari Luhanka (D),Pelicans,49,4,3,7,0.14,18,-10,2025-2026,liiga,D,https://www.eliteprospects.com/player/250068/einari-luhanka,Einari Luhanka
Niclas Almari (D),Lukko,49,3,12,15,0.31,8,6,2025-2026,liiga,D,https://www.eliteprospects.com/player/241335/niclas-almari,Niclas Almari
Oliver Lauridsen (D),TPS,49,2,7,9,0.18,59,0,2025-2026,liiga,D,https://www.eliteprospects.com/player/6660/oliver-lauridsen,Oliver Lauridsen
Lassi Vanhatalo (RW/LW),Multiple Teams,49,10,10,20,0.41,45,-2,2025-2026,liiga,RW/LW,https://www.eliteprospects.com/player/314290/lassi-vanhatalo,Lassi Vanhatalo
Arttu Tuhkala (D),TPS,49,4,6,10,0.2,29,-5,2025-2026,liiga,D,https://www.eliteprospects.com/player/747458/arttu-tuhkala,Arttu Tuhkala
Petrus Palmu (RW/LW),HIFK,49,7,18,25,0.51,24,-14,2025-2026,liiga,RW/LW,https://www.eliteprospects.com/player/112892/petrus-palmu,Petrus Palmu
Juuso Arola (D),Jukurit,49,5,24,29,0.59,16,10,2025-2026,liiga,D,https://www.eliteprospects.com/player/376053/juuso-arola,Juuso Arola
Emil Kuusla (LW/RW),SaiPa,49,7,20,27,0.55,10,-1,2025-2026,liiga,LW/RW,manual_emil_kuusla_lw,Emil Kuusla
Julius Mattila (C),Tappara,49,8,19,27,0.55,28,5,2025-2026,liiga,C,https://www.eliteprospects.com/player/148554/julius-mattila,Julius Mattila
Oiva Keskinen (C/LW),Tappara,49,20,17,37,0.76,14,25,2025-2026,liiga,C/LW,https://www.eliteprospects.com/player/628486/oiva-keskinen,Oiva Keskinen
Teemu Hartikainen (C/W),KalPa,49,18,21,39,0.8,20,2,2025-2026,liiga,C/W,https://www.eliteprospects.com/player/11365/teemu-hartikainen,Teemu Hartikainen
Cameron Wright (RW),HPK,49,23,18,41,0.84,137,-5,2025-2026,liiga,RW,https://www.eliteprospects.com/player/268686/cameron-wright,Cameron Wright
Jiří Ticháček (D),Kärpät,48,10,21,31,0.65,16,6,2025-2026,liiga,D,https://www.eliteprospects.com/player/472326/ji%C5%99i-tichacek,Jiri Tichacek
Samuli Ratinen (LW),Ilves,48,9,18,27,0.56,8,12,2025-2026,liiga,LW,https://www.eliteprospects.com/player/221076/samuli-ratinen,Samuli Ratinen
Vili Alitalo (C/W),HPK,48,3,4,7,0.15,6,-5,2025-2026,liiga,C/W,https://www.eliteprospects.com/player/551966/vili-alitalo,Vili Alitalo
Roope Vesterinen (LW/RW),HPK,48,5,3,8,0.17,8,-11,2025-2026,liiga,LW/RW,https://www.eliteprospects.com/player/793488/roope-vesterinen,Roope Vesterinen
John Stevens (C),Kiekko-Espoo,48,10,13,23,0.48,80,3,2025-2026,liiga,C,https://www.eliteprospects.com/player/185404/john-stevens,John Stevens
Oliver Suvanto (C),Tappara,48,2,9,11,0.23,16,3,2025-2026,liiga,C,manual_oliver_suvanto_c,Oliver Suvanto
Andreas Okany (C/RW),KalPa,48,12,10,22,0.46,6,15,2025-2026,liiga,C/RW,https://www.eliteprospects.com/player/428864/andreas-okany,Andreas Okany
Kasper Puutio (D),Ässät,48,5,17,22,0.46,47,-14,2025-2026,liiga,D,https://www.eliteprospects.com/player/467380/kasper-puutio,Kasper Puutio
Ossi-Petteri Jaakola (LW/RW),KooKoo,48,13,8,21,0.44,16,7,2025-2026,liiga,LW/RW,https://www.eliteprospects.com/player/442622/ossi-petteri-jaakola,Ossipetteri Jaakola
Aron Kiviharju (D),HIFK,48,6,11,17,0.35,6,-10,2025-2026,liiga,D,https://www.eliteprospects.com/player/526036/aron-kiviharju,Aron Kiviharju
Emil Sylvegård (LW/RW),Tappara,48,7,9,16,0.33,35,6,2025-2026,liiga,LW/RW,https://www.eliteprospects.com/player/10450/emil-sylvegard,Emil Sylvegard
Daniel Nieminen (D),Pelicans,47,5,12,17,0.36,22,3,2025-2026,liiga,D,https://www.eliteprospects.com/player/864196/daniel-nieminen,Daniel Nieminen
Akseli Mäkinen (C),KooKoo,47,8,5,13,0.28,12,2,2025-2026,liiga,C,https://www.eliteprospects.com/player/465401/akseli-makinen,Akseli Makinen
Marcus Björk (D),Kärpät,47,1,10,11,0.23,34,-15,2025-2026,liiga,D,https://www.eliteprospects.com/player/187811/marcus-bjork,Marcus Bjork
Sakke Hämäläinen (LW),Jukurit,47,9,6,15,0.32,14,-10,2025-2026,liiga,LW,https://www.eliteprospects.com/player/284221/sakke-hamalainen,Sakke Hamalainen
Veli-Matti Savinainen (W/C),TPS,47,9,17,26,0.55,71,-14,2025-2026,liiga,W/C,https://www.eliteprospects.com/player/10920/veli-matti-savinainen,Velimatti Savinainen
William Worge Kreü (D),Jukurit,47,3,7,10,0.21,70,-12,2025-2026,liiga,D,https://www.eliteprospects.com/player/281973/william-worge-kreu,William Worge Kreu
Aatos Koivu (C/RW),TPS,47,4,5,9,0.19,4,-10,2025-2026,liiga,C/RW,https://www.eliteprospects.com/player/858879/aatos-koivu,Aatos Koivu
Niklas Appelgren (C/LW),SaiPa,47,4,8,12,0.26,8,0,2025-2026,liiga,C/LW,https://www.eliteprospects.com/player/25397/niklas-appelgren,Niklas Appelgren
Benjamin Korhonen (C/W),KalPa,46,6,19,25,0.54,22,-1,2025-2026,liiga,C/W,https://www.eliteprospects.com/player/428862/benjamin-korhonen,Benjamin Korhonen
Patrik Virta (C),Kärpät,46,9,25,34,0.74,26,-9,2025-2026,liiga,C,https://www.eliteprospects.com/player/98096/patrik-virta,Patrik Virta
Connor Ford (C/LW),Multiple Teams,46,9,17,26,0.57,10,3,2025-2026,liiga,C/LW,https://www.eliteprospects.com/player/272068/connor-ford,Connor Ford
Balázs Sebők (C/RW),Ässät,46,1,12,13,0.28,16,-8,2025-2026,liiga,C/RW,https://www.eliteprospects.com/player/68942/balazs-seb%C5%91k,Balazs Sebok
Kalle Ervasti (D),Multiple Teams,46,5,15,20,0.43,14,-6,2025-2026,liiga,D,https://www.eliteprospects.com/player/470503/kalle-ervasti,Kalle Ervasti
Niilo Romppanen (D),Jukurit,46,1,5,6,0.13,6,-8,2025-2026,liiga,D,https://www.eliteprospects.com/player/476318/niilo-romppanen,Niilo Romppanen
Pathrik Westerholm (C),Lukko,45,3,14,17,0.38,12,7,2025-2026,liiga,C,https://www.eliteprospects.com/player/13146/pathrik-westerholm,Pathrik Westerholm
Onni Lind (RW),Pelicans,45,0,6,6,0.13,8,-7,2025-2026,liiga,RW,manual_onni_lind_rw,Onni Lind
Eero Klintrup (RW),SaiPa,45,6,7,13,0.29,14,1,2025-2026,liiga,RW,https://www.eliteprospects.com/player/557166/eero-klintrup,Eero Klintrup
Simon Hjalmarsson (LW),Sport,45,3,25,28,0.62,26,-24,2025-2026,liiga,LW,https://www.eliteprospects.com/player/5009/simon-hjalmarsson,Simon Hjalmarsson
Arturs Andzans (D),HPK,45,3,4,7,0.16,16,-10,2025-2026,liiga,D,https://www.eliteprospects.com/player/549378/arturs-andzans,Arturs Andzans
Kasper Pikkarainen (RW),TPS,45,2,4,6,0.13,18,-6,2025-2026,liiga,RW,https://www.eliteprospects.com/player/822425/kasper-pikkarainen,Kasper Pikkarainen
Ville Puhakka (D),KooKoo,45,1,4,5,0.11,18,13,2025-2026,liiga,D,https://www.eliteprospects.com/player/395455/ville-puhakka,Ville Puhakka
Axel Skinnari (RW),HPK,45,1,3,4,0.09,10,-10,2025-2026,liiga,RW,https://www.eliteprospects.com/player/638740/axel-skinnari,Axel Skinnari
Tarmo Reunanen (D),TPS,45,6,18,24,0.53,12,1,2025-2026,liiga,D,https://www.eliteprospects.com/player/221513/tarmo-reunanen,Tarmo Reunanen
Marcus Davidsson (C),KooKoo,44,12,26,38,0.86,16,18,2025-2026,liiga,C,https://www.eliteprospects.com/player/240720/marcus-davidsson,Marcus Davidsson
Luka Tiihonen (D),Jukurit,44,2,6,8,0.18,18,-6,2025-2026,liiga,D,https://www.eliteprospects.com/player/525659/luka-tiihonen,Luka Tiihonen
Arttu Pelli (D),Ilves,44,4,11,15,0.34,20,-3,2025-2026,liiga,D,https://www.eliteprospects.com/player/151928/arttu-pelli,Arttu Pelli
August Tornberg (D),KalPa,44,3,7,10,0.23,4,8,2025-2026,liiga,D,https://www.eliteprospects.com/player/15796/august-tornberg,August Tornberg
Patrick Curry (C/LW),KalPa,44,18,23,41,0.93,52,2,2025-2026,liiga,C/LW,https://www.eliteprospects.com/player/248331/patrick-curry,Patrick Curry
Thomas Olsen (RW),Jukurit,44,14,9,23,0.52,18,-5,2025-2026,liiga,RW,https://www.eliteprospects.com/player/52138/thomas-olsen,Thomas Olsen
Niko Korkola (D),Jukurit,44,3,8,11,0.25,6,-2,2025-2026,liiga,D,https://www.eliteprospects.com/player/747437/niko-korkola,Niko Korkola
Alexander Ruuttu (C/W),Jukurit,44,13,10,23,0.52,14,-9,2025-2026,liiga,C/W,https://www.eliteprospects.com/player/45423/alexander-ruuttu,Alexander Ruuttu
Aatu Aarnio (D),Sport,44,0,3,3,0.07,18,-19,2025-2026,liiga,D,https://www.eliteprospects.com/player/375948/aatu-aarnio,Aatu Aarnio
Joona Kumpula (C),Pelicans,44,9,12,21,0.48,16,-6,2025-2026,liiga,C,https://www.eliteprospects.com/player/601638/joona-kumpula,Joona Kumpula
Otto Hokkanen (C/W),SaiPa,43,9,7,16,0.37,12,-3,2025-2026,liiga,C/W,https://www.eliteprospects.com/player/620266/otto-hokkanen,Otto Hokkanen
Roni Karvinen (LW/C),Pelicans,43,12,14,26,0.6,6,5,2025-2026,liiga,LW/C,https://www.eliteprospects.com/player/470457/roni-karvinen,Roni Karvinen
Markus Loponen (C),Multiple Teams,43,3,3,6,0.14,26,-12,2025-2026,liiga,C,manual_markus_loponen_c,Markus Loponen
Ludvig Claesson (D),Sport,43,1,9,10,0.23,42,1,2025-2026,liiga,D,https://www.eliteprospects.com/player/147731/ludvig-claesson,Ludvig Claesson
Arttu Välilä (D),Lukko,43,0,9,9,0.21,0,-6,2025-2026,liiga,D,manual_arttu_valila_d,Arttu Valila
Miro Väänänen (C),Pelicans,43,6,7,13,0.3,6,-6,2025-2026,liiga,C,https://www.eliteprospects.com/player/314470/miro-vaananen,Miro Vaananen
Valtteri Viljanen (D),Ässät,43,3,12,15,0.35,14,-14,2025-2026,liiga,D,https://www.eliteprospects.com/player/44854/valtteri-viljanen,Valtteri Viljanen
Viljam Sandvik (C),Jukurit,43,1,3,4,0.09,4,-14,2025-2026,liiga,C,https://www.eliteprospects.com/player/496616/viljam-sandvik,Viljam Sandvik
Eetu Peltola (D),JYP,43,4,19,23,0.53,14,12,2025-2026,liiga,D,https://www.eliteprospects.com/player/318329/eetu-peltola,Eetu Peltola
Christoffer Forsberg (C),Pelicans,43,5,6,11,0.26,20,-3,2025-2026,liiga,C,https://www.eliteprospects.com/player/40860/christoffer-forsberg,Christoffer Forsberg
Hugo Gallet (D),KalPa,43,0,11,11,0.26,22,6,2025-2026,liiga,D,https://www.eliteprospects.com/player/163429/hugo-gallet,Hugo Gallet
Juuso Nykänen (F),Tappara,43,3,4,7,0.16,62,0,2025-2026,liiga,F,https://www.eliteprospects.com/player/563484/juuso-nykanen,Juuso Nykanen
Oskari Remes (W/C),Jukurit,43,4,1,5,0.12,0,-4,2025-2026,liiga,W/C,https://www.eliteprospects.com/player/747448/oskari-remes,Oskari Remes
Santeri Virtanen (C),Kiekko-Espoo,43,7,16,23,0.53,10,-5,2025-2026,liiga,C,https://www.eliteprospects.com/player/283531/santeri-virtanen,Santeri Virtanen
Vili Munkki (LW),TPS,42,3,4,7,0.17,12,-4,2025-2026,liiga,LW,https://www.eliteprospects.com/player/534247/vili-munkki,Vili Munkki
Patrik Siikanen (LW/C),SaiPa,42,14,17,31,0.74,24,3,2025-2026,liiga,LW/C,https://www.eliteprospects.com/player/375834/patrik-siikanen,Patrik Siikanen
Ondřej Pavel (C/LW),Tappara,42,6,6,12,0.29,105,-1,2025-2026,liiga,C/LW,https://www.eliteprospects.com/player/236950/ond%C5%99ej-pavel,Ondrej Pavel
Kasper Kulonummi (D),Kiekko-Espoo,42,7,14,21,0.5,12,-2,2025-2026,liiga,D,https://www.eliteprospects.com/player/601094/kasper-kulonummi,Kasper Kulonummi
Samuli Piipponen (D),Multiple Teams,42,2,6,8,0.19,77,-9,2025-2026,liiga,D,https://www.eliteprospects.com/player/43292/samuli-piipponen,Samuli Piipponen
Kim Nieminen (RW),Pelicans,41,6,11,17,0.41,14,-3,2025-2026,liiga,RW,manual_kim_nieminen_rw,Kim Nieminen
Victor Sjöholm (D),TPS,41,1,4,5,0.12,45,-6,2025-2026,liiga,D,https://www.eliteprospects.com/player/509816/victor-sjoholm,Victor Sjoholm
Juuso Ketola (D),KalPa,40,4,7,11,0.28,22,-6,2025-2026,liiga,D,https://www.eliteprospects.com/player/376253/juuso-ketola,Juuso Ketola
Lukas Svejkovsky (C/RW),Multiple Teams,40,6,7,13,0.33,18,-4,2025-2026,liiga,C/RW,https://www.eliteprospects.com/player/337733/lukas-svejkovsky,Lukas Svejkovsky
Onni Käyhkö (D),Pelicans,40,4,1,5,0.13,33,-7,2025-2026,liiga,D,https://www.eliteprospects.com/player/557188/onni-kayhko,Onni Kayhko
Aapeli Räsänen (C),Tappara,40,17,10,27,0.68,55,16,2025-2026,liiga,C,https://www.eliteprospects.com/player/118081/aapeli-rasanen,Aapeli Rasanen
Leevi Tukiainen (RW),JYP,40,29,15,44,1.1,2,12,2025-2026,liiga,RW,https://www.eliteprospects.com/player/395973/leevi-tukiainen,Leevi Tukiainen
Sebastian Soini (D),Ilves,40,3,4,7,0.18,20,2,2025-2026,liiga,D,https://www.eliteprospects.com/player/793533/sebastian-soini,Sebastian Soini
Atte Joki (C),Lukko,40,4,8,12,0.3,14,3,2025-2026,liiga,C,manual_atte_joki_c,Atte Joki
Tristan Ashbrook (C),HIFK,40,6,10,16,0.4,24,0,2025-2026,liiga,C,https://www.eliteprospects.com/player/361861/tristan-ashbrook,Tristan Ashbrook
Leevi Teissala (RW),TPS,40,3,15,18,0.45,53,3,2025-2026,liiga,RW,https://www.eliteprospects.com/player/429279/leevi-teissala,Leevi Teissala
Lenni Hämäläinen (RW/LW),Lukko,40,5,9,14,0.35,4,-9,2025-2026,liiga,RW/LW,https://www.eliteprospects.com/player/499076/lenni-hamalainen,Lenni Hamalainen
Lasse Boelius (D),Ässät,40,1,7,8,0.2,8,2,2025-2026,liiga,D,https://www.eliteprospects.com/player/689926/lasse-boelius,Lasse Boelius
Jonne Tammela (LW/RW),Ässät,39,16,19,35,0.9,14,4,2025-2026,liiga,LW/RW,https://www.eliteprospects.com/player/131138/jonne-tammela,Jonne Tammela
Otso Ylitalo (C/LW),Ässät,39,2,6,8,0.21,14,-4,2025-2026,liiga,C/LW,https://www.eliteprospects.com/player/691487/otso-ylitalo,Otso Ylitalo
Teemu Rautiainen (LW/RW),HPK,39,7,12,19,0.49,8,-2,2025-2026,liiga,LW/RW,https://www.eliteprospects.com/player/25383/teemu-rautiainen,Teemu Rautiainen
Samuel Valkeejärvi (C/RW),KooKoo,39,3,7,10,0.26,8,13,2025-2026,liiga,C/RW,https://www.eliteprospects.com/player/428818/samuel-valkeejarvi,Samuel Valkeejarvi
Philip Granath (RW),Sport,39,6,14,20,0.51,6,-4,2025-2026,liiga,RW,https://www.eliteprospects.com/player/517176/philip-granath,Philip Granath
Eelis Teutari (RW),Pelicans,38,1,7,8,0.21,14,-1,2025-2026,liiga,RW,https://www.eliteprospects.com/player/795261/eelis-teutari,Eelis Teutari
Petteri Nurmi (D),Ässät,38,3,13,16,0.42,6,9,2025-2026,liiga,D,https://www.eliteprospects.com/player/556753/petteri-nurmi,Petteri Nurmi
Sean Josling (RW),Multiple Teams,38,8,5,13,0.34,43,-11,2025-2026,liiga,RW,https://www.eliteprospects.com/player/273638/sean-josling,Sean Josling
Kasper Lundell (C/RW),HIFK,38,3,4,7,0.18,8,-7,2025-2026,liiga,C/RW,https://www.eliteprospects.com/player/628584/kasper-lundell,Kasper Lundell
Julius Junttila (LW/RW),Kärpät,38,4,10,14,0.37,8,3,2025-2026,liiga,LW/RW,https://www.eliteprospects.com/player/40471/julius-junttila,Julius Junttila
Alberts Smits (D),Jukurit,38,6,7,13,0.34,20,-3,2025-2026,liiga,D,https://www.eliteprospects.com/player/876994/alberts-smits,Alberts Smits
Miro Ruokonen (LW),TPS,38,1,2,3,0.08,2,-14,2025-2026,liiga,LW,https://www.eliteprospects.com/player/93096/miro-ruokonen,Miro Ruokonen
Verneri Ahonen (C/W),Multiple Teams,38,6,8,14,0.37,2,-1,2025-2026,liiga,C/W,https://www.eliteprospects.com/player/556850/verneri-ahonen,Verneri Ahonen
Aleksi Anttalainen (D),Ässät,38,5,8,13,0.34,10,-8,2025-2026,liiga,D,https://www.eliteprospects.com/player/285623/aleksi-anttalainen,Aleksi Anttalainen
Elias Vilén (C),Pelicans,38,7,10,17,0.45,18,-3,2025-2026,liiga,C,https://www.eliteprospects.com/player/395975/elias-vilen,Elias Vilen
Jeremi Tammela (C/RW),Jukurit,38,1,17,18,0.47,2,-10,2025-2026,liiga,C/RW,https://www.eliteprospects.com/player/556891/jeremi-tammela,Jeremi Tammela
Niklas Nykyri (D),Multiple Teams,37,2,4,6,0.16,37,-9,2025-2026,liiga,D,https://www.eliteprospects.com/player/790733/niklas-nykyri,Niklas Nykyri
Benjamin Pietilä (C/LW),Kärpät,37,3,3,6,0.16,0,-5,2025-2026,liiga,C/LW,https://www.eliteprospects.com/player/618947/benjamin-pietila,Benjamin Pietila
Severi Immonen (C/LW),Jukurit,37,1,5,6,0.16,16,0,2025-2026,liiga,C/LW,https://www.eliteprospects.com/player/395469/severi-immonen,Severi Immonen
Bence Horváth (LW),Jukurit,37,2,5,7,0.19,6,-5,2025-2026,liiga,LW,https://www.eliteprospects.com/player/642827/bence-horvath,Bence Horvath
Kim Johansson (D),Jukurit,37,1,14,15,0.41,26,-14,2025-2026,liiga,D,https://www.eliteprospects.com/player/240671/kim-johansson,Kim Johansson
Jaakko Rissanen (C),KalPa,37,11,23,34,0.92,18,12,2025-2026,liiga,C,https://www.eliteprospects.com/player/16446/jaakko-rissanen,Jaakko Rissanen
Manu Mäkelä (LW/RW),KooKoo,36,6,9,15,0.42,2,13,2025-2026,liiga,LW/RW,manual_manu_makela_lw,Manu Makela
Oliver Kopiloff (C/LW),HPK,36,4,4,8,0.22,2,-4,2025-2026,liiga,C/LW,https://www.eliteprospects.com/player/793492/oliver-kopiloff,Oliver Kopiloff
Otto Rauhala (C),Tappara,36,4,7,11,0.31,8,2,2025-2026,liiga,C,https://www.eliteprospects.com/player/65450/otto-rauhala,Otto Rauhala
Aatu Karjalainen (W/C),HIFK,36,2,2,4,0.11,10,-6,2025-2026,liiga,W/C,https://www.eliteprospects.com/player/699788/aatu-karjalainen,Aatu Karjalainen
Oskari Luoto (C),KooKoo,36,4,15,19,0.53,8,15,2025-2026,liiga,C,https://www.eliteprospects.com/player/534246/oskari-luoto,Oskari Luoto
Toni Utunen (D),Ilves,36,2,8,10,0.28,10,21,2025-2026,liiga,D,https://www.eliteprospects.com/player/355654/toni-utunen,Toni Utunen
Olli Nikupeteri (LW/RW),Kärpät,36,0,2,2,0.06,2,-6,2025-2026,liiga,LW/RW,https://www.eliteprospects.com/player/557162/olli-nikupeteri,Olli Nikupeteri
Lauri Sertti (D),HPK,35,1,5,6,0.17,16,-2,2025-2026,liiga,D,https://www.eliteprospects.com/player/301326/lauri-sertti,Lauri Sertti
Jesse Seppälä (LW/RW),HIFK,35,0,3,3,0.09,10,-9,2025-2026,liiga,LW/RW,https://www.eliteprospects.com/player/499075/jesse-seppala,Jesse Seppala
Markus Nutivaara (D),Kärpät,35,7,9,16,0.46,8,-10,2025-2026,liiga,D,https://www.eliteprospects.com/player/47273/markus-nutivaara,Markus Nutivaara
Mitja Jokinen (D),TPS,35,1,1,2,0.06,4,-11,2025-2026,liiga,D,https://www.eliteprospects.com/player/618942/mitja-jokinen,Mitja Jokinen
Jiri Pärssinen (D),KooKoo,35,4,6,10,0.29,6,2,2025-2026,liiga,D,https://www.eliteprospects.com/player/534178/jiri-parssinen,Jiri Parssinen
Dylan Fabre (LW/RW),Ässät,34,12,11,23,0.68,6,3,2025-2026,liiga,LW/RW,https://www.eliteprospects.com/player/361490/dylan-fabre,Dylan Fabre
Jori Lehterä (C),HIFK,34,2,26,28,0.82,39,0,2025-2026,liiga,C,https://www.eliteprospects.com/player/8042/jori-lehtera,Jori Lehtera
Leo Tuuva (RW),Lukko,34,4,10,14,0.41,6,-15,2025-2026,liiga,RW,manual_leo_tuuva_rw,Leo Tuuva
Aleks Haatanen (LW),Jukurit,34,6,9,15,0.44,10,-13,2025-2026,liiga,LW,https://www.eliteprospects.com/player/332286/aleks-haatanen,Aleks Haatanen
Oskars Batna (C/LW),Pelicans,33,9,14,23,0.7,35,5,2025-2026,liiga,C/LW,https://www.eliteprospects.com/player/52426/oskars-batna,Oskars Batna
Lauri Sinivuori (C/LW),HIFK,33,1,3,4,0.12,35,-4,2025-2026,liiga,C/LW,manual_lauri_sinivuori_c,Lauri Sinivuori
Eetu Levänen (LW),Sport,33,2,6,8,0.24,6,-17,2025-2026,liiga,LW,manual_eetu_levanen_lw,Eetu Levanen
Santeri Huovila (LW),JYP,33,5,37,42,1.27,4,-3,2025-2026,liiga,LW,https://www.eliteprospects.com/player/645104/santeri-huovila,Santeri Huovila
Miika Koivisto (D),Sport,33,1,8,9,0.27,16,-6,2025-2026,liiga,D,https://www.eliteprospects.com/player/45219/miika-koivisto,Miika Koivisto
Johan Sundström (C),Sport,32,11,8,19,0.59,12,-6,2025-2026,liiga,C,https://www.eliteprospects.com/player/16727/johan-sundstrom,Johan Sundstrom
Elias Puolanne (F),Kiekko-Espoo,32,2,4,6,0.19,6,3,2025-2026,liiga,F,https://www.eliteprospects.com/player/618953/elias-puolanne,Elias Puolanne
Juuso Mäenpää (C/LW),KalPa,32,8,23,31,0.97,8,0,2025-2026,liiga,C/LW,https://www.eliteprospects.com/player/534237/juuso-maenpaa,Juuso Maenpaa
Antti Tyrväinen (W/C),JYP,32,1,6,7,0.22,62,-6,2025-2026,liiga,W/C,https://www.eliteprospects.com/player/11386/antti-tyrvainen,Antti Tyrvainen
Sakari Kostilainen (F),Ässät,32,8,2,10,0.31,12,5,2025-2026,liiga,F,manual_sakari_kostilainen_f,Sakari Kostilainen
Charles Bertrand (RW),Sport,32,13,6,19,0.59,6,-7,2025-2026,liiga,RW,https://www.eliteprospects.com/player/32965/charles-bertrand,Charles Bertrand
Kristjan Kombe (C/W),KalPa,31,1,4,5,0.16,0,-4,2025-2026,liiga,C/W,https://www.eliteprospects.com/player/339172/kristjan-kombe,Kristjan Kombe
Väinö Liikonen (D),JYP,31,1,4,5,0.16,95,9,2025-2026,liiga,D,https://www.eliteprospects.com/player/428825/vaino-liikonen,Vaino Liikonen
Kalle Miketinac (C/LW),Sport,31,5,8,13,0.42,33,-12,2025-2026,liiga,C/LW,https://www.eliteprospects.com/player/265830/kalle-miketinac,Kalle Miketinac
Joseph Berger (D),KooKoo,31,1,8,9,0.29,12,20,2025-2026,liiga,D,https://www.eliteprospects.com/player/288460/joseph-berger,Joseph Berger
Jakob Ragnarsson (D),HIFK,31,1,5,6,0.19,18,10,2025-2026,liiga,D,https://www.eliteprospects.com/player/304366/jakob-ragnarsson,Jakob Ragnarsson
Anton Karlsson (D),KalPa,30,0,2,2,0.07,4,0,2025-2026,liiga,D,https://www.eliteprospects.com/player/29695/anton-karlsson,Anton Karlsson
Kasper Björkqvist (RW/LW),Ilves,30,3,9,12,0.4,27,2,2025-2026,liiga,RW/LW,https://www.eliteprospects.com/player/122146/kasper-bjorkqvist,Kasper Bjorkqvist
Brett Stapley (C),Pelicans,30,8,14,22,0.73,14,-3,2025-2026,liiga,C,https://www.eliteprospects.com/player/201696/brett-stapley,Brett Stapley
Timi Teuho-Markkola (LW),Ilves,30,2,4,6,0.2,2,-2,2025-2026,liiga,LW,https://www.eliteprospects.com/player/796212/timi-teuho-markkola,Timi Teuhomarkkola
Kristian Vesalainen (W/C),HPK,30,2,14,16,0.53,6,-2,2025-2026,liiga,W/C,https://www.eliteprospects.com/player/222125/kristian-vesalainen,Kristian Vesalainen
Carl Klingberg (RW),Ilves,30,6,6,12,0.4,12,3,2025-2026,liiga,RW,https://www.eliteprospects.com/player/9791/carl-klingberg,Carl Klingberg
Juho Piiparinen (D),Tappara,29,0,3,3,0.1,8,6,2025-2026,liiga,D,manual_juho_piiparinen_d,Juho Piiparinen
Joona Lehmus (D),JYP,29,1,6,7,0.24,6,5,2025-2026,liiga,D,https://www.eliteprospects.com/player/527539/joona-lehmus,Joona Lehmus
Miro Tauslahti (LW),SaiPa,28,3,4,7,0.25,6,2,2025-2026,liiga,LW,https://www.eliteprospects.com/player/639009/miro-tauslahti,Miro Tauslahti
Tuukka Korkiakoski (F),KalPa,28,2,2,4,0.14,4,-2,2025-2026,liiga,F,manual_tuukka_korkiakoski_f,Tuukka Korkiakoski
Ossi-Veikka Vuontisvaara (D),JYP,27,1,4,5,0.19,8,-1,2025-2026,liiga,D,https://www.eliteprospects.com/player/641973/ossi-veikka-vuontisvaara,Ossiveikka Vuontisvaara
Linus Nyman (LW/RW),Multiple Teams,27,3,8,11,0.41,6,5,2025-2026,liiga,LW/RW,https://www.eliteprospects.com/player/277057/linus-nyman,Linus Nyman
Patrik Carlsson (LW/C),Pelicans,27,1,7,8,0.3,8,-6,2025-2026,liiga,LW/C,https://www.eliteprospects.com/player/3681/patrik-carlsson,Patrik Carlsson
Iivari Heikkinen (RW),Multiple Teams,27,5,3,8,0.3,6,-5,2025-2026,liiga,RW,https://www.eliteprospects.com/player/617820/iivari-heikkinen,Iivari Heikkinen
Petteri Lindbohm (D),HIFK,27,3,5,8,0.3,41,10,2025-2026,liiga,D,https://www.eliteprospects.com/player/45347/petteri-lindbohm,Petteri Lindbohm
Anttoni Uronen (F),HIFK,27,2,8,10,0.37,2,7,2025-2026,liiga,F,manual_anttoni_uronen_f,Anttoni Uronen
Roope Talaja (LW),Ässät,26,5,3,8,0.31,16,-5,2025-2026,liiga,LW,https://www.eliteprospects.com/player/21214/roope-talaja,Roope Talaja
Lukas Zetterberg (RW),Pelicans,26,6,4,10,0.38,8,2,2025-2026,liiga,RW,https://www.eliteprospects.com/player/212396/lukas-zetterberg,Lukas Zetterberg
Ilari Melart (D),HIFK,25,2,4,6,0.24,18,-1,2025-2026,liiga,D,https://www.eliteprospects.com/player/11374/ilari-melart,Ilari Melart
Otto Mykrä (W/C),KalPa,25,3,1,4,0.16,2,0,2025-2026,liiga,W/C,https://www.eliteprospects.com/player/525654/otto-mykra,Otto Mykra
Joakim Hirschovits (C),Kiekko-Espoo,25,0,0,0,0.0,0,-6,2025-2026,liiga,C,manual_joakim_hirschovits_c,Joakim Hirschovits
Kasper Soini (D),Kärpät,25,2,2,4,0.16,8,-4,2025-2026,liiga,D,https://www.eliteprospects.com/player/566274/kasper-soini,Kasper Soini
Viljami Juusola (D),Kärpät,25,1,5,6,0.24,4,3,2025-2026,liiga,D,https://www.eliteprospects.com/player/525636/viljami-juusola,Viljami Juusola
Jere Karjalainen (RW),HIFK,25,4,3,7,0.28,10,-2,2025-2026,liiga,RW,https://www.eliteprospects.com/player/45429/jere-karjalainen,Jere Karjalainen
Jiro Frilander (RW),Jukurit,24,5,6,11,0.46,6,0,2025-2026,liiga,RW,https://www.eliteprospects.com/player/707819/jiro-frilander,Jiro Frilander
Joonas Rask (RW),Kiekko-Espoo,24,4,3,7,0.29,31,0,2025-2026,liiga,RW,https://www.eliteprospects.com/player/16049/joonas-rask,Joonas Rask
Jules Boscq (D),HPK,24,2,3,5,0.21,6,-6,2025-2026,liiga,D,https://www.eliteprospects.com/player/277663/jules-boscq,Jules Boscq
Iivari Räsänen (D),Multiple Teams,24,1,3,4,0.17,2,6,2025-2026,liiga,D,https://www.eliteprospects.com/player/355653/iivari-rasanen,Iivari Rasanen
Olli Palola (RW),Ilves,24,7,7,14,0.58,6,14,2025-2026,liiga,RW,https://www.eliteprospects.com/player/10364/olli-palola,Olli Palola
Radek Koblizek (RW/LW),KooKoo,24,4,12,16,0.67,4,-8,2025-2026,liiga,RW/LW,https://www.eliteprospects.com/player/195021/radek-koblizek,Radek Koblizek
Santeri Sulku (W/C),KooKoo,24,7,9,16,0.67,0,2,2025-2026,liiga,W/C,manual_santeri_sulku_w,Santeri Sulku
Kim Nousiainen (D),KooKoo,23,4,8,12,0.52,14,6,2025-2026,liiga,D,https://www.eliteprospects.com/player/332966/kim-nousiainen,Kim Nousiainen
Ville Immonen (C),Sport,23,1,2,3,0.13,2,-12,2025-2026,liiga,C,manual_ville_immonen_c,Ville Immonen
Santeri Hartikainen (C/RW),HIFK,23,1,2,3,0.13,2,-4,2025-2026,liiga,C/RW,https://www.eliteprospects.com/player/277086/santeri-hartikainen,Santeri Hartikainen
Alexis Binner (D),TPS,23,4,14,18,0.78,12,-5,2025-2026,liiga,D,manual_alexis_binner_d,Alexis Binner
Danick Martel (LW/C),Ässät,23,7,6,13,0.57,12,2,2025-2026,liiga,LW/C,https://www.eliteprospects.com/player/129039/danick-martel,Danick Martel
Arttu Niskanen (D/F),Multiple Teams,23,1,4,5,0.22,4,3,2025-2026,liiga,D/F,manual_arttu_niskanen_d,Arttu Niskanen
Jesse Pärssinen (C/LW),TPS,23,1,0,1,0.04,4,-4,2025-2026,liiga,C/LW,manual_jesse_parssinen_c,Jesse Parssinen
Hannes Tiainen (LW),HIFK,22,0,0,0,0.0,4,-3,2025-2026,liiga,LW,manual_hannes_tiainen_lw,Hannes Tiainen
Mikko Kousa (D),Pelicans,22,2,9,11,0.5,8,-10,2025-2026,liiga,D,https://www.eliteprospects.com/player/9915/mikko-kousa,Mikko Kousa
Lucas Edmonds (RW/LW),Pelicans,22,2,6,8,0.36,12,-9,2025-2026,liiga,RW/LW,https://www.eliteprospects.com/player/418530/lucas-edmonds,Lucas Edmonds
Joose Antonen (RW/LW),HPK,22,3,7,10,0.45,10,-1,2025-2026,liiga,RW/LW,https://www.eliteprospects.com/player/50748/joose-antonen,Joose Antonen
Iiro Pakarinen (RW/LW),HIFK,22,6,5,11,0.5,39,1,2025-2026,liiga,RW/LW,https://www.eliteprospects.com/player/30857/iiro-pakarinen,Iiro Pakarinen
Matti Järvinen (C),Kiekko-Espoo,22,6,7,13,0.59,10,0,2025-2026,liiga,C,https://www.eliteprospects.com/player/16646/matti-jarvinen,Matti Jarvinen
A.J. Vanderbeck (RW),Pelicans,22,7,4,11,0.5,8,-12,2025-2026,liiga,RW,https://www.eliteprospects.com/player/219831/a.j.-vanderbeck,Aj Vanderbeck
Samuel Jonsson (D),Kärpät,22,3,0,3,0.14,2,-5,2025-2026,liiga,D,https://www.eliteprospects.com/player/231612/samuel-jonsson,Samuel Jonsson
Oliver Hult (F),Sport,21,1,1,2,0.1,0,-2,2025-2026,liiga,F,manual_oliver_hult_f,Oliver Hult
Teemu Väyrynen (W/C),JYP,21,2,2,4,0.19,10,3,2025-2026,liiga,W/C,https://www.eliteprospects.com/player/152027/teemu-vayrynen,Teemu Vayrynen
Tuukka Tieksola (RW),Kärpät,21,4,9,13,0.62,10,-3,2025-2026,liiga,RW,https://www.eliteprospects.com/player/395512/tuukka-tieksola,Tuukka Tieksola
Jesper Kotajärvi (D),Tappara,21,0,0,0,0.0,2,3,2025-2026,liiga,D,https://www.eliteprospects.com/player/858129/jesper-kotajarvi,Jesper Kotajarvi
Elias Huttu (F),Multiple Teams,21,1,2,3,0.14,4,-1,2025-2026,liiga,F,https://www.eliteprospects.com/player/745892/elias-huttu,Elias Huttu
Miro Karjalainen (D),Ässät,20,1,2,3,0.15,4,3,2025-2026,liiga,D,https://www.eliteprospects.com/player/151918/miro-karjalainen,Miro Karjalainen
Julius Korjus (RW),JYP,20,0,0,0,0.0,0,-5,2025-2026,liiga,RW,manual_julius_korjus_rw,Julius Korjus
Garrett Pyke (D),HPK,20,0,2,2,0.1,12,-6,2025-2026,liiga,D,https://www.eliteprospects.com/player/273731/garrett-pyke,Garrett Pyke
Jasper Valtanen (D),Sport,20,0,3,3,0.15,2,-1,2025-2026,liiga,D,manual_jasper_valtanen_d,Jasper Valtanen
Anrei Hakulinen (RW/LW),HPK,20,3,10,13,0.65,6,0,2025-2026,liiga,RW/LW,https://www.eliteprospects.com/player/49328/anrei-hakulinen,Anrei Hakulinen
Ben Tardif (LW),Kärpät,20,10,4,14,0.7,4,-4,2025-2026,liiga,LW,https://www.eliteprospects.com/player/335694/ben-tardif,Ben Tardif
Thomas Caron (LW/RW),HPK,20,2,1,3,0.15,10,-3,2025-2026,liiga,LW/RW,https://www.eliteprospects.com/player/415819/thomas-caron,Thomas Caron
Jeremi Virtanen (F),TPS,19,0,1,1,0.05,27,-5,2025-2026,liiga,F,manual_jeremi_virtanen_f,Jeremi Virtanen
Nooa Viuhkola (RW),Kärpät,19,0,0,0,0.0,0,-9,2025-2026,liiga,RW,manual_nooa_viuhkola_rw,Nooa Viuhkola
Alex Ciernik (LW/RW),Pelicans,19,1,2,3,0.16,4,-4,2025-2026,liiga,LW/RW,https://www.eliteprospects.com/player/643090/alex-ciernik,Alex Ciernik
Simo Heinonen (LW/RW),Multiple Teams,19,2,5,7,0.37,0,5,2025-2026,liiga,LW/RW,https://www.eliteprospects.com/player/563882/simo-heinonen,Simo Heinonen
Jani Hakanpää (D),Kärpät,19,1,2,3,0.16,8,-2,2025-2026,liiga,D,https://www.eliteprospects.com/player/45342/jani-hakanpaa,Jani Hakanpaa
Eemeli Heinilä (D),Ässät,19,0,1,1,0.05,4,-1,2025-2026,liiga,D,manual_eemeli_heinila_d,Eemeli Heinila
Tim Ekman (C),Sport,19,0,3,3,0.16,2,-9,2025-2026,liiga,C,manual_tim_ekman_c,Tim Ekman
Samuli Aaltonen (LW/RW),HPK,19,1,0,1,0.05,6,-3,2025-2026,liiga,LW/RW,https://www.eliteprospects.com/player/396628/samuli-aaltonen,Samuli Aaltonen
Ville Ruotsalainen (D),KalPa,19,7,13,20,1.05,10,10,2025-2026,liiga,D,https://www.eliteprospects.com/player/557202/ville-ruotsalainen,Ville Ruotsalainen
Aaro Chrons (C),Pelicans,18,3,0,3,0.17,0,-1,2025-2026,liiga,C,https://www.eliteprospects.com/player/793562/aaro-chrons,Aaro Chrons
Vertti Svensk (D),SaiPa,18,0,1,1,0.06,12,3,2025-2026,liiga,D,manual_vertti_svensk_d,Vertti Svensk
Olli Juolevi (D),Tappara,18,0,3,3,0.17,14,1,2025-2026,liiga,D,https://www.eliteprospects.com/player/196391/olli-juolevi,Olli Juolevi
Topias Liljamo (LW),JYP,18,2,1,3,0.17,2,1,2025-2026,liiga,LW,manual_topias_liljamo_lw,Topias Liljamo
Leo Komarov (W/C),Kiekko-Espoo,17,1,6,7,0.41,29,6,2025-2026,liiga,W/C,https://www.eliteprospects.com/player/7617/leo-komarov,Leo Komarov
Linus Nässén (C/W),TPS,17,0,3,3,0.18,6,-9,2025-2026,liiga,C/W,https://www.eliteprospects.com/player/300505/linus-nassen,Linus Nassen
Louis Boudon (C),Jukurit,17,3,5,8,0.47,0,-4,2025-2026,liiga,C,https://www.eliteprospects.com/player/240254/louis-boudon,Louis Boudon
Joonas Paqvalin (LW),Pelicans,16,0,1,1,0.06,0,-1,2025-2026,liiga,LW,https://www.eliteprospects.com/player/796048/joonas-paqvalin,Joonas Paqvalin
Sebastian Repo (RW),HIFK,15,6,5,11,0.73,2,9,2025-2026,liiga,RW,https://www.eliteprospects.com/player/92192/sebastian-repo,Sebastian Repo
Ville Arkiomaa (D),Kiekko-Espoo,15,0,0,0,0.0,4,-6,2025-2026,liiga,D,manual_ville_arkiomaa_d,Ville Arkiomaa
Kalle Myllymaa (C),TPS,15,2,3,5,0.33,2,-6,2025-2026,liiga,C,https://www.eliteprospects.com/player/534265/kalle-myllymaa,Kalle Myllymaa
Tomas Mazura (C),KooKoo,14,2,8,10,0.71,4,8,2025-2026,liiga,C,https://www.eliteprospects.com/player/297692/tomas-mazura,Tomas Mazura
Branden Troock (RW),Sport,14,3,2,5,0.36,29,-8,2025-2026,liiga,RW,https://www.eliteprospects.com/player/51702/branden-troock,Branden Troock
Janne Peltonen (D),Kärpät,14,1,1,2,0.14,0,-3,2025-2026,liiga,D,https://www.eliteprospects.com/player/691486/janne-peltonen,Janne Peltonen
Ossi Sippola (D),HIFK,14,0,0,0,0.0,8,-1,2025-2026,liiga,D,manual_ossi_sippola_d,Ossi Sippola
Aarne Talvitie (C/LW),Kiekko-Espoo,13,3,2,5,0.38,6,3,2025-2026,liiga,C/LW,https://www.eliteprospects.com/player/299098/aarne-talvitie,Aarne Talvitie
Panu Mieho (C/W),HIFK,13,1,2,3,0.23,0,-1,2025-2026,liiga,C/W,https://www.eliteprospects.com/player/66924/panu-mieho,Panu Mieho
Valtteri Piironen (RW),HIFK,13,0,0,0,0.0,2,-2,2025-2026,liiga,RW,https://www.eliteprospects.com/player/747446/valtteri-piironen,Valtteri Piironen
Paul Mottard (C),Ilves,13,0,0,0,0.0,0,-3,2025-2026,liiga,C,manual_paul_mottard_c,Paul Mottard
Akseli Ketonen (D),HPK,12,0,1,1,0.08,0,-4,2025-2026,liiga,D,https://www.eliteprospects.com/player/793483/akseli-ketonen,Akseli Ketonen
Santeri Elo (LW),TPS,12,0,1,1,0.08,4,-2,2025-2026,liiga,LW,manual_santeri_elo_lw,Santeri Elo
Aatu Heinänen (F),Kiekko-Espoo,12,0,2,2,0.17,0,0,2025-2026,liiga,F,https://www.eliteprospects.com/player/725226/aatu-heinanen,Aatu Heinanen
Ville Heikkala (LW),Kärpät,12,2,0,2,0.17,2,-1,2025-2026,liiga,LW,https://www.eliteprospects.com/player/284835/ville-heikkala,Ville Heikkala
Waltteri Koivunen (RW),Sport,12,0,1,1,0.08,0,-12,2025-2026,liiga,RW,manual_waltteri_koivunen_rw,Waltteri Koivunen
Bogdans Hodass (D),Jukurit,12,0,2,2,0.17,31,-5,2025-2026,liiga,D,https://www.eliteprospects.com/player/532642/bogdans-hodass,Bogdans Hodass
Otso Rantakari (D),Pelicans,11,0,1,1,0.09,18,-2,2025-2026,liiga,D,https://www.eliteprospects.com/player/23041/otso-rantakari,Otso Rantakari
Anze Zezelj (C),SaiPa,11,1,3,4,0.36,2,6,2025-2026,liiga,C,manual_anze_zezelj_c,Anze Zezelj
Matias Rajaniemi (D),HIFK,11,0,2,2,0.18,6,-2,2025-2026,liiga,D,https://www.eliteprospects.com/player/499512/matias-rajaniemi,Matias Rajaniemi
Onni Korkka (D),Lukko,11,0,0,0,0.0,4,-1,2025-2026,liiga,D,https://www.eliteprospects.com/player/396626/onni-korkka,Onni Korkka
Juho Keinänen (RW),Sport,11,1,1,2,0.18,0,-1,2025-2026,liiga,RW,manual_juho_keinanen_rw,Juho Keinanen
Veeti Ruotsalainen (D),Kärpät,11,0,2,2,0.18,0,-1,2025-2026,liiga,D,manual_veeti_ruotsalainen_d,Veeti Ruotsalainen
Venni Tolppola (C/RW),Kiekko-Espoo,10,0,1,1,0.1,0,-2,2025-2026,liiga,C/RW,https://www.eliteprospects.com/player/638635/venni-tolppola,Venni Tolppola
Atte Heinänen (D),Kiekko-Espoo,10,0,0,0,0.0,0,-2,2025-2026,liiga,D,https://www.eliteprospects.com/player/674508/atte-heinanen,Atte Heinanen
Aapo Katavisto (RW),Kiekko-Espoo,10,2,1,3,0.3,2,-3,2025-2026,liiga,RW,https://www.eliteprospects.com/player/865799/aapo-katavisto,Aapo Katavisto
Valtteri Nurmi (D),Pelicans,10,0,6,6,0.6,6,-1,2025-2026,liiga,D,manual_valtteri_nurmi_d,Valtteri Nurmi
Derek Daschke (D),Lukko,10,2,1,3,0.3,4,0,2025-2026,liiga,D,https://www.eliteprospects.com/player/272191/derek-daschke,Derek Daschke
Eetu Koivunen (D),Sport,10,0,1,1,0.1,0,-7,2025-2026,liiga,D,https://www.eliteprospects.com/player/535836/eetu-koivunen,Eetu Koivunen
Teemu Eronen (D),JYP,9,0,3,3,0.33,2,3,2025-2026,liiga,D,https://www.eliteprospects.com/player/17284/teemu-eronen,Teemu Eronen
Rasmus Baggström (LW),Jukurit,9,0,3,3,0.33,12,1,2025-2026,liiga,LW,manual_rasmus_baggstrom_lw,Rasmus Baggstrom
Ludvig Larsson (C),Sport,9,1,5,6,0.67,8,3,2025-2026,liiga,C,https://www.eliteprospects.com/player/45020/ludvig-larsson,Ludvig Larsson
Alexander Kim (F),Ässät,9,1,3,4,0.44,0,1,2025-2026,liiga,F,manual_alexander_kim_f,Alexander Kim
Noel Pakarinen (LW),Kiekko-Espoo,9,0,1,1,0.11,0,-4,2025-2026,liiga,LW,manual_noel_pakarinen_lw,Noel Pakarinen
Eemil Laurell (F),Ilves,9,0,0,0,0.0,0,-3,2025-2026,liiga,F,https://www.eliteprospects.com/player/710224/eemil-laurell,Eemil Laurell
Bruno Jalasti (D),HIFK,8,2,0,2,0.25,8,-4,2025-2026,liiga,D,https://www.eliteprospects.com/player/785948/bruno-jalasti,Bruno Jalasti
Elias Mourujärvi (C),Sport,8,0,0,0,0.0,2,-4,2025-2026,liiga,C,manual_elias_mourujarvi_c,Elias Mourujarvi
Rasmus Toivainen (LW/RW),Sport,8,0,0,0,0.0,0,-2,2025-2026,liiga,LW/RW,https://www.eliteprospects.com/player/526047/rasmus-toivainen,Rasmus Toivainen
Eerik Kolehmainen (F),Pelicans,8,0,1,1,0.13,2,-2,2025-2026,liiga,F,manual_eerik_kolehmainen_f,Eerik Kolehmainen
Vilho Vanhatalo (RW/LW),Tappara,8,0,1,1,0.13,0,1,2025-2026,liiga,RW/LW,manual_vilho_vanhatalo_rw,Vilho Vanhatalo
Waltteri Toivainen (RW/LW),Sport,8,0,0,0,0.0,0,-6,2025-2026,liiga,RW/LW,manual_waltteri_toivainen_rw,Waltteri Toivainen
Dan Harkimo (F),Sport,8,1,0,1,0.13,2,-4,2025-2026,liiga,F,manual_dan_harkimo_f,Dan Harkimo
Arttu Kärki (D),Multiple Teams,8,1,3,4,0.5,0,0,2025-2026,liiga,D,https://www.eliteprospects.com/player/638705/arttu-karki,Arttu Karki
Jirko Tukiainen (D),Lukko,7,1,0,1,0.14,0,1,2025-2026,liiga,D,manual_jirko_tukiainen_d,Jirko Tukiainen
Otto Jaatinen (C),JYP,7,0,0,0,0.0,0,-3,2025-2026,liiga,C,https://www.eliteprospects.com/player/601096/otto-jaatinen,Otto Jaatinen
Totte Pulli (LW),HPK,7,0,1,1,0.14,0,-3,2025-2026,liiga,LW,manual_totte_pulli_lw,Totte Pulli
Viljami Savolainen (D),HIFK,7,1,1,2,0.29,0,2,2025-2026,liiga,D,manual_viljami_savolainen_d,Viljami Savolainen
Thierry Andrey (LW/RW),Sport,6,0,0,0,0.0,0,-4,2025-2026,liiga,LW/RW,manual_thierry_andrey_lw,Thierry Andrey
Verner Valojärvi (C/W),Jukurit,6,0,0,0,0.0,2,0,2025-2026,liiga,C/W,manual_verner_valojarvi_c,Verner Valojarvi
Samuel Huzevka (D),Pelicans,6,1,0,1,0.17,0,-1,2025-2026,liiga,D,manual_samuel_huzevka_d,Samuel Huzevka
Max Laatikainen (D),Kiekko-Espoo,6,0,2,2,0.33,0,1,2025-2026,liiga,D,manual_max_laatikainen_d,Max Laatikainen
Tuomo Saavola (RW/C),Kiekko-Espoo,6,0,0,0,0.0,0,-3,2025-2026,liiga,RW/C,manual_tuomo_saavola_rw,Tuomo Saavola
David Timofejev (F),KalPa,6,0,1,1,0.17,0,0,2025-2026,liiga,F,manual_david_timofejev_f,David Timofejev
Aapo Kurri (D),Jukurit,6,0,1,1,0.17,2,0,2025-2026,liiga,D,manual_aapo_kurri_d,Aapo Kurri
Ilari Mäkinen (RW),HPK,5,0,0,0,0.0,4,-2,2025-2026,liiga,RW,manual_ilari_makinen_rw,Ilari Makinen
Natan Teshome (RW/C),Jukurit,5,1,0,1,0.2,2,1,2025-2026,liiga,RW/C,manual_natan_teshome_rw,Natan Teshome
Rasmus Pakarinen (F),KalPa,5,0,0,0,0.0,0,1,2025-2026,liiga,F,manual_rasmus_pakarinen_f,Rasmus Pakarinen
Ilari Kapanen (D),HIFK,5,0,0,0,0.0,2,-3,2025-2026,liiga,D,https://www.eliteprospects.com/player/982709/ilari-kapanen,Ilari Kapanen
Joel Heiskanen (LW),Jukurit,5,0,0,0,0.0,2,-5,2025-2026,liiga,LW,manual_joel_heiskanen_lw,Joel Heiskanen
Niklas Nilsson (D),TPS,5,0,0,0,0.0,0,0,2025-2026,liiga,D,https://www.eliteprospects.com/player/568901/niklas-nilsson,Niklas Nilsson
Aaron Hakala (W/C),Jukurit,4,0,2,2,0.5,2,1,2025-2026,liiga,W/C,https://www.eliteprospects.com/player/526042/aaron-hakala,Aaron Hakala
Verneri Arkko (D),HIFK,4,0,1,1,0.25,4,-1,2025-2026,liiga,D,https://www.eliteprospects.com/player/556915/verneri-arkko,Verneri Arkko
Niilo Himanen (D),Jukurit,4,0,0,0,0.0,0,-1,2025-2026,liiga,D,manual_niilo_himanen_d,Niilo Himanen
Daniil Trakht (W),Lukko,4,1,0,1,0.25,0,1,2025-2026,liiga,W,https://www.eliteprospects.com/player/538851/daniil-trakht,Daniil Trakht
Joel Kerkkänen (F),Ilves,4,0,1,1,0.25,2,1,2025-2026,liiga,F,https://www.eliteprospects.com/player/244807/joel-kerkkanen,Joel Kerkkanen
Ondřej Kos (LW),Ilves,4,1,1,2,0.5,0,4,2025-2026,liiga,LW,https://www.eliteprospects.com/player/793598/ond%C5%99ej-kos,Ondrej Kos
Tommy Willberg (D),Kiekko-Espoo,4,0,0,0,0.0,0,-1,2025-2026,liiga,D,manual_tommy_willberg_d,Tommy Willberg
Rasmus Miilunpohja (F),KalPa,4,0,0,0,0.0,0,-1,2025-2026,liiga,F,manual_rasmus_miilunpohja_f,Rasmus Miilunpohja
Arttu Paqvalin (D),Pelicans,3,0,0,0,0.0,0,-3,2025-2026,liiga,D,manual_arttu_paqvalin_d,Arttu Paqvalin
Eeli Salovaara (RW),Kärpät,3,0,0,0,0.0,0,-3,2025-2026,liiga,RW,manual_eeli_salovaara_rw,Eeli Salovaara
Emil Vänninen (D),Sport,3,0,0,0,0.0,0,-3,2025-2026,liiga,D,manual_emil_vanninen_d,Emil Vanninen
Johan Fisk (D),Jukurit,3,0,0,0,0.0,0,1,2025-2026,liiga,D,manual_johan_fisk_d,Johan Fisk
Samuel Jung (RW),Kärpät,3,1,0,1,0.33,0,0,2025-2026,liiga,RW,manual_samuel_jung_rw,Samuel Jung
Viljo Kähkönen (F),HIFK,3,0,1,1,0.33,0,-4,2025-2026,liiga,F,manual_viljo_kahkonen_f,Viljo Kahkonen
Verneri Virkkunen (D),TPS,3,0,0,0,0.0,0,0,2025-2026,liiga,D,manual_verneri_virkkunen_d,Verneri Virkkunen
Juho Hintikka (D),KalPa,3,0,0,0,0.0,0,1,2025-2026,liiga,D,manual_juho_hintikka_d,Juho Hintikka
Eeka Kangas (F),Sport,3,0,0,0,0.0,0,-2,2025-2026,liiga,F,manual_eeka_kangas_f,Eeka Kangas
Aatu Pohjalainen (F),Pelicans,3,0,0,0,0.0,0,-2,2025-2026,liiga,F,manual_aatu_pohjalainen_f,Aatu Pohjalainen
Veeti Moilanen (F),SaiPa,3,0,0,0,0.0,0,-1,2025-2026,liiga,F,manual_veeti_moilanen_f,Veeti Moilanen
Tuomas Suoniemi (C/LW),Kiekko-Espoo,3,0,0,0,0.0,0,-2,2025-2026,liiga,C/LW,https://www.eliteprospects.com/player/618949/tuomas-suoniemi,Tuomas Suoniemi
Niklas Virtanen (LW/RW),Pelicans,3,1,0,1,0.33,2,-2,2025-2026,liiga,LW/RW,https://www.eliteprospects.com/player/318240/niklas-virtanen,Niklas Virtanen
Joonas Eronen (D),Jukurit,3,0,1,1,0.33,2,-4,2025-2026,liiga,D,manual_joonas_eronen_d,Joonas Eronen
Valtteri Koskela (D),Jukurit,2,0,0,0,0.0,0,0,2025-2026,liiga,D,https://www.eliteprospects.com/player/499415/valtteri-koskela,Valtteri Koskela
Veikka Fagerström (C),HPK,2,0,0,0,0.0,0,-2,2025-2026,liiga,C,manual_veikka_fagerstrom_c,Veikka Fagerstrom
Veeti Rantula (F),Jukurit,2,0,0,0,0.0,0,-2,2025-2026,liiga,F,manual_veeti_rantula_f,Veeti Rantula
Paavo Lepistö (D),Jukurit,2,0,0,0,0.0,0,0,2025-2026,liiga,D,manual_paavo_lepisto_d,Paavo Lepisto
Bruno Petrovics (D),Sport,2,0,0,0,0.0,0,0,2025-2026,liiga,D,manual_bruno_petrovics_d,Bruno Petrovics
Joona Mutka (C),Jukurit,2,2,0,2,1.0,0,-3,2025-2026,liiga,C,manual_joona_mutka_c,Joona Mutka
Noel Koivu (F),JYP,2,0,0,0,0.0,0,-1,2025-2026,liiga,F,manual_noel_koivu_f,Noel Koivu
Petr Věchet (F),Lukko,2,0,0,0,0.0,0,0,2025-2026,liiga,F,manual_petr_vechet_f,Petr Vechet
Eelis Uronen (D),HIFK,2,0,0,0,0.0,0,-3,2025-2026,liiga,D,manual_eelis_uronen_d,Eelis Uronen
Rene Nummelin (D),TPS,2,0,0,0,0.0,0,-2,2025-2026,liiga,D,manual_rene_nummelin_d,Rene Nummelin
Richard Zemlicka (F),SaiPa,2,0,0,0,0.0,0,1,2025-2026,liiga,F,manual_richard_zemlicka_f,Richard Zemlicka
Atte Uusikartano (C),TPS,2,1,0,1,0.5,0,0,2025-2026,liiga,C,manual_atte_uusikartano_c,Atte Uusikartano
Vili Pulakka (LW),Lukko,2,0,0,0,0.0,2,0,2025-2026,liiga,LW,manual_vili_pulakka_lw,Vili Pulakka
Eemil Koponen (F),Jukurit,2,0,0,0,0.0,2,-4,2025-2026,liiga,F,manual_eemil_koponen_f,Eemil Koponen
Vili Toivonen (LW/RW),HPK,2,0,1,1,0.5,0,1,2025-2026,liiga,LW/RW,https://www.eliteprospects.com/player/693287/vili-toivonen,Vili Toivonen
Jiko Laitinen (F),Ilves,2,1,0,1,0.5,2,1,2025-2026,liiga,F,manual_jiko_laitinen_f,Jiko Laitinen
Markuss Komuls (D),HIFK,1,0,0,0,0.0,0,0,2025-2026,liiga,D,https://www.eliteprospects.com/player/217795/markuss-komuls,Markuss Komuls
Eetu Ilvonen (F),JYP,1,0,0,0,0.0,0,0,2025-2026,liiga,F,manual_eetu_ilvonen_f,Eetu Ilvonen
Pyry Vilhunen (D),TPS,1,0,0,0,0.0,0,-1,2025-2026,liiga,D,manual_pyry_vilhunen_d,Pyry Vilhunen
Jesse Hietanen (D),Ilves,1,0,0,0,0.0,0,0,2025-2026,liiga,D,manual_jesse_hietanen_d,Jesse Hietanen
Lenni Tiihonen (F),SaiPa,1,0,0,0,0.0,0,0,2025-2026,liiga,F,https://www.eliteprospects.com/player/709506/lenni-tiihonen,Lenni Tiihonen
Roni Kuukasjärvi (D),Ilves,1,0,0,0,0.0,0,0,2025-2026,liiga,D,manual_roni_kuukasjarvi_d,Roni Kuukasjarvi
Frans Karjalahti (F),HIFK,1,0,0,0,0.0,2,0,2025-2026,liiga,F,manual_frans_karjalahti_f,Frans Karjalahti
Onni Amhamdi (D),Pelicans,1,0,0,0,0.0,2,1,2025-2026,liiga,D,manual_onni_amhamdi_d,Onni Amhamdi
Emil Järventie (LW),Tappara,1,0,0,0,0.0,0,0,2025-2026,liiga,LW,https://www.eliteprospects.com/player/540337/emil-jarventie,Emil Jarventie
Eeli Äijälä (C),Ässät,1,0,0,0,0.0,0,-2,2025-2026,liiga,C,https://www.eliteprospects.com/player/734613/eeli-aijala,Eeli Aijala
Jakub Frolo (F),Ilves,1,0,0,0,0.0,0,0,2025-2026,liiga,F,manual_jakub_frolo_f,Jakub Frolo
Vertti Haikala (F),Pelicans,1,0,0,0,0.0,0,0,2025-2026,liiga,F,manual_vertti_haikala_f,Vertti Haikala
Ossi Tukio (D),Ilves,1,0,1,1,1.0,0,1,2025-2026,liiga,D,https://www.eliteprospects.com/player/879284/ossi-tukio,Ossi Tukio
Oskari Hämäläinen (F),Jukurit,1,1,0,1,1.0,0,0,2025-2026,liiga,F,manual_oskari_hamalainen_f,Oskari Hamalainen
Juhani Jasu (C),HIFK,0,0,0,0,0.0,0,0,2025-2026,liiga,C,https://www.eliteprospects.com/player/8246/juhani-jasu,Juhani Jasu
Maxim Korpimäki (F),Kärpät,0,0,0,0,0.0,0,0,2025-2026,liiga,F,https://www.eliteprospects.com/player/628488/maxim-korpimaki,Maxim Korpimaki
Matti Butkovskiy (LW),Jukurit,0,0,0,0,0.0,0,0,2025-2026,liiga,LW,https://www.eliteprospects.com/player/692905/matti-butkovskiy,Matti Butkovskiy
Valtteri Aliranta (C),JYP,0,0,0,0,0.0,0,0,2025-2026,liiga,C,https://www.eliteprospects.com/player/580020/valtteri-aliranta,Valtteri Aliranta
Peetu Kiukas (D),SaiPa,0,0,0,0,0.0,0,0,2025-2026,liiga,D,https://www.eliteprospects.com/player/709489/peetu-kiukas,Peetu Kiukas
Samu Alalauri (D),Pelicans,0,0,0,0,0.0,0,0,2025-2026,liiga,D,manual_samu_alalauri_d,Samu Alalauri
Aarno Erholtz (F),Kärpät,0,0,0,0,0.0,0,0,2025-2026,liiga,F,https://www.eliteprospects.com/player/793586/aarno-erholtz,Aarno Erholtz
Damien Riat (W/C),Lausanne HC,52,14,21,35,0.67,24,9,2025-2026,nl,W/C,https://www.eliteprospects.com/player/153634/damien-riat,Damien Riat
Zach Sanford (LW/RW),HC Lugano,52,17,27,44,0.85,16,13,2025-2026,nl,LW/RW,https://www.eliteprospects.com/player/242077/zach-sanford,Zach Sanford
Jesse Puljujärvi (RW/LW),Genève-Servette HC,52,19,33,52,1.0,18,14,2025-2026,nl,RW/LW,https://www.eliteprospects.com/player/152117/jesse-puljujarvi,Jesse Puljujarvi
Luca Fazzini (LW/RW),HC Lugano,52,16,31,47,0.9,10,6,2025-2026,nl,LW/RW,https://www.eliteprospects.com/player/90308/luca-fazzini,Luca Fazzini
Livio Stadler (D),EV Zug,52,0,7,7,0.13,2,1,2025-2026,nl,D,https://www.eliteprospects.com/player/220967/livio-stadler,Livio Stadler
Brian Zanetti (D),HC Lugano,52,0,7,7,0.13,12,-4,2025-2026,nl,D,https://www.eliteprospects.com/player/577448/brian-zanetti,Brian Zanetti
Victor Rask (C/LW),SC Rapperswil-Jona Lakers,52,12,19,31,0.6,8,8,2025-2026,nl,C/LW,https://www.eliteprospects.com/player/15747/victor-rask,Victor Rask
Nicolas Baechler (F),ZSC Lions,52,6,9,15,0.29,14,6,2025-2026,nl,F,https://www.eliteprospects.com/player/641879/nicolas-baechler,Nicolas Baechler
Jesper Peltonen (D),HC Lugano,52,1,5,6,0.12,37,16,2025-2026,nl,D,https://www.eliteprospects.com/player/250065/jesper-peltonen,Jesper Peltonen
Lias Andersson (C/LW),EHC Biel-Bienne,52,18,20,38,0.73,18,-9,2025-2026,nl,C/LW,https://www.eliteprospects.com/player/214318/lias-andersson,Lias Andersson
Dario Wüthrich (D),HC Ambrì-Piotta,52,1,5,6,0.12,10,-6,2025-2026,nl,D,https://www.eliteprospects.com/player/274211/dario-wuthrich,Dario Wuthrich
Christoph Bertschy (C/RW),HC Fribourg-Gottéron,52,14,22,36,0.69,26,10,2025-2026,nl,C/RW,https://www.eliteprospects.com/player/85327/christoph-bertschy,Christoph Bertschy
Manix Landry (C),HC Ambrì-Piotta,52,7,9,16,0.31,12,-11,2025-2026,nl,C,https://www.eliteprospects.com/player/410586/manix-landry,Manix Landry
Keanu Derungs (LW),EHC Kloten,52,6,10,16,0.31,6,-10,2025-2026,nl,LW,https://www.eliteprospects.com/player/502648/keanu-derungs,Keanu Derungs
Bernd Wolf (D),EHC Kloten,52,1,6,7,0.13,10,-11,2025-2026,nl,D,https://www.eliteprospects.com/player/149517/bernd-wolf,Bernd Wolf
Marco Pedretti (RW),HC Ajoie,52,1,6,7,0.13,18,-21,2025-2026,nl,RW,https://www.eliteprospects.com/player/34821/marco-pedretti,Marco Pedretti
Jiri Felcman (C),SCL Tigers,52,3,17,20,0.38,10,-4,2025-2026,nl,C,https://www.eliteprospects.com/player/782897/jiri-felcman,Jiri Felcman
Simon Le Coultre (D),Genève-Servette HC,52,11,7,18,0.35,14,1,2025-2026,nl,D,https://www.eliteprospects.com/player/242289/simon-le-coultre,Simon Le Coultre
Tommaso De Luca (C/LW),HC Ambrì-Piotta,52,5,13,18,0.35,20,-6,2025-2026,nl,C/LW,https://www.eliteprospects.com/player/692623/tommaso-de-luca,Tommaso De Luca
Vincent Praplan (C/RW),Genève-Servette HC,52,6,12,18,0.35,12,3,2025-2026,nl,C/RW,https://www.eliteprospects.com/player/85308/vincent-praplan,Vincent Praplan
Gian-Marco Wetter (C/LW),SC Rapperswil-Jona Lakers,52,9,17,26,0.5,10,2,2025-2026,nl,C/LW,https://www.eliteprospects.com/player/364546/gian-marco-wetter,Gianmarco Wetter
Jason Fuchs (C),Lausanne HC,52,7,19,26,0.5,16,-9,2025-2026,nl,C,https://www.eliteprospects.com/player/95039/jason-fuchs,Jason Fuchs
Sven Senteler (C/LW),EV Zug,52,12,9,21,0.4,10,-4,2025-2026,nl,C/LW,https://www.eliteprospects.com/player/89731/sven-senteler,Sven Senteler
David Aebischer (D),HC Lugano,52,4,16,20,0.38,40,15,2025-2026,nl,D,https://www.eliteprospects.com/player/327373/david-aebischer,David Aebischer
Tim Heed (D),HC Ambrì-Piotta,52,2,20,22,0.42,6,-25,2025-2026,nl,D,https://www.eliteprospects.com/player/10065/tim-heed,Tim Heed
Noah Rod (LW/RW),Genève-Servette HC,52,5,6,11,0.21,45,-1,2025-2026,nl,LW/RW,https://www.eliteprospects.com/player/97120/noah-rod,Noah Rod
Simas Ignatavicius (C/F),Genève-Servette HC,52,7,6,13,0.25,43,7,2025-2026,nl,C/F,manual_simas_ignatavicius_c,Simas Ignatavicius
Yannick Zehnder (C/RW),Lausanne HC,52,3,10,13,0.25,10,6,2025-2026,nl,C/RW,https://www.eliteprospects.com/player/212162/yannick-zehnder,Yannick Zehnder
Killian Mottet (LW),HC Ajoie,52,10,10,20,0.38,10,-26,2025-2026,nl,LW,https://www.eliteprospects.com/player/34820/killian-mottet,Killian Mottet
Dave Sutter (D),Genève-Servette HC,52,3,9,12,0.23,6,11,2025-2026,nl,D,https://www.eliteprospects.com/player/70435/dave-sutter,Dave Sutter
Aurélien Marti (D),Lausanne HC,52,1,11,12,0.23,48,9,2025-2026,nl,D,https://www.eliteprospects.com/player/96108/aurelien-marti,Aurelien Marti
Miro Zryd (D),EHC Biel-Bienne,52,0,12,12,0.23,26,-3,2025-2026,nl,D,https://www.eliteprospects.com/player/134062/miro-zryd,Miro Zryd
Marlon Graf (F),SC Rapperswil-Jona Lakers,52,3,2,5,0.1,34,-4,2025-2026,nl,F,https://www.eliteprospects.com/player/577453/marlon-graf,Marlon Graf
Julian Schmutz (C/RW),SCL Tigers,52,10,12,22,0.42,30,2,2025-2026,nl,C/RW,https://www.eliteprospects.com/player/85295/julian-schmutz,Julian Schmutz
Josh Jooris (C/RW),Genève-Servette HC,52,9,13,22,0.42,46,7,2025-2026,nl,C/RW,https://www.eliteprospects.com/player/76087/josh-jooris,Josh Jooris
Tyler Moy (C/RW),SC Rapperswil-Jona Lakers,52,12,24,36,0.69,24,2,2025-2026,nl,C/RW,https://www.eliteprospects.com/player/118545/tyler-moy,Tyler Moy
Ramon Untersander (D),SC Bern,52,5,7,12,0.23,10,-15,2025-2026,nl,D,https://www.eliteprospects.com/player/17688/ramon-untersander,Ramon Untersander
Joel Salzgeber (C),SCL Tigers,52,2,9,11,0.21,40,-4,2025-2026,nl,C,https://www.eliteprospects.com/player/449073/joel-salzgeber,Joel Salzgeber
Yanick Stampfli (D/C),EHC Biel-Bienne,52,2,4,6,0.12,6,-5,2025-2026,nl,D/C,https://www.eliteprospects.com/player/350944/yanick-stampfli,Yanick Stampfli
Reto Schäppi (C/LW),EHC Kloten,52,2,4,6,0.12,28,-1,2025-2026,nl,C/LW,https://www.eliteprospects.com/player/17684/reto-schappi,Reto Schappi
Matthew Verboon (RW/C),Genève-Servette HC,52,5,4,9,0.17,14,-7,2025-2026,nl,RW/C,https://www.eliteprospects.com/player/333596/matthew-verboon,Matthew Verboon
Justin Sigrist (C/LW),ZSC Lions,52,5,4,9,0.17,14,-2,2025-2026,nl,C/LW,https://www.eliteprospects.com/player/311626/justin-sigrist,Justin Sigrist
Jimmy Vesey (LW/RW),Genève-Servette HC,52,14,21,35,0.67,16,-1,2025-2026,nl,LW/RW,https://www.eliteprospects.com/player/121865/jimmy-vesey,Jimmy Vesey
Fabian Maier (D),SC Rapperswil-Jona Lakers,52,0,5,5,0.1,24,-9,2025-2026,nl,D,https://www.eliteprospects.com/player/91229/fabian-maier,Fabian Maier
Sandro Schmid (C/RW),HC Fribourg-Gottéron,52,10,28,38,0.73,36,6,2025-2026,nl,C/RW,https://www.eliteprospects.com/player/326105/sandro-schmid,Sandro Schmid
Dario Rohrbach (RW),SCL Tigers,51,13,22,35,0.69,6,6,2025-2026,nl,RW,https://www.eliteprospects.com/player/262566/dario-rohrbach,Dario Rohrbach
Giancarlo Chanton (D),Genève-Servette HC,51,2,4,6,0.12,18,9,2025-2026,nl,D,https://www.eliteprospects.com/player/551665/giancarlo-chanton,Giancarlo Chanton
Max Lindroth (D),EHC Kloten,51,10,18,28,0.55,20,-8,2025-2026,nl,D,https://www.eliteprospects.com/player/192059/max-lindroth,Max Lindroth
Julien Sprunger (RW),HC Fribourg-Gottéron,51,11,15,26,0.51,18,-3,2025-2026,nl,RW,https://www.eliteprospects.com/player/9242/julien-sprunger,Julien Sprunger
Fabio Hofer (RW),EHC Biel-Bienne,51,19,20,39,0.76,10,2,2025-2026,nl,RW,https://www.eliteprospects.com/player/20612/fabio-hofer,Fabio Hofer
Gaëtan Haas (C),EHC Biel-Bienne,51,9,23,32,0.63,18,11,2025-2026,nl,C,https://www.eliteprospects.com/player/34816/gaetan-haas,Gaetan Haas
Jeremy Wick (RW/D),HC Ajoie,51,6,10,16,0.31,33,-28,2025-2026,nl,RW/D,https://www.eliteprospects.com/player/39521/jeremy-wick,Jeremy Wick
Phil Baltisberger (D),SCL Tigers,51,6,9,15,0.29,12,-1,2025-2026,nl,D,https://www.eliteprospects.com/player/94020/phil-baltisberger,Phil Baltisberger
Dario Meyer (RW),EHC Kloten,51,15,13,28,0.55,12,-1,2025-2026,nl,RW,https://www.eliteprospects.com/player/108384/dario-meyer,Dario Meyer
Jacob de la Rose (C/W),HC Fribourg-Gottéron,51,18,10,28,0.55,20,-13,2025-2026,nl,C/W,https://www.eliteprospects.com/player/28436/jacob-de-la-rose,Jacob De La Rose
Michael Kapla (D),HC Fribourg-Gottéron,51,10,21,31,0.61,12,13,2025-2026,nl,D,https://www.eliteprospects.com/player/121907/michael-kapla,Michael Kapla
Yannick Rathgeb (D),HC Fribourg-Gottéron,51,7,23,30,0.59,22,6,2025-2026,nl,D,https://www.eliteprospects.com/player/95055/yannick-rathgeb,Yannick Rathgeb
Jesse Virtanen (D),HC Ambrì-Piotta,51,7,18,25,0.49,28,-18,2025-2026,nl,D,https://www.eliteprospects.com/player/38090/jesse-virtanen,Jesse Virtanen
Dominic Lammer (RW/LW),SC Rapperswil-Jona Lakers,51,14,5,19,0.37,20,-3,2025-2026,nl,RW/LW,https://www.eliteprospects.com/player/66509/dominic-lammer,Dominic Lammer
Vili Saarijärvi (D),Genève-Servette HC,51,5,32,37,0.73,38,-1,2025-2026,nl,D,https://www.eliteprospects.com/player/122954/vili-saarijarvi,Vili Saarijarvi
Anttoni Honka (D),HC Ajoie,51,9,27,36,0.71,22,-13,2025-2026,nl,D,https://www.eliteprospects.com/player/395069/anttoni-honka,Anttoni Honka
Tobias Geisser (D),EV Zug,51,2,9,11,0.22,16,0,2025-2026,nl,D,https://www.eliteprospects.com/player/274212/tobias-geisser,Tobias Geisser
Oskars Lapinskis (F),SCL Tigers,51,4,4,8,0.16,10,-9,2025-2026,nl,F,https://www.eliteprospects.com/player/485479/oskars-lapinskis,Oskars Lapinskis
Erik Brännström (D),Lausanne HC,51,19,24,43,0.84,40,20,2025-2026,nl,D,https://www.eliteprospects.com/player/255167/erik-brannstrom,Erik Brannstrom
Igor Jelovac (D),SC Rapperswil-Jona Lakers,51,1,5,6,0.12,84,-9,2025-2026,nl,D,https://www.eliteprospects.com/player/94524/igor-jelovac,Igor Jelovac
Roger Karrer (D),Genève-Servette HC,51,3,6,9,0.18,26,10,2025-2026,nl,D,https://www.eliteprospects.com/player/149628/roger-karrer,Roger Karrer
Lukas Frick (D),HC Davos,51,4,32,36,0.71,10,17,2025-2026,nl,D,https://www.eliteprospects.com/player/85285/lukas-frick,Lukas Frick
Marcus Sylvegård (RW),EHC Biel-Bienne,51,11,22,33,0.65,14,-18,2025-2026,nl,RW,https://www.eliteprospects.com/player/288607/marcus-sylvegard,Marcus Sylvegard
Zaccheo Dotti (D),HC Ambrì-Piotta,50,1,5,6,0.12,43,-8,2025-2026,nl,D,https://www.eliteprospects.com/player/91040/zaccheo-dotti,Zaccheo Dotti
Dario Trutmann (D),ZSC Lions,50,0,6,6,0.12,12,9,2025-2026,nl,D,https://www.eliteprospects.com/player/34827/dario-trutmann,Dario Trutmann
Malte Strömwall (RW),SC Rapperswil-Jona Lakers,50,17,17,34,0.68,68,5,2025-2026,nl,RW,https://www.eliteprospects.com/player/33935/malte-stromwall,Malte Stromwall
Jacob Larsson (D),SC Rapperswil-Jona Lakers,50,12,22,34,0.68,32,14,2025-2026,nl,D,https://www.eliteprospects.com/player/147719/jacob-larsson,Jacob Larsson
Samuel Walser (C),HC Fribourg-Gottéron,50,5,7,12,0.24,24,0,2025-2026,nl,C,https://www.eliteprospects.com/player/34829/samuel-walser,Samuel Walser
Steve Kellenberger (LW/D),EHC Kloten,50,0,5,5,0.1,10,-3,2025-2026,nl,LW/D,https://www.eliteprospects.com/player/10618/steve-kellenberger,Steve Kellenberger
Sami Niku (D),Lausanne HC,50,8,16,24,0.48,22,10,2025-2026,nl,D,https://www.eliteprospects.com/player/92502/sami-niku,Sami Niku
Marc Marchon (C/RW),SC Bern,50,6,17,23,0.46,55,-1,2025-2026,nl,C/RW,https://www.eliteprospects.com/player/95110/marc-marchon,Marc Marchon
Santeri Alatalo (D),HC Lugano,50,5,17,22,0.44,26,1,2025-2026,nl,D,https://www.eliteprospects.com/player/24582/santeri-alatalo,Santeri Alatalo
Valentin Nussbaumer (C/LW),HC Davos,50,11,20,31,0.62,12,19,2025-2026,nl,C/LW,https://www.eliteprospects.com/player/332479/valentin-nussbaumer,Valentin Nussbaumer
Valentin Hofer (RW),SC Rapperswil-Jona Lakers,50,5,4,9,0.18,14,-10,2025-2026,nl,RW,https://www.eliteprospects.com/player/502649/valentin-hofer,Valentin Hofer
Robert Leino (C),EHC Kloten,50,8,18,26,0.52,20,-12,2025-2026,nl,C,https://www.eliteprospects.com/player/40359/robert-leino,Robert Leino
Simon Kindschi (D),SC Bern,50,1,2,3,0.06,16,-14,2025-2026,nl,D,https://www.eliteprospects.com/player/94152/simon-kindschi,Simon Kindschi
Petr Cajka (C/LW),EHC Biel-Bienne,50,10,7,17,0.34,14,-6,2025-2026,nl,C/LW,https://www.eliteprospects.com/player/297881/petr-cajka,Petr Cajka
Miles Müller (C),HC Ambrì-Piotta,50,8,10,18,0.36,29,-13,2025-2026,nl,C,https://www.eliteprospects.com/player/703512/miles-muller,Miles Muller
Yannick Frehner (RW),HC Davos,50,12,5,17,0.34,4,12,2025-2026,nl,RW,https://www.eliteprospects.com/player/262451/yannick-frehner,Yannick Frehner
Giovanni Morini (C/LW),HC Lugano,50,4,7,11,0.22,16,2,2025-2026,nl,C/LW,https://www.eliteprospects.com/player/147951/giovanni-morini,Giovanni Morini
Chris Baltisberger (RW),ZSC Lions,50,8,6,14,0.28,16,1,2025-2026,nl,RW,https://www.eliteprospects.com/player/57928/chris-baltisberger,Chris Baltisberger
Yonas Berthoud (D),HC Ajoie,50,2,13,15,0.3,24,-21,2025-2026,nl,D,manual_yonas_berthoud_d,Yonas Berthoud
Maximilian Streule (D),HC Fribourg-Gottéron,50,3,11,14,0.28,28,0,2025-2026,nl,D,https://www.eliteprospects.com/player/637647/maximilian-streule,Maximilian Streule
Austin Czarnik (C/RW),Lausanne HC,50,16,30,46,0.92,24,9,2025-2026,nl,C/RW,https://www.eliteprospects.com/player/20707/austin-czarnik,Austin Czarnik
Tim Berni (D),Genève-Servette HC,50,2,14,16,0.32,35,13,2025-2026,nl,D,https://www.eliteprospects.com/player/296565/tim-berni,Tim Berni
Lukas Landry (C),HC Ambrì-Piotta,50,4,1,5,0.1,12,-4,2025-2026,nl,C,manual_lukas_landry_c,Lukas Landry
Sven Jung (D),HC Davos,50,3,11,14,0.28,30,21,2025-2026,nl,D,https://www.eliteprospects.com/player/93800/sven-jung,Sven Jung
Sandro Zangger (RW/LW),SC Rapperswil-Jona Lakers,50,7,5,12,0.24,12,-7,2025-2026,nl,RW/LW,https://www.eliteprospects.com/player/85298/sandro-zangger,Sandro Zangger
Kyen Sopa (RW),HC Ajoie,49,7,12,19,0.39,14,-9,2025-2026,nl,RW,https://www.eliteprospects.com/player/375827/kyen-sopa,Kyen Sopa
Jesper Frödén (RW),ZSC Lions,49,11,21,32,0.65,18,6,2025-2026,nl,RW,https://www.eliteprospects.com/player/89970/jesper-froden,Jesper Froden
Aleksi Peltonen (F),HC Lugano,49,5,6,11,0.22,4,4,2025-2026,nl,F,https://www.eliteprospects.com/player/250072/aleksi-peltonen,Aleksi Peltonen
Calvin Thürkauf (C/LW),HC Lugano,49,15,19,34,0.69,34,4,2025-2026,nl,C/LW,https://www.eliteprospects.com/player/186336/calvin-thurkauf,Calvin Thurkauf
Toni Rajala (LW/RW),EHC Biel-Bienne,49,14,19,33,0.67,4,14,2025-2026,nl,LW/RW,https://www.eliteprospects.com/player/16035/toni-rajala,Toni Rajala
Dean Kukan (D),ZSC Lions,49,3,17,20,0.41,14,18,2025-2026,nl,D,https://www.eliteprospects.com/player/66177/dean-kukan,Dean Kukan
Fabian Ritzmann (LW),SC Bern,49,0,5,5,0.1,6,-5,2025-2026,nl,LW,https://www.eliteprospects.com/player/502679/fabian-ritzmann,Fabian Ritzmann
Simon Ryfors (C/LW),HC Davos,49,11,24,35,0.71,24,18,2025-2026,nl,C/LW,https://www.eliteprospects.com/player/212523/simon-ryfors,Simon Ryfors
Petteri Puhakka (LW/RW),EHC Kloten,49,10,14,24,0.49,14,-4,2025-2026,nl,LW/RW,https://www.eliteprospects.com/player/429284/petteri-puhakka,Petteri Puhakka
David Sklenička (D),EV Zug,49,6,18,24,0.49,41,2,2025-2026,nl,D,https://www.eliteprospects.com/player/194986/david-sklenicka,David Sklenicka
Connor Carrick (D),HC Lugano,49,10,13,23,0.47,49,11,2025-2026,nl,D,https://www.eliteprospects.com/player/90348/connor-carrick,Connor Carrick
Santtu Kinnunen (D),SCL Tigers,49,6,22,28,0.57,14,10,2025-2026,nl,D,https://www.eliteprospects.com/player/376060/santtu-kinnunen,Santtu Kinnunen
Dominik Kubalik (LW/RW),EV Zug,49,22,17,39,0.8,22,-7,2025-2026,nl,LW/RW,https://www.eliteprospects.com/player/101221/dominik-kubalik,Dominik Kubalik
Dominic Zwerger (LW),HC Ambrì-Piotta,49,15,11,26,0.53,16,-5,2025-2026,nl,LW,https://www.eliteprospects.com/player/133420/dominic-zwerger,Dominic Zwerger
Rodwin Dionicio (D),EHC Biel-Bienne,49,6,21,27,0.55,40,5,2025-2026,nl,D,https://www.eliteprospects.com/player/704354/rodwin-dionicio,Rodwin Dionicio
Dario Simion (LW/RW),HC Lugano,49,15,12,27,0.55,31,0,2025-2026,nl,LW/RW,https://www.eliteprospects.com/player/85341/dario-simion,Dario Simion
Keijo Weibel (LW/RW),EHC Kloten,49,5,7,12,0.24,0,-6,2025-2026,nl,LW/RW,https://www.eliteprospects.com/player/326107/keijo-weibel,Keijo Weibel
Luca Christen (RW/D),EHC Biel-Bienne,49,2,1,3,0.06,14,-9,2025-2026,nl,RW/D,https://www.eliteprospects.com/player/174502/luca-christen,Luca Christen
Colin Lindemann (LW),EV Zug,49,1,2,3,0.06,12,-3,2025-2026,nl,LW,https://www.eliteprospects.com/player/619286/colin-lindemann,Colin Lindemann
Jérôme Bachofner (LW),SCL Tigers,49,9,6,15,0.31,4,-6,2025-2026,nl,LW,https://www.eliteprospects.com/player/121121/jerome-bachofner,Jerome Bachofner
Yanick Sablatnig (RW),EHC Biel-Bienne,49,3,3,6,0.12,28,-3,2025-2026,nl,RW,https://www.eliteprospects.com/player/287330/yanick-sablatnig,Yanick Sablatnig
Marco Miranda (LW),Genève-Servette HC,49,5,10,15,0.31,22,-1,2025-2026,nl,LW,https://www.eliteprospects.com/player/224073/marco-miranda,Marco Miranda
Ramon Tanner (C),HC Lugano,49,2,6,8,0.16,18,10,2025-2026,nl,C,https://www.eliteprospects.com/player/274787/ramon-tanner,Ramon Tanner
Benjamin Bougro (C),Lausanne HC,49,7,6,13,0.27,6,1,2025-2026,nl,C,https://www.eliteprospects.com/player/382870/benjamin-bougro,Benjamin Bougro
Noah Meier (D),SCL Tigers,49,1,12,13,0.27,4,5,2025-2026,nl,D,https://www.eliteprospects.com/player/520239/noah-meier,Noah Meier
Klas Dahlbeck (D),HC Davos,49,5,10,15,0.31,51,24,2025-2026,nl,D,https://www.eliteprospects.com/player/13266/klas-dahlbeck,Klas Dahlbeck
Yannick Weber (D),ZSC Lions,49,6,8,14,0.29,22,15,2025-2026,nl,D,https://www.eliteprospects.com/player/10615/yannick-weber,Yannick Weber
Markus Granlund (C/LW),Genève-Servette HC,49,22,32,54,1.1,20,13,2025-2026,nl,C/LW,https://www.eliteprospects.com/player/19426/markus-granlund,Markus Granlund
Mikko Lehtonen (D),ZSC Lions,48,7,17,24,0.5,28,-1,2025-2026,nl,D,https://www.eliteprospects.com/player/56196/mikko-lehtonen,Mikko Lehtonen
Jan Schwendeler (D),ZSC Lions,48,1,6,7,0.15,6,-4,2025-2026,nl,D,https://www.eliteprospects.com/player/624658/jan-schwendeler,Jan Schwendeler
Noah Delémont (D),EHC Kloten,48,3,4,7,0.15,14,-16,2025-2026,nl,D,https://www.eliteprospects.com/player/291294/noah-delemont,Noah Delemont
Johnny Kneubuehler (C/RW),EHC Biel-Bienne,48,13,3,16,0.33,43,0,2025-2026,nl,C/RW,https://www.eliteprospects.com/player/187696/johnny-kneubuehler,Johnny Kneubuehler
Dario Bürgler (RW),HC Ambrì-Piotta,48,5,7,12,0.25,12,-14,2025-2026,nl,RW,https://www.eliteprospects.com/player/10617/dario-burgler,Dario Burgler
Ahti Oksanen (LW/C),Lausanne HC,48,12,29,41,0.85,14,19,2025-2026,nl,LW/C,https://www.eliteprospects.com/player/56595/ahti-oksanen,Ahti Oksanen
Tino Kessler (C/RW),HC Davos,48,15,17,32,0.67,14,7,2025-2026,nl,C/RW,https://www.eliteprospects.com/player/149522/tino-kessler,Tino Kessler
Grégory Hofmann (LW),EV Zug,48,16,17,33,0.69,16,7,2025-2026,nl,LW,https://www.eliteprospects.com/player/66536/gregory-hofmann,Gregory Hofmann
Julian Parrée (C/LW),HC Davos,48,0,5,5,0.1,8,2,2025-2026,nl,C/LW,https://www.eliteprospects.com/player/605285/julian-parree,Julian Parree
Nando Eggenberger (LW/RW),EV Zug,48,3,7,10,0.21,10,-17,2025-2026,nl,LW/RW,https://www.eliteprospects.com/player/287341/nando-eggenberger,Nando Eggenberger
Nathan Marchon (C/LW),HC Fribourg-Gottéron,48,9,6,15,0.31,12,-3,2025-2026,nl,C/LW,https://www.eliteprospects.com/player/116240/nathan-marchon,Nathan Marchon
Leandro Profico (D/RW),EHC Kloten,48,5,6,11,0.23,6,-1,2025-2026,nl,D/RW,https://www.eliteprospects.com/player/18777/leandro-profico,Leandro Profico
Tanner Fritz (C),SC Rapperswil-Jona Lakers,48,9,18,27,0.56,47,17,2025-2026,nl,C,https://www.eliteprospects.com/player/23940/tanner-fritz,Tanner Fritz
Patrick Geering (D),ZSC Lions,48,1,4,5,0.1,6,12,2025-2026,nl,D,https://www.eliteprospects.com/player/15152/patrick-geering,Patrick Geering
Fabrice Herzog (RW/LW),EV Zug,48,3,5,8,0.17,6,-8,2025-2026,nl,RW/LW,https://www.eliteprospects.com/player/94494/fabrice-herzog,Fabrice Herzog
Mats Alge (LW),SC Bern,48,7,1,8,0.17,4,-2,2025-2026,nl,LW,https://www.eliteprospects.com/player/596664/mats-alge,Mats Alge
Benoit Jecker (D),HC Fribourg-Gottéron,48,1,8,9,0.19,4,0,2025-2026,nl,D,https://www.eliteprospects.com/player/93844/benoit-jecker,Benoit Jecker
Michael Joly (RW),HC Ambrì-Piotta,48,18,17,35,0.73,6,-12,2025-2026,nl,RW,https://www.eliteprospects.com/player/128893/michael-joly,Michael Joly
Adam Tambellini (C/LW),HC Davos,47,18,16,34,0.72,29,19,2025-2026,nl,C/LW,https://www.eliteprospects.com/player/103529/adam-tambellini,Adam Tambellini
Jan Kovář (C),EV Zug,47,11,16,27,0.57,22,-9,2025-2026,nl,C,https://www.eliteprospects.com/player/18083/jan-kova%C5%99,Jan Kovar
Niklas Blessing (D),EHC Biel-Bienne,47,3,11,14,0.3,24,-2,2025-2026,nl,D,https://www.eliteprospects.com/player/717299/niklas-blessing,Niklas Blessing
Simon Knak (RW/LW),HC Davos,47,7,10,17,0.36,37,11,2025-2026,nl,RW/LW,https://www.eliteprospects.com/player/293158/simon-knak,Simon Knak
Nicholas Steiner (D),EHC Kloten,47,2,4,6,0.13,24,2,2025-2026,nl,D,https://www.eliteprospects.com/player/34826/nicholas-steiner,Nicholas Steiner
André Heim (C),HC Ambrì-Piotta,47,5,12,17,0.36,12,-8,2025-2026,nl,C,https://www.eliteprospects.com/player/174541/andre-heim,Andre Heim
Chris DiDomenico (C/RW),HC Ambrì-Piotta,47,10,31,41,0.87,42,-17,2025-2026,nl,C/RW,https://www.eliteprospects.com/player/11319/chris-didomenico,Chris Didomenico
Henrik Borgström (C/W),HC Fribourg-Gottéron,47,11,28,39,0.83,6,13,2025-2026,nl,C/W,https://www.eliteprospects.com/player/118332/henrik-borgstrom,Henrik Borgstrom
Pontus Åberg (LW/RW),Multiple Teams,47,9,14,23,0.49,12,3,2025-2026,nl,LW/RW,https://www.eliteprospects.com/player/16835/pontus-aberg,Pontus Aberg
Saku Mäenalanen (LW/C),SCL Tigers,47,9,21,30,0.64,43,6,2025-2026,nl,LW/C,https://www.eliteprospects.com/player/73109/saku-maenalanen,Saku Maenalanen
Willy Riedi (F),ZSC Lions,47,11,9,20,0.43,14,6,2025-2026,nl,F,https://www.eliteprospects.com/player/326106/willy-riedi,Willy Riedi
Linus Hultström (D),EHC Biel-Bienne,47,3,18,21,0.45,32,-6,2025-2026,nl,D,https://www.eliteprospects.com/player/15878/linus-hultstrom,Linus Hultstrom
Samuel Erni (D),SCL Tigers,47,1,9,10,0.21,18,-1,2025-2026,nl,D,https://www.eliteprospects.com/player/34814/samuel-erni,Samuel Erni
Jannik Fischer (D),HC Ajoie,47,1,5,6,0.13,46,-15,2025-2026,nl,D,https://www.eliteprospects.com/player/17690/jannik-fischer,Jannik Fischer
Thierry Schild (C/RW),SC Bern,47,1,4,5,0.11,24,-10,2025-2026,nl,C/RW,https://www.eliteprospects.com/player/665098/thierry-schild,Thierry Schild
Sven Leuenberger (C/RW),EV Zug,47,2,2,4,0.09,10,-8,2025-2026,nl,C/RW,https://www.eliteprospects.com/player/282629/sven-leuenberger,Sven Leuenberger
Mischa Ramel (C),EHC Kloten,47,6,10,16,0.34,6,-14,2025-2026,nl,C,https://www.eliteprospects.com/player/622109/mischa-ramel,Mischa Ramel
Joël Vermin (F/D),SC Bern,47,5,7,12,0.26,12,-11,2025-2026,nl,F/D,https://www.eliteprospects.com/player/34828/joel-vermin,Joel Vermin
Rico Gredig (LW/C),HC Davos,47,3,4,7,0.15,14,11,2025-2026,nl,LW/C,https://www.eliteprospects.com/player/741930/rico-gredig,Rico Gredig
Davyd Barandun (D),HC Davos,47,1,12,13,0.28,16,29,2025-2026,nl,D,https://www.eliteprospects.com/player/364236/davyd-barandun,Davyd Barandun
Mirco Müller (D),HC Lugano,46,3,16,19,0.41,6,13,2025-2026,nl,D,https://www.eliteprospects.com/player/95044/mirco-muller,Mirco Muller
Nico Dünner (C/RW),SC Rapperswil-Jona Lakers,46,9,17,26,0.57,26,-9,2025-2026,nl,C/RW,https://www.eliteprospects.com/player/85290/nico-dunner,Nico Dunner
Drake Caggiula (LW/C),Lausanne HC,46,16,14,30,0.65,39,3,2025-2026,nl,LW/C,https://www.eliteprospects.com/player/97396/drake-caggiula,Drake Caggiula
Chris Egli (C/LW),HC Davos,46,3,8,11,0.24,17,-3,2025-2026,nl,C/LW,https://www.eliteprospects.com/player/149521/chris-egli,Chris Egli
Nathan Vouardoux (D),Lausanne HC,46,0,6,6,0.13,22,-6,2025-2026,nl,D,https://www.eliteprospects.com/player/291304/nathan-vouardoux,Nathan Vouardoux
Théo Rochette (C),Lausanne HC,46,22,21,43,0.93,14,12,2025-2026,nl,C,https://www.eliteprospects.com/player/291301/theo-rochette,Theo Rochette
Kevin Nicolet (RW),HC Fribourg-Gottéron,46,7,6,13,0.28,6,-2,2025-2026,nl,RW,https://www.eliteprospects.com/player/502671/kevin-nicolet,Kevin Nicolet
Alain Graf (C),SC Bern,46,6,1,7,0.15,6,-14,2025-2026,nl,C,https://www.eliteprospects.com/player/691518/alain-graf,Alain Graf
Floran Douay (LW),Lausanne HC,46,3,3,6,0.13,37,-2,2025-2026,nl,LW,https://www.eliteprospects.com/player/95364/floran-douay,Floran Douay
Sakari Manninen (C/LW),Genève-Servette HC,46,17,28,45,0.98,24,8,2025-2026,nl,C/LW,https://www.eliteprospects.com/player/45226/sakari-manninen,Sakari Manninen
Matej Stransky (RW/LW),HC Davos,46,28,25,53,1.15,70,34,2025-2026,nl,RW/LW,https://www.eliteprospects.com/player/79504/matej-stransky,Matej Stransky
Yanik Burren (D),EHC Biel-Bienne,46,0,7,7,0.15,10,-11,2025-2026,nl,D,https://www.eliteprospects.com/player/164008/yanik-burren,Yanik Burren
Patrik Nemeth (D),HC Fribourg-Gottéron,45,4,10,14,0.31,16,6,2025-2026,nl,D,https://www.eliteprospects.com/player/10383/patrik-nemeth,Patrik Nemeth
André Petersson (RW),SCL Tigers,45,24,16,40,0.89,10,4,2025-2026,nl,RW,https://www.eliteprospects.com/player/7039/andre-petersson,Andre Petersson
Carl Dahlström (D),HC Lugano,45,1,9,10,0.22,8,15,2025-2026,nl,D,https://www.eliteprospects.com/player/85666/carl-dahlstrom,Carl Dahlstrom
Inaki Baragano (D),Lausanne HC,45,2,8,10,0.22,6,8,2025-2026,nl,D,https://www.eliteprospects.com/player/291290/inaki-baragano,Inaki Baragano
Marc-Antoine Pouliot (C/RW),Genève-Servette HC,45,6,4,10,0.22,30,4,2025-2026,nl,C/RW,https://www.eliteprospects.com/player/8919/marc-antoine-pouliot,Marcantoine Pouliot
Axel Simic (C/RW),EHC Kloten,45,10,11,21,0.47,21,-9,2025-2026,nl,C/RW,https://www.eliteprospects.com/player/236816/axel-simic,Axel Simic
Andreas Wingerli (LW/C),EV Zug,45,11,13,24,0.53,22,-3,2025-2026,nl,LW/C,https://www.eliteprospects.com/player/185257/andreas-wingerli,Andreas Wingerli
Harri Pesonen (LW),SCL Tigers,45,14,14,28,0.62,24,-3,2025-2026,nl,LW,https://www.eliteprospects.com/player/15181/harri-pesonen,Harri Pesonen
Attilio Biasca (C/LW),HC Fribourg-Gottéron,45,15,12,27,0.6,6,20,2025-2026,nl,C/LW,https://www.eliteprospects.com/player/596665/attilio-biasca,Attilio Biasca
Marco Lehmann (C/W),SC Bern,44,7,8,15,0.34,6,-5,2025-2026,nl,C/W,https://www.eliteprospects.com/player/311528/marco-lehmann,Marco Lehmann
Nils Rhyn (D),SC Bern,44,0,6,6,0.14,12,8,2025-2026,nl,D,https://www.eliteprospects.com/player/788403/nils-rhyn,Nils Rhyn
Luc Bachmann (D),HC Ambrì-Piotta,44,4,1,5,0.11,8,-1,2025-2026,nl,D,https://www.eliteprospects.com/player/781192/luc-bachmann,Luc Bachmann
Jesse Zgraggen (D),HC Ambrì-Piotta,44,3,5,8,0.18,33,-14,2025-2026,nl,D,https://www.eliteprospects.com/player/45749/jesse-zgraggen,Jesse Zgraggen
Chris Tierney (C),HC Ambrì-Piotta,44,7,12,19,0.43,8,-20,2025-2026,nl,C,https://www.eliteprospects.com/player/92677/chris-tierney,Chris Tierney
Lukas Klok (D),EHC Kloten,44,2,7,9,0.2,10,-11,2025-2026,nl,D,https://www.eliteprospects.com/player/190265/lukas-klok,Lukas Klok
Lorenzo Canonica (C),HC Lugano,44,13,7,20,0.45,14,18,2025-2026,nl,C,https://www.eliteprospects.com/player/541803/lorenzo-canonica,Lorenzo Canonica
Rasmus Asplund (C/W),HC Davos,44,12,23,35,0.8,12,27,2025-2026,nl,C/W,https://www.eliteprospects.com/player/139616/rasmus-asplund,Rasmus Asplund
Basile Sansonnens (D),Lausanne HC,44,0,3,3,0.07,31,-5,2025-2026,nl,D,https://www.eliteprospects.com/player/824430/basile-sansonnens,Basile Sansonnens
Christian Marti (D),ZSC Lions,43,1,8,9,0.21,18,11,2025-2026,nl,D,https://www.eliteprospects.com/player/85322/christian-marti,Christian Marti
Miro Aaltonen (C/LW),SC Bern,43,5,17,22,0.51,16,-5,2025-2026,nl,C/LW,https://www.eliteprospects.com/player/44162/miro-aaltonen,Miro Aaltonen
Gaël Christe (D),HC Ajoie,43,1,2,3,0.07,10,-22,2025-2026,nl,D,https://www.eliteprospects.com/player/703558/gael-christe,Gael Christe
Waltteri Merelä (RW),SC Bern,43,12,14,26,0.6,14,-2,2025-2026,nl,RW,https://www.eliteprospects.com/player/326878/waltteri-merela,Waltteri Merela
Jere Sallinen (LW/C),EHC Biel-Bienne,43,8,12,20,0.47,16,-10,2025-2026,nl,LW/C,https://www.eliteprospects.com/player/15136/jere-sallinen,Jere Sallinen
Dario Allenspach (C/W),SCL Tigers,43,5,8,13,0.3,12,-3,2025-2026,nl,C/W,https://www.eliteprospects.com/player/539789/dario-allenspach,Dario Allenspach
Robin Grossmann (D),EHC Biel-Bienne,43,1,6,7,0.16,12,-4,2025-2026,nl,D,https://www.eliteprospects.com/player/18512/robin-grossmann,Robin Grossmann
Jonathan Hazen (RW),HC Ajoie,43,10,7,17,0.4,10,-8,2025-2026,nl,RW,https://www.eliteprospects.com/player/22855/jonathan-hazen,Jonathan Hazen
Ludvig Johnson (D),HC Fribourg-Gottéron,43,3,10,13,0.3,41,-2,2025-2026,nl,D,https://www.eliteprospects.com/player/823581/ludvig-johnson,Ludvig Johnson
Louis Füllemann (D),SC Bern,43,1,1,2,0.05,10,-4,2025-2026,nl,D,https://www.eliteprospects.com/player/644535/louis-fullemann,Louis Fullemann
Jeremi Gerber (LW/RW),HC Fribourg-Gottéron,43,2,4,6,0.14,6,-2,2025-2026,nl,LW/RW,https://www.eliteprospects.com/player/333546/jeremi-gerber,Jeremi Gerber
Matteo Romanenghi (C/LW),HC Ajoie,43,1,7,8,0.19,0,-12,2025-2026,nl,C/LW,https://www.eliteprospects.com/player/94549/matteo-romanenghi,Matteo Romanenghi
Julius Nättinen (C/W),HC Ajoie,42,19,14,33,0.79,4,-5,2025-2026,nl,C/W,https://www.eliteprospects.com/player/85961/julius-nattinen,Julius Nattinen
Simon Seiler (D),HC Fribourg-Gottéron,42,1,1,2,0.05,30,2,2025-2026,nl,D,https://www.eliteprospects.com/player/156091/simon-seiler,Simon Seiler
Alex Formenton (LW),HC Ambrì-Piotta,42,13,10,23,0.55,48,-13,2025-2026,nl,LW,https://www.eliteprospects.com/player/273622/alex-formenton,Alex Formenton
Valentin Pilet (D),HC Ajoie,42,0,2,2,0.05,76,-14,2025-2026,nl,D,https://www.eliteprospects.com/player/187657/valentin-pilet,Valentin Pilet
Tim Mathys (D),SCL Tigers,42,2,4,6,0.14,16,3,2025-2026,nl,D,https://www.eliteprospects.com/player/703752/tim-mathys,Tim Mathys
Diego Kostner (C),HC Ambrì-Piotta,42,2,3,5,0.12,14,-8,2025-2026,nl,C,https://www.eliteprospects.com/player/34623/diego-kostner,Diego Kostner
Michael Fora (D),HC Davos,42,6,22,28,0.67,20,22,2025-2026,nl,D,https://www.eliteprospects.com/player/93107/michael-fora,Michael Fora
Tyler Morley (C),EHC Kloten,42,12,14,26,0.62,14,-10,2025-2026,nl,C,https://www.eliteprospects.com/player/47860/tyler-morley,Tyler Morley
Jan Rutta (D),Genève-Servette HC,42,5,17,22,0.52,25,13,2025-2026,nl,D,https://www.eliteprospects.com/player/18090/jan-rutta,Jan Rutta
Filip Zadina (RW/LW),HC Davos,42,21,20,41,0.98,74,13,2025-2026,nl,RW/LW,https://www.eliteprospects.com/player/236471/filip-zadina,Filip Zadina
Deniss Smirnovs (C),EHC Kloten,42,2,6,8,0.19,4,-2,2025-2026,nl,C,https://www.eliteprospects.com/player/310112/deniss-smirnovs,Deniss Smirnovs
Philip-Michaël Devos (C),HC Ajoie,42,9,7,16,0.38,2,-19,2025-2026,nl,C,https://www.eliteprospects.com/player/37288/philip-michael-devos,Philipmichael Devos
Cole Cormier (C/W),Multiple Teams,42,3,4,7,0.17,10,-6,2025-2026,nl,C/W,https://www.eliteprospects.com/player/201779/cole-cormier,Cole Cormier
Rafael Meier (LW/RW),EHC Kloten,42,3,6,9,0.21,10,2,2025-2026,nl,LW/RW,https://www.eliteprospects.com/player/743455/rafael-meier,Rafael Meier
Nico Gross (D),HC Davos,41,1,4,5,0.12,20,-2,2025-2026,nl,D,https://www.eliteprospects.com/player/319554/nico-gross,Nico Gross
Inti Pestoni (LW),HC Ambrì-Piotta,41,4,4,8,0.2,12,-11,2025-2026,nl,LW,https://www.eliteprospects.com/player/34822/inti-pestoni,Inti Pestoni
Tomas Tatar (LW/RW),EV Zug,41,8,25,33,0.8,39,5,2025-2026,nl,LW/RW,https://www.eliteprospects.com/player/17750/tomas-tatar,Tomas Tatar
Sven Andrighetto (W/C),ZSC Lions,41,17,24,41,1.0,24,12,2025-2026,nl,W/C,https://www.eliteprospects.com/player/70426/sven-andrighetto,Sven Andrighetto
Harrison Schreiber (C/LW),Multiple Teams,41,2,3,5,0.12,6,-7,2025-2026,nl,C/LW,https://www.eliteprospects.com/player/424461/harrison-schreiber,Harrison Schreiber
Denis Malgin (C/W),ZSC Lions,41,14,27,41,1.0,26,19,2025-2026,nl,C/W,https://www.eliteprospects.com/player/117376/denis-malgin,Denis Malgin
Vinzenz Rohrer (C/RW),ZSC Lions,41,4,8,12,0.29,20,2,2025-2026,nl,C/RW,https://www.eliteprospects.com/player/406803/vinzenz-rohrer,Vinzenz Rohrer
Marco Müller (C/W),SC Bern,40,2,8,10,0.25,4,3,2025-2026,nl,C/W,https://www.eliteprospects.com/player/85292/marco-muller,Marco Muller
Ken Jäger (C/RW),Lausanne HC,40,5,4,9,0.23,39,-4,2025-2026,nl,C/RW,https://www.eliteprospects.com/player/262426/ken-jager,Ken Jager
Hannes Björninen (C),SCL Tigers,40,10,13,23,0.58,16,5,2025-2026,nl,C,https://www.eliteprospects.com/player/92191/hannes-bjorninen,Hannes Bjorninen
Jiří Sekáč (LW),HC Lugano,39,7,10,17,0.44,70,-2,2025-2026,nl,LW,https://www.eliteprospects.com/player/41014/ji%C5%99i-sekac,Jiri Sekac
Luca Capaul (D),SC Rapperswil-Jona Lakers,39,1,3,4,0.1,26,3,2025-2026,nl,D,https://www.eliteprospects.com/player/311539/luca-capaul,Luca Capaul
Anton Lindholm (D),SC Bern,39,0,6,6,0.15,19,8,2025-2026,nl,D,https://www.eliteprospects.com/player/39019/anton-lindholm,Anton Lindholm
Mika Henauer (D),SC Rapperswil-Jona Lakers,39,5,9,14,0.36,22,-5,2025-2026,nl,D,https://www.eliteprospects.com/player/326103/mika-henauer,Mika Henauer
Tristan Scherwey (LW/RW),SC Bern,39,2,7,9,0.23,45,-4,2025-2026,nl,LW/RW,https://www.eliteprospects.com/player/17685/tristan-scherwey,Tristan Scherwey
Jérémie Bärtschi (RW),EHC Biel-Bienne,39,0,2,2,0.05,10,-9,2025-2026,nl,RW,https://www.eliteprospects.com/player/291292/jeremie-bartschi,Jeremie Bartschi
Mike Sgarbossa (C),Multiple Teams,39,12,19,31,0.79,20,-6,2025-2026,nl,C,https://www.eliteprospects.com/player/23663/mike-sgarbossa,Mike Sgarbossa
Marco Zanetti (RW),HC Lugano,38,2,6,8,0.21,4,2,2025-2026,nl,RW,https://www.eliteprospects.com/player/487627/marco-zanetti,Marco Zanetti
Jan Dorthe (C),HC Fribourg-Gottéron,38,5,3,8,0.21,6,-1,2025-2026,nl,C,https://www.eliteprospects.com/player/745111/jan-dorthe,Jan Dorthe
Jonas Taibel (C/LW),SC Rapperswil-Jona Lakers,38,6,8,14,0.37,6,-3,2025-2026,nl,C/LW,https://www.eliteprospects.com/player/529832/jonas-taibel,Jonas Taibel
Matthew Kellenberger (D),SC Rapperswil-Jona Lakers,38,4,6,10,0.26,12,9,2025-2026,nl,D,https://www.eliteprospects.com/player/201672/matthew-kellenberger,Matthew Kellenberger
Enzo Corvi (C),HC Davos,37,10,24,34,0.92,12,23,2025-2026,nl,C,https://www.eliteprospects.com/player/88219/enzo-corvi,Enzo Corvi
Victor Ejdsell (LW/C),SC Bern,37,13,16,29,0.78,16,3,2025-2026,nl,LW/C,https://www.eliteprospects.com/player/29343/victor-ejdsell,Victor Ejdsell
Hardy Häman Aktell (D),SC Bern,37,7,14,21,0.57,6,-4,2025-2026,nl,D,https://www.eliteprospects.com/player/242658/hardy-haman-aktell,Hardy Haman Aktell
Arno Nussbaumer (D),HC Ajoie,37,1,2,3,0.08,4,-14,2025-2026,nl,D,https://www.eliteprospects.com/player/552669/arno-nussbaumer,Arno Nussbaumer
Mike Künzle (RW/LW),EV Zug,37,8,10,18,0.49,26,5,2025-2026,nl,RW/LW,https://www.eliteprospects.com/player/99566/mike-kunzle,Mike Kunzle
Pierre-Édouard Bellemare (C/LW),HC Ajoie,37,1,10,11,0.3,18,-16,2025-2026,nl,C/LW,https://www.eliteprospects.com/player/8339/pierre-edouard-bellemare,Pierreedouard Bellemare
Daniel Vozenilek (W/C),EV Zug,36,4,9,13,0.36,51,-5,2025-2026,nl,W/C,https://www.eliteprospects.com/player/130950/daniel-vozenilek,Daniel Vozenilek
Claude-Curdin Paschoud (D),SCL Tigers,36,0,0,0,0.0,8,-6,2025-2026,nl,D,https://www.eliteprospects.com/player/94257/claude-curdin-paschoud,Claudecurdin Paschoud
Julius Honka (D),SC Rapperswil-Jona Lakers,36,6,13,19,0.53,39,1,2025-2026,nl,D,https://www.eliteprospects.com/player/65456/julius-honka,Julius Honka
Louis Robin (RW),HC Ajoie,36,5,4,9,0.25,12,-14,2025-2026,nl,RW,https://www.eliteprospects.com/player/540116/louis-robin,Louis Robin
Tim Bozon (LW),Genève-Servette HC,36,12,6,18,0.5,27,-6,2025-2026,nl,LW,https://www.eliteprospects.com/player/48990/tim-bozon,Tim Bozon
Cédric Fiedler (D),Lausanne HC,36,2,1,3,0.08,20,-2,2025-2026,nl,D,https://www.eliteprospects.com/player/410168/cedric-fiedler,Cedric Fiedler
Nolan Cattin (RW),EHC Biel-Bienne,36,1,1,2,0.06,8,-6,2025-2026,nl,RW,https://www.eliteprospects.com/player/673828/nolan-cattin,Nolan Cattin
Emils Veckaktins (LW),HC Ajoie,36,0,2,2,0.06,8,-10,2025-2026,nl,LW,https://www.eliteprospects.com/player/691682/emils-veckaktins,Emils Veckaktins
Juuso Riikola (D),SCL Tigers,36,7,21,28,0.78,35,-7,2025-2026,nl,D,https://www.eliteprospects.com/player/56938/juuso-riikola,Juuso Riikola
Romain Loeffel (D),SC Bern,35,4,13,17,0.49,6,0,2025-2026,nl,D,https://www.eliteprospects.com/player/17681/romain-loeffel,Romain Loeffel
Alessio Bertaggia (LW/RW),HC Lugano,35,2,6,8,0.23,12,3,2025-2026,nl,LW/RW,https://www.eliteprospects.com/player/34307/alessio-bertaggia,Alessio Bertaggia
Enzo Guebey (D),HC Davos,35,0,3,3,0.09,10,-3,2025-2026,nl,D,https://www.eliteprospects.com/player/270301/enzo-guebey,Enzo Guebey
Loris Wey (C/RW),EV Zug,35,1,2,3,0.09,2,2,2025-2026,nl,C/RW,https://www.eliteprospects.com/player/669807/loris-wey,Loris Wey
Nik Lehmann (D),SCL Tigers,35,1,3,4,0.11,0,-3,2025-2026,nl,D,manual_nik_lehmann_d,Nik Lehmann
Kevin Bozon (LW/RW),HC Ajoie,35,0,2,2,0.06,6,-9,2025-2026,nl,LW/RW,https://www.eliteprospects.com/player/92269/kevin-bozon,Kevin Bozon
Makai Holdener (W/C),Lausanne HC,35,1,2,3,0.09,6,-4,2025-2026,nl,W/C,https://www.eliteprospects.com/player/153631/makai-holdener,Makai Holdener
Kimo Gruber (C/RW),ZSC Lions,34,4,5,9,0.26,2,1,2025-2026,nl,C/RW,https://www.eliteprospects.com/player/681821/kimo-gruber,Kimo Gruber
Raphael Prassl (C/RW),Lausanne HC,34,0,7,7,0.21,6,9,2025-2026,nl,C/RW,https://www.eliteprospects.com/player/220481/raphael-prassl,Raphael Prassl
Brendan Perlini (LW),HC Lugano,34,4,8,12,0.35,43,7,2025-2026,nl,LW,https://www.eliteprospects.com/player/186992/brendan-perlini,Brendan Perlini
Rudolfs Balcers (LW/RW),ZSC Lions,34,14,12,26,0.76,18,10,2025-2026,nl,LW/RW,https://www.eliteprospects.com/player/153652/rudolfs-balcers,Rudolfs Balcers
Emil Bemström (C/W),SC Bern,33,12,8,20,0.61,4,-6,2025-2026,nl,C/W,https://www.eliteprospects.com/player/313359/emil-bemstrom,Emil Bemstrom
Jonah Neuenschwander (F),EHC Biel-Bienne,32,5,7,12,0.38,4,0,2025-2026,nl,F,https://www.eliteprospects.com/player/709625/jonah-neuenschwander,Jonah Neuenschwander
Andrea Glauser (D),HC Fribourg-Gottéron,32,2,11,13,0.41,18,7,2025-2026,nl,D,https://www.eliteprospects.com/player/126282/andrea-glauser,Andrea Glauser
Marcus Sörensen (W),HC Fribourg-Gottéron,32,8,24,32,1.0,6,7,2025-2026,nl,W,https://www.eliteprospects.com/player/20065/marcus-sorensen,Marcus Sorensen
Christophe Cavalleri (C),HC Ajoie,32,3,0,3,0.09,8,-3,2025-2026,nl,C,https://www.eliteprospects.com/player/465366/christophe-cavalleri,Christophe Cavalleri
Levin Moser (F),SC Bern,31,1,0,1,0.03,0,0,2025-2026,nl,F,https://www.eliteprospects.com/player/778863/levin-moser,Levin Moser
Beni Waidacher (C),HC Davos,31,2,0,2,0.06,0,0,2025-2026,nl,C,https://www.eliteprospects.com/player/824432/beni-waidacher,Beni Waidacher
Lucas Wallmark (C),HC Fribourg-Gottéron,31,8,13,21,0.68,18,7,2025-2026,nl,C,https://www.eliteprospects.com/player/39022/lucas-wallmark,Lucas Wallmark
Niklas Friman (D),HC Ajoie,31,1,2,3,0.1,2,-17,2025-2026,nl,D,https://www.eliteprospects.com/player/43503/niklas-friman,Niklas Friman
Calle Andersson (D),HC Davos,31,2,13,15,0.48,8,21,2025-2026,nl,D,https://www.eliteprospects.com/player/30181/calle-andersson,Calle Andersson
Eric Schneller (D),Genève-Servette HC,31,2,2,4,0.13,25,-2,2025-2026,nl,D,https://www.eliteprospects.com/player/778565/eric-schneller,Eric Schneller
Thierry Bader (C),ZSC Lions,31,1,11,12,0.39,8,4,2025-2026,nl,C,https://www.eliteprospects.com/player/217465/thierry-bader,Thierry Bader
Michael Hügli (RW/LW),Lausanne HC,31,1,4,5,0.16,33,-7,2025-2026,nl,RW/LW,https://www.eliteprospects.com/player/95042/michael-hugli,Michael Hugli
Dominik Schlumpf (D),EV Zug,31,0,2,2,0.06,14,-9,2025-2026,nl,D,https://www.eliteprospects.com/player/17686/dominik-schlumpf,Dominik Schlumpf
Alexander Yakovenko (D),SC Bern,30,3,9,12,0.4,8,0,2025-2026,nl,D,https://www.eliteprospects.com/player/309547/alexander-yakovenko,Alexander Yakovenko
Daniele Grassi (LW/RW),HC Ambrì-Piotta,30,1,4,5,0.17,22,-8,2025-2026,nl,LW/RW,https://www.eliteprospects.com/player/85338/daniele-grassi,Daniele Grassi
Derek Grant (C/W),ZSC Lions,30,12,15,27,0.9,37,11,2025-2026,nl,C/W,https://www.eliteprospects.com/player/18242/derek-grant,Derek Grant
Flavio Schmutz (C/LW),SCL Tigers,30,5,11,16,0.53,8,0,2025-2026,nl,C/LW,https://www.eliteprospects.com/player/85357/flavio-schmutz,Flavio Schmutz
Yannick-Lennart Albrecht (C/LW),SC Rapperswil-Jona Lakers,30,5,7,12,0.4,8,9,2025-2026,nl,C/LW,https://www.eliteprospects.com/player/97195/yannick-lennart-albrecht,Yannicklennart Albrecht
Isacco Dotti (D),HC Ambrì-Piotta,30,2,1,3,0.1,14,2,2025-2026,nl,D,https://www.eliteprospects.com/player/85319/isacco-dotti,Isacco Dotti
Denis Hollenstein (LW/RW),ZSC Lions,29,5,3,8,0.28,12,5,2025-2026,nl,LW/RW,https://www.eliteprospects.com/player/11838/denis-hollenstein,Denis Hollenstein
Simone Terraneo (D),HC Ambrì-Piotta,29,1,4,5,0.17,10,-10,2025-2026,nl,D,https://www.eliteprospects.com/player/691660/simone-terraneo,Simone Terraneo
Dominik Kahun (C/W),Lausanne HC,29,5,8,13,0.45,6,9,2025-2026,nl,C/W,https://www.eliteprospects.com/player/71940/dominik-kahun,Dominik Kahun
Nic Balestra (D),EV Zug,29,0,1,1,0.03,8,-4,2025-2026,nl,D,https://www.eliteprospects.com/player/781193/nic-balestra,Nic Balestra
Brendan Lemieux (LW),HC Davos,29,13,8,21,0.72,51,11,2025-2026,nl,LW,https://www.eliteprospects.com/player/177647/brendan-lemieux,Brendan Lemieux
Joel Henry (C),Multiple Teams,28,2,1,3,0.11,2,-7,2025-2026,nl,C,https://www.eliteprospects.com/player/624057/joel-henry,Joel Henry
Nolan Diem (C),EHC Kloten,28,3,2,5,0.18,12,-9,2025-2026,nl,C,https://www.eliteprospects.com/player/85349/nolan-diem,Nolan Diem
Mauro Dufner (D),SC Rapperswil-Jona Lakers,28,2,3,5,0.18,12,8,2025-2026,nl,D,https://www.eliteprospects.com/player/95329/mauro-dufner,Mauro Dufner
Bastien Pouilly (D),HC Ajoie,28,0,0,0,0.0,2,-4,2025-2026,nl,D,https://www.eliteprospects.com/player/135732/bastien-pouilly,Bastien Pouilly
Leandro Hausheer (D),EHC Kloten,27,0,1,1,0.04,8,-2,2025-2026,nl,D,https://www.eliteprospects.com/player/605293/leandro-hausheer,Leandro Hausheer
Fabian Heldner (D),Lausanne HC,27,2,6,8,0.3,31,20,2025-2026,nl,D,https://www.eliteprospects.com/player/139244/fabian-heldner,Fabian Heldner
Brandon Gignac (C/LW),EHC Kloten,26,4,16,20,0.77,14,2,2025-2026,nl,C/LW,https://www.eliteprospects.com/player/213725/brandon-gignac,Brandon Gignac
Robin Nico Antenen (LW),EV Zug,26,0,3,3,0.12,2,1,2025-2026,nl,LW,https://www.eliteprospects.com/player/801192/robin-nico-antenen,Robin Nico Antenen
Benjamin Baumgartner (C),SC Bern,26,10,5,15,0.58,8,4,2025-2026,nl,C,https://www.eliteprospects.com/player/333572/benjamin-baumgartner,Benjamin Baumgartner
Frédérik Gauthier (C),HC Ajoie,26,4,3,7,0.27,6,-9,2025-2026,nl,C,https://www.eliteprospects.com/player/128500/frederik-gauthier,Frederik Gauthier
Samuel Guerra (D),Multiple Teams,25,0,6,6,0.24,12,3,2025-2026,nl,D,https://www.eliteprospects.com/player/66540/samuel-guerra,Samuel Guerra
Elia Riva (D),EV Zug,25,3,3,6,0.24,2,-7,2025-2026,nl,D,https://www.eliteprospects.com/player/229800/elia-riva,Elia Riva
Kevin Fey (D),HC Ajoie,25,1,4,5,0.2,14,-3,2025-2026,nl,D,https://www.eliteprospects.com/player/44811/kevin-fey,Kevin Fey
Gaël Haas (D),Lausanne HC,25,0,1,1,0.04,2,-3,2025-2026,nl,D,https://www.eliteprospects.com/player/690425/gael-haas,Gael Haas
Jerry Turkulainen (RW),HC Ajoie,24,6,12,18,0.75,6,-10,2025-2026,nl,RW,https://www.eliteprospects.com/player/199750/jerry-turkulainen,Jerry Turkulainen
Patrick Petrini (F),SCL Tigers,23,2,1,3,0.13,4,-3,2025-2026,nl,F,https://www.eliteprospects.com/player/293163/patrick-petrini,Patrick Petrini
Einar Emanuelsson (RW),HC Lugano,22,6,3,9,0.41,0,8,2025-2026,nl,RW,https://www.eliteprospects.com/player/147279/einar-emanuelsson,Einar Emanuelsson
Lukas Bengtsson (D),EV Zug,21,2,4,6,0.29,6,-9,2025-2026,nl,D,https://www.eliteprospects.com/player/67165/lukas-bengtsson,Lukas Bengtsson
Samuel Kreis (D),SC Bern,21,0,4,4,0.19,10,0,2025-2026,nl,D,https://www.eliteprospects.com/player/85291/samuel-kreis,Samuel Kreis
Daniel Olsson (F),ZSC Lions,21,0,0,0,0.0,2,-3,2025-2026,nl,F,https://www.eliteprospects.com/player/783248/daniel-olsson,Daniel Olsson
Reto Schmutz (LW),HC Ajoie,20,0,0,0,0.0,6,-5,2025-2026,nl,LW,https://www.eliteprospects.com/player/34825/reto-schmutz,Reto Schmutz
Cal O'Reilly (C),SCL Tigers,20,1,4,5,0.25,2,-2,2025-2026,nl,C,https://www.eliteprospects.com/player/11360/cal-o-reilly,Cal Oreilly
Janis Embacher (C/RW),SC Rapperswil-Jona Lakers,20,0,0,0,0.0,0,-3,2025-2026,nl,C/RW,https://www.eliteprospects.com/player/738310/janis-embacher,Janis Embacher
Joshua Fahrni (C),SCL Tigers,20,0,0,0,0.0,6,-1,2025-2026,nl,C,https://www.eliteprospects.com/player/546739/joshua-fahrni,Joshua Fahrni
Lino Martschini (RW),EV Zug,20,4,4,8,0.4,2,-10,2025-2026,nl,RW,https://www.eliteprospects.com/player/70432/lino-martschini,Lino Martschini
Bastian Guggenheim (D),SCL Tigers,20,1,2,3,0.15,6,-7,2025-2026,nl,D,https://www.eliteprospects.com/player/461484/bastian-guggenheim,Bastian Guggenheim
Mischa Geisser (D/LW),EV Zug,20,0,2,2,0.1,29,-3,2025-2026,nl,D/LW,https://www.eliteprospects.com/player/828973/mischa-geisser,Mischa Geisser
Tim Minder (D),HC Davos,20,0,1,1,0.05,0,2,2025-2026,nl,D,https://www.eliteprospects.com/player/637650/tim-minder,Tim Minder
Dorian Moret (D),EV Zug,20,0,3,3,0.15,2,-1,2025-2026,nl,D,https://www.eliteprospects.com/player/690420/dorian-moret,Dorian Moret
Kevin Etter (C),HC Fribourg-Gottéron,20,1,1,2,0.1,4,0,2025-2026,nl,C,https://www.eliteprospects.com/player/576749/kevin-etter,Kevin Etter
Mark Sever (LW/RW),EHC Biel-Bienne,19,3,8,11,0.58,12,3,2025-2026,nl,LW/RW,https://www.eliteprospects.com/player/723581/mark-sever,Mark Sever
Leo Braillard (LW/RW),EHC Biel-Bienne,19,1,1,2,0.11,2,-6,2025-2026,nl,LW/RW,manual_leo_braillard_lw,Leo Braillard
Andy Andreoff (C/LW),ZSC Lions,19,2,1,3,0.16,12,-5,2025-2026,nl,C/LW,https://www.eliteprospects.com/player/32736/andy-andreoff,Andy Andreoff
Luca Hischier (C/RW),Genève-Servette HC,19,1,1,2,0.11,2,-1,2025-2026,nl,C/RW,https://www.eliteprospects.com/player/93279/luca-hischier,Luca Hischier
Philippe Maillet (C),SC Rapperswil-Jona Lakers,19,1,9,10,0.53,24,-5,2025-2026,nl,C,https://www.eliteprospects.com/player/68740/philippe-maillet,Philippe Maillet
Elvis Schläpfer (C),HC Ajoie,18,0,0,0,0.0,6,-6,2025-2026,nl,C,https://www.eliteprospects.com/player/449082/elvis-schlapfer,Elvis Schlapfer
Cyrill Henry (C),HC Lugano,18,1,3,4,0.22,0,1,2025-2026,nl,C,manual_cyrill_henry_c,Cyrill Henry
Jesse Graham (D),EV Zug,18,3,3,6,0.33,13,-1,2025-2026,nl,D,https://www.eliteprospects.com/player/92681/jesse-graham,Jesse Graham
Julien Rod (LW/RW),HC Fribourg-Gottéron,17,0,0,0,0.0,2,-1,2025-2026,nl,LW/RW,https://www.eliteprospects.com/player/529827/julien-rod,Julien Rod
Daniil Ustinkov (D),ZSC Lions,17,0,0,0,0.0,2,1,2025-2026,nl,D,https://www.eliteprospects.com/player/800542/daniil-ustinkov,Daniil Ustinkov
Nicklas Jensen (RW/LW),SC Rapperswil-Jona Lakers,17,6,3,9,0.53,6,1,2025-2026,nl,RW/LW,https://www.eliteprospects.com/player/32422/nicklas-jensen,Nicklas Jensen
Nicolas Müller (C/RW),EHC Biel-Bienne,16,2,0,2,0.13,8,2,2025-2026,nl,C/RW,https://www.eliteprospects.com/player/276501/nicolas-muller,Nicolas Muller
Jan Hornecker (LW/RW),SC Rapperswil-Jona Lakers,16,0,0,0,0.0,4,-2,2025-2026,nl,LW/RW,https://www.eliteprospects.com/player/681848/jan-hornecker,Jan Hornecker
Oskari Laaksonen (D),EHC Biel-Bienne,16,0,4,4,0.25,11,2,2025-2026,nl,D,https://www.eliteprospects.com/player/372926/oskari-laaksonen,Oskari Laaksonen
Oula Palve (C),EHC Kloten,16,1,4,5,0.31,6,-6,2025-2026,nl,C,https://www.eliteprospects.com/player/43555/oula-palve,Oula Palve
Nicolas Petan (C/LW),HC Ambrì-Piotta,15,1,3,4,0.27,4,-13,2025-2026,nl,C/LW,https://www.eliteprospects.com/player/82305/nicolas-petan,Nicolas Petan
Dario Sidler (D),EHC Kloten,15,1,1,2,0.13,2,0,2025-2026,nl,D,https://www.eliteprospects.com/player/596668/dario-sidler,Dario Sidler
Linus Omark (LW),HC Lugano,15,4,7,11,0.73,8,3,2025-2026,nl,LW,https://www.eliteprospects.com/player/4008/linus-omark,Linus Omark
Jason Akeson (RW/LW),Genève-Servette HC,14,0,3,3,0.21,0,0,2025-2026,nl,RW/LW,https://www.eliteprospects.com/player/18628/jason-akeson,Jason Akeson
Antti Suomela (C),Lausanne HC,14,5,9,14,1.0,2,5,2025-2026,nl,C,https://www.eliteprospects.com/player/73292/antti-suomela,Antti Suomela
Kyle Rau (C),HC Fribourg-Gottéron,14,3,4,7,0.5,2,1,2025-2026,nl,C,https://www.eliteprospects.com/player/75072/kyle-rau,Kyle Rau
Finn Bichsel (D),EHC Biel-Bienne,13,0,0,0,0.0,0,0,2025-2026,nl,D,manual_finn_bichsel_d,Finn Bichsel
Raphael Díaz (D),EV Zug,13,1,6,7,0.54,6,8,2025-2026,nl,D,https://www.eliteprospects.com/player/17892/raphael-diaz,Raphael Diaz
Timo Jenni (W/C),SCL Tigers,12,0,0,0,0.0,2,-3,2025-2026,nl,W/C,https://www.eliteprospects.com/player/529831/timo-jenni,Timo Jenni
Matteo Wagner (LW),SCL Tigers,12,0,0,0,0.0,2,-2,2025-2026,nl,LW,manual_matteo_wagner_lw,Matteo Wagner
Ty Rattie (RW),HC Fribourg-Gottéron,11,3,6,9,0.82,0,0,2025-2026,nl,RW,https://www.eliteprospects.com/player/26385/ty-rattie,Ty Rattie
Lawrence Pilut (D),SC Rapperswil-Jona Lakers,11,1,6,7,0.64,0,2,2025-2026,nl,D,https://www.eliteprospects.com/player/84938/lawrence-pilut,Lawrence Pilut
Rocco Pezzullo (D),HC Ambrì-Piotta,11,0,0,0,0.0,2,-7,2025-2026,nl,D,https://www.eliteprospects.com/player/293164/rocco-pezzullo,Rocco Pezzullo
Simon Moser (C/W),SC Bern,11,0,0,0,0.0,2,-6,2025-2026,nl,C/W,https://www.eliteprospects.com/player/15163/simon-moser,Simon Moser
Jamiro Reber (C/LW),HC Fribourg-Gottéron,11,0,1,1,0.09,0,-3,2025-2026,nl,C/LW,https://www.eliteprospects.com/player/732963/jamiro-reber,Jamiro Reber
Florian Schenk (C),Multiple Teams,11,0,1,1,0.09,0,1,2025-2026,nl,C,manual_florian_schenk_c,Florian Schenk
Thibault Martin (D),Lausanne HC,10,0,0,0,0.0,0,-1,2025-2026,nl,D,manual_thibault_martin_d,Thibault Martin
Nick Meile (D),HC Lugano,10,0,0,0,0.0,0,-1,2025-2026,nl,D,https://www.eliteprospects.com/player/687347/nick-meile,Nick Meile
Victor Oejdemark (D),ZSC Lions,10,0,1,1,0.1,0,1,2025-2026,nl,D,https://www.eliteprospects.com/player/220479/victor-oejdemark,Victor Oejdemark
Sean Malone (C),SCL Tigers,10,2,1,3,0.3,2,2,2025-2026,nl,C,https://www.eliteprospects.com/player/118664/sean-malone,Sean Malone
Niko Huuhtanen (RW/LW),EHC Biel-Bienne,10,2,1,3,0.3,29,1,2025-2026,nl,RW/LW,https://www.eliteprospects.com/player/525628/niko-huuhtanen,Niko Huuhtanen
Thomas Thiry (D),HC Ajoie,10,1,1,2,0.2,4,-4,2025-2026,nl,D,https://www.eliteprospects.com/player/187699/thomas-thiry,Thomas Thiry
Endo Meier (C),ZSC Lions,9,0,0,0,0.0,0,-1,2025-2026,nl,C,manual_endo_meier_c,Endo Meier
Jan Daron (F),EV Zug,9,1,0,1,0.11,0,-1,2025-2026,nl,F,manual_jan_daron_f,Jan Daron
Johan Sundström (C),ZSC Lions,9,2,1,3,0.33,2,2,2025-2026,nl,C,https://www.eliteprospects.com/player/16727/johan-sundstrom,Johan Sundstrom
Kelyan Barry (F),Lausanne HC,9,1,0,1,0.11,2,1,2025-2026,nl,F,manual_kelyan_barry_f,Kelyan Barry
Robin Bisig (D),SC Rapperswil-Jona Lakers,8,0,0,0,0.0,0,0,2025-2026,nl,D,https://www.eliteprospects.com/player/784989/robin-bisig,Robin Bisig
Benjamin Quinn (D),SC Rapperswil-Jona Lakers,8,0,0,0,0.0,0,1,2025-2026,nl,D,https://www.eliteprospects.com/player/529824/benjamin-quinn,Benjamin Quinn
Cyril Keller (C/RW),EHC Kloten,8,0,0,0,0.0,0,-2,2025-2026,nl,C/RW,https://www.eliteprospects.com/player/803422/cyril-keller,Cyril Keller
Alessandro Segafredo (RW),ZSC Lions,8,1,1,2,0.25,0,0,2025-2026,nl,RW,https://www.eliteprospects.com/player/547048/alessandro-segafredo,Alessandro Segafredo
Enea Togni (D),HC Lugano,7,0,0,0,0.0,0,-2,2025-2026,nl,D,https://www.eliteprospects.com/player/749307/enea-togni,Enea Togni
Kimi Körbler (RW),EHC Kloten,7,0,1,1,0.14,0,-1,2025-2026,nl,RW,manual_kimi_korbler_rw,Kimi Korbler
Nathan Borradori (F),HC Ambrì-Piotta,7,0,1,1,0.14,0,0,2025-2026,nl,F,manual_nathan_borradori_f,Nathan Borradori
Rasmus Kupari (C/RW),HC Lugano,7,1,1,2,0.29,2,-4,2025-2026,nl,C/RW,https://www.eliteprospects.com/player/319079/rasmus-kupari,Rasmus Kupari
Santiago Näf (F),EV Zug,6,0,1,1,0.17,0,-1,2025-2026,nl,F,https://www.eliteprospects.com/player/539882/santiago-naf,Santiago Naf
Ryan Spooner (C),Lausanne HC,6,0,1,1,0.17,2,-4,2025-2026,nl,C,https://www.eliteprospects.com/player/23117/ryan-spooner,Ryan Spooner
Tim Muggli (F),HC Ambrì-Piotta,6,0,0,0,0.0,0,-2,2025-2026,nl,F,https://www.eliteprospects.com/player/596667/tim-muggli,Tim Muggli
Taylor Beck (RW/C),Genève-Servette HC,6,0,0,0,0.0,2,-7,2025-2026,nl,RW/C,manual_taylor_beck_rw,Taylor Beck
Michal Čajkovský (D),HC Ambrì-Piotta,6,0,0,0,0.0,0,-12,2025-2026,nl,D,https://www.eliteprospects.com/player/40251/michal-cajkovsky,Michal Cajkovsky
Andrin Flütsch (D),SC Rapperswil-Jona Lakers,6,1,1,2,0.33,0,1,2025-2026,nl,D,manual_andrin_flutsch_d,Andrin Flutsch
Juho Lammikko (C/LW),ZSC Lions,6,2,1,3,0.5,0,0,2025-2026,nl,C/LW,https://www.eliteprospects.com/player/151955/juho-lammikko,Juho Lammikko
Lucien Lehmann (C),EV Zug,5,0,0,0,0.0,0,-1,2025-2026,nl,C,manual_lucien_lehmann_c,Lucien Lehmann
Jakob Lee (C),HC Lugano,5,0,1,1,0.2,2,-1,2025-2026,nl,C,manual_jakob_lee_c,Jakob Lee
Sol Fueter (LW/C),EV Zug,5,0,0,0,0.0,0,-1,2025-2026,nl,LW/C,manual_sol_fueter_lw,Sol Fueter
Marc Diethelm (LW/RW),SC Rapperswil-Jona Lakers,5,0,0,0,0.0,0,0,2025-2026,nl,LW/RW,manual_marc_diethelm_lw,Marc Diethelm
Kevin Lindemann (C),SC Rapperswil-Jona Lakers,5,0,0,0,0.0,0,-1,2025-2026,nl,C,https://www.eliteprospects.com/player/444620/kevin-lindemann,Kevin Lindemann
Kimo Bont (C),SC Bern,5,0,0,0,0.0,0,0,2025-2026,nl,C,manual_kimo_bont_c,Kimo Bont
Noah Fuss (LW/RW),SC Bern,4,0,0,0,0.0,0,-1,2025-2026,nl,LW/RW,https://www.eliteprospects.com/player/444501/noah-fuss,Noah Fuss
Nic Wülser (D),HC Fribourg-Gottéron,4,0,0,0,0.0,0,0,2025-2026,nl,D,manual_nic_wulser_d,Nic Wulser
Tarmo Reunanen (D),HC Ajoie,4,0,2,2,0.5,0,-1,2025-2026,nl,D,https://www.eliteprospects.com/player/221513/tarmo-reunanen,Tarmo Reunanen
Mike Aeschlimann (LW/RW),SCL Tigers,4,0,0,0,0.0,0,0,2025-2026,nl,LW/RW,manual_mike_aeschlimann_lw,Mike Aeschlimann
Antoine Guignard (W),Genève-Servette HC,4,0,0,0,0.0,0,0,2025-2026,nl,W,https://www.eliteprospects.com/player/636840/antoine-guignard,Antoine Guignard
Nicolas Lars Wenger (F),Lausanne HC,4,0,0,0,0.0,0,-1,2025-2026,nl,F,manual_nicolas_lars_wenger_f,Nicolas Lars Wenger
Arthur Dandois (LW/RW),HC Fribourg-Gottéron,3,0,0,0,0.0,0,0,2025-2026,nl,LW/RW,manual_arthur_dandois_lw,Arthur Dandois
Kevin Zürcher (F),SC Bern,3,0,0,0,0.0,0,0,2025-2026,nl,F,https://www.eliteprospects.com/player/710540/kevin-zurcher,Kevin Zurcher
Alexandre Pugin (F),Genève-Servette HC,3,0,0,0,0.0,0,0,2025-2026,nl,F,manual_alexandre_pugin_f,Alexandre Pugin
Flavio Sauser (D),EV Zug,3,0,0,0,0.0,0,0,2025-2026,nl,D,manual_flavio_sauser_d,Flavio Sauser
Yannik Boppart (F),HC Fribourg-Gottéron,3,2,0,2,0.67,0,2,2025-2026,nl,F,manual_yannik_boppart_f,Yannik Boppart
Léonardo Fuhrer (C/RW),Lausanne HC,3,1,0,1,0.33,0,0,2025-2026,nl,C/RW,https://www.eliteprospects.com/player/91746/leonardo-fuhrer,Leonardo Fuhrer
Curtis Valk (C),HC Lugano,3,1,2,3,1.0,0,0,2025-2026,nl,C,https://www.eliteprospects.com/player/45510/curtis-valk,Curtis Valk
Victor Backman (W/C),EHC Kloten,3,0,0,0,0.0,4,0,2025-2026,nl,W/C,https://www.eliteprospects.com/player/12967/victor-backman,Victor Backman
Livio Truog (LW),EV Zug,3,0,1,1,0.33,0,0,2025-2026,nl,LW,https://www.eliteprospects.com/player/656109/livio-truog,Livio Truog
Martin Grangier (D),HC Fribourg-Gottéron,2,0,0,0,0.0,0,-1,2025-2026,nl,D,manual_martin_grangier_d,Martin Grangier
Gregory Weber (RW),SC Bern,2,0,0,0,0.0,0,0,2025-2026,nl,RW,https://www.eliteprospects.com/player/676668/gregory-weber,Gregory Weber
Daniels Serkins (C/LW),SC Bern,2,0,0,0,0.0,0,0,2025-2026,nl,C/LW,manual_daniels_serkins_c,Daniels Serkins
Jonathan Moser (D),EHC Biel-Bienne,2,0,0,0,0.0,0,0,2025-2026,nl,D,manual_jonathan_moser_d,Jonathan Moser
Jakob Lilja (LW),EV Zug,2,0,0,0,0.0,0,-3,2025-2026,nl,LW,https://www.eliteprospects.com/player/16800/jakob-lilja,Jakob Lilja
Loic Fromaget (D),Genève-Servette HC,2,0,0,0,0.0,0,1,2025-2026,nl,D,manual_loic_fromaget_d,Loic Fromaget
Jamie Villard (RW),EHC Biel-Bienne,2,0,0,0,0.0,0,0,2025-2026,nl,RW,https://www.eliteprospects.com/player/863149/jamie-villard,Jamie Villard
Manuel von Rohr (RW),EHC Biel-Bienne,2,0,0,0,0.0,0,0,2025-2026,nl,RW,manual_manuel_von_rohr_rw,Manuel Von Rohr
Luca Cunti (C),ZSC Lions,2,0,1,1,0.5,0,1,2025-2026,nl,C,https://www.eliteprospects.com/player/10902/luca-cunti,Luca Cunti
Daniel Ljunggren (C),HC Fribourg-Gottéron,2,1,0,1,0.5,0,0,2025-2026,nl,C,https://www.eliteprospects.com/player/21828/daniel-ljunggren,Daniel Ljunggren
Jannik Canova (RW),SCL Tigers,2,1,0,1,0.5,0,0,2025-2026,nl,RW,https://www.eliteprospects.com/player/411276/jannik-canova,Jannik Canova
Niklas Aebli (C/W),HC Davos,2,0,1,1,0.5,0,0,2025-2026,nl,C/W,manual_niklas_aebli_c,Niklas Aebli
Nino Niedermann (D),ZSC Lions,2,0,0,0,0.0,0,0,2025-2026,nl,D,manual_nino_niedermann_d,Nino Niedermann
Laurin Fuhrer (D),SC Rapperswil-Jona Lakers,1,0,0,0,0.0,0,0,2025-2026,nl,D,manual_laurin_fuhrer_d,Laurin Fuhrer
Michael Loosli (W),Genève-Servette HC,1,0,0,0,0.0,0,0,2025-2026,nl,W,https://www.eliteprospects.com/player/93781/michael-loosli,Michael Loosli
Vincent Ryser (F),SC Bern,1,0,0,0,0.0,0,-1,2025-2026,nl,F,https://www.eliteprospects.com/player/549912/vincent-ryser,Vincent Ryser
Fadri Riatsch (LW),SC Bern,1,0,0,0,0.0,0,1,2025-2026,nl,LW,https://www.eliteprospects.com/player/317934/fadri-riatsch,Fadri Riatsch
Simon Bär (D),SCL Tigers,1,0,0,0,0.0,0,0,2025-2026,nl,D,manual_simon_bar_d,Simon Bar
Juuso Arola (D),HC Fribourg-Gottéron,1,0,0,0,0.0,0,0,2025-2026,nl,D,https://www.eliteprospects.com/player/376053/juuso-arola,Juuso Arola
Anton Besanidis (RW/LW),HC Lugano,1,0,0,0,0.0,0,1,2025-2026,nl,RW/LW,manual_anton_besanidis_rw,Anton Besanidis
Flavio Andri (D),EV Zug,1,0,0,0,0.0,0,0,2025-2026,nl,D,manual_flavio_andri_d,Flavio Andri
Tanner Richard (C),Genève-Servette HC,1,0,0,0,0.0,0,0,2025-2026,nl,C,https://www.eliteprospects.com/player/41755/tanner-richard,Tanner Richard
William Hedlund (C/RW),HC Ambrì-Piotta,1,0,0,0,0.0,0,0,2025-2026,nl,C/RW,https://www.eliteprospects.com/player/518264/william-hedlund,William Hedlund
Livio Christen (C/W),EHC Biel-Bienne,1,0,0,0,0.0,0,0,2025-2026,nl,C/W,https://www.eliteprospects.com/player/985740/livio-christen,Livio Christen
Nicolò Ugazzi (D),SC Rapperswil-Jona Lakers,1,0,0,0,0.0,0,0,2025-2026,nl,D,https://www.eliteprospects.com/player/438282/nicolo-ugazzi,Nicolo Ugazzi
Cédric Aeschbach (D),EHC Biel-Bienne,1,0,0,0,0.0,0,0,2025-2026,nl,D,https://www.eliteprospects.com/player/546698/cedric-aeschbach,Cedric Aeschbach
Simon Meier (C/W),EHC Kloten,1,0,0,0,0.0,0,-2,2025-2026,nl,C/W,manual_simon_meier_c,Simon Meier
Elia Baumann (C/W),HC Davos,1,0,0,0,0.0,0,0,2025-2026,nl,C/W,manual_elia_baumann_c,Elia Baumann
Ludvig Claesson (D),HC Davos,1,0,0,0,0.0,0,1,2025-2026,nl,D,https://www.eliteprospects.com/player/147731/ludvig-claesson,Ludvig Claesson
Stefan Rüegsegger (RW),Lausanne HC,1,0,0,0,0.0,0,-1,2025-2026,nl,RW,https://www.eliteprospects.com/player/174558/stefan-ruegsegger,Stefan Ruegsegger
Derick Brassard (C/LW),Genève-Servette HC,1,0,0,0,0.0,0,0,2025-2026,nl,C/LW,https://www.eliteprospects.com/player/9366/derick-brassard,Derick Brassard
Lilian Garessus (C),HC Ajoie,0,0,0,0,0.0,0,0,2025-2026,nl,C,https://www.eliteprospects.com/player/542995/lilian-garessus,Lilian Garessus
Mattheo Reinhard (C),EHC Biel-Bienne,0,0,0,0,0.0,0,0,2025-2026,nl,C,https://www.eliteprospects.com/player/547652/mattheo-reinhard,Mattheo Reinhard
Viktor Lööv (D),EHC Biel-Bienne,0,0,0,0,0.0,0,0,2025-2026,nl,D,https://www.eliteprospects.com/player/20058/viktor-loov,Viktor Loov
Alessio Guignard (D),HC Fribourg-Gottéron,0,0,0,0,0.0,0,0,2025-2026,nl,D,manual_alessio_guignard_d,Alessio Guignard
Jakob Stukel (LW),HC Ajoie,0,0,0,0,0.0,0,0,2025-2026,nl,LW,https://www.eliteprospects.com/player/197807/jakob-stukel,Jakob Stukel
Brett Supinski (C/RW),Genève-Servette HC,0,0,0,0,0.0,0,0,2025-2026,nl,C/RW,https://www.eliteprospects.com/player/226311/brett-supinski,Brett Supinski
Sandis Smons (D),Genève-Servette HC,0,0,0,0,0.0,0,0,2025-2026,nl,D,https://www.eliteprospects.com/player/310119/sandis-smons,Sandis Smons
Lionel Marchand (D/W),Genève-Servette HC,0,0,0,0,0.0,0,0,2025-2026,nl,D/W,https://www.eliteprospects.com/player/293176/lionel-marchand,Lionel Marchand
Joakim Nordström (C/LW),HC Davos,0,0,0,0,0.0,0,0,2025-2026,nl,C/LW,https://www.eliteprospects.com/player/18332/joakim-nordstrom,Joakim Nordstrom
Simon Müller (D),HC Davos,0,0,0,0,0.0,0,0,2025-2026,nl,D,https://www.eliteprospects.com/player/863034/simon-muller,Simon Muller
Alain Bircher (D),HC Fribourg-Gottéron,0,0,0,0,0.0,0,0,2025-2026,nl,D,https://www.eliteprospects.com/player/164265/alain-bircher,Alain Bircher
Jens Nater (D),EV Zug,0,0,0,0,0.0,0,0,2025-2026,nl,D,https://www.eliteprospects.com/player/94255/jens-nater,Jens Nater
Lucas Hedlund (C/W),HC Fribourg-Gottéron,0,0,0,0,0.0,0,0,2025-2026,nl,C/W,manual_lucas_hedlund_c,Lucas Hedlund
Nadir Scilacci (D),HC Ambrì-Piotta,0,0,0,0,0.0,0,0,2025-2026,nl,D,https://www.eliteprospects.com/player/749306/nadir-scilacci,Nadir Scilacci
Aris Häfliger (D),HC Ambrì-Piotta,0,0,0,0,0.0,0,0,2025-2026,nl,D,https://www.eliteprospects.com/player/619283/aris-hafliger,Aris Hafliger
Cyril Jack Pont (C/W),HC Ambrì-Piotta,0,0,0,0,0.0,0,0,2025-2026,nl,C/W,manual_cyril_jack_pont_c,Cyril Jack Pont
Alessandro Villa (D),HC Fribourg-Gottéron,0,0,0,0,0.0,0,0,2025-2026,nl,D,https://www.eliteprospects.com/player/363816/alessandro-villa,Alessandro Villa
Tommaso Madaschi (F),HC Ambrì-Piotta,0,0,0,0,0.0,0,0,2025-2026,nl,F,manual_tommaso_madaschi_f,Tommaso Madaschi
Oscar Lindberg (C),Skellefteå AIK,52,30,37,67,1.29,52,17,2025-2026,shl,C,https://www.eliteprospects.com/player/10711/oscar-lindberg,Oscar Lindberg
Adam Hofbauer (C),Linköping HC,52,1,0,1,0.02,8,-18,2025-2026,shl,C,https://www.eliteprospects.com/player/394738/adam-hofbauer,Adam Hofbauer
Luke Philp (C/RW),Färjestad BK,52,13,22,35,0.67,18,4,2025-2026,shl,C/RW,https://www.eliteprospects.com/player/62115/luke-philp,Luke Philp
Axel Rindell (D),HV71,52,10,26,36,0.69,12,-6,2025-2026,shl,D,https://www.eliteprospects.com/player/375833/axel-rindell,Axel Rindell
Rickard Hugg (LW/RW),Skellefteå AIK,52,20,36,56,1.08,12,13,2025-2026,shl,LW/RW,https://www.eliteprospects.com/player/266319/rickard-hugg,Rickard Hugg
Patrik Karlkvist (RW),Örebro HK,52,15,35,50,0.96,14,0,2025-2026,shl,RW,https://www.eliteprospects.com/player/20063/patrik-karlkvist,Patrik Karlkvist
Dennis Rasmussen (C),Växjö Lakers HC,52,20,17,37,0.71,14,3,2025-2026,shl,C,https://www.eliteprospects.com/player/9985/dennis-rasmussen,Dennis Rasmussen
Keegan Lowe (D),Växjö Lakers HC,52,2,10,12,0.23,60,-1,2025-2026,shl,D,https://www.eliteprospects.com/player/45485/keegan-lowe,Keegan Lowe
Christopher Mastomäki (C),Örebro HK,52,6,8,14,0.27,53,-5,2025-2026,shl,C,https://www.eliteprospects.com/player/187855/christopher-mastomaki,Christopher Mastomaki
Noah Hasa (C/W),Frölunda HC,52,7,7,14,0.27,8,6,2025-2026,shl,C/W,https://www.eliteprospects.com/player/499355/noah-hasa,Noah Hasa
Max Martin (D),Linköping HC,52,0,16,16,0.31,28,-1,2025-2026,shl,D,https://www.eliteprospects.com/player/201708/max-martin,Max Martin
Eemil Viro (D),Malmö Redhawks,52,5,11,16,0.31,20,4,2025-2026,shl,D,https://www.eliteprospects.com/player/499518/eemil-viro,Eemil Viro
Markus Ljungh (C),Linköping HC,52,8,21,29,0.56,12,-7,2025-2026,shl,C,https://www.eliteprospects.com/player/13329/markus-ljungh,Markus Ljungh
Pontus Andreasson (C),Luleå HF,52,10,17,27,0.52,34,-5,2025-2026,shl,C,https://www.eliteprospects.com/player/212624/pontus-andreasson,Pontus Andreasson
Max Friberg (RW),Frölunda HC,52,5,14,19,0.37,10,3,2025-2026,shl,RW,https://www.eliteprospects.com/player/13766/max-friberg,Max Friberg
Filip Roos (D),Färjestad BK,52,8,11,19,0.37,4,9,2025-2026,shl,D,https://www.eliteprospects.com/player/344180/filip-roos,Filip Roos
Robert Hägg (D),Brynäs IF,52,4,11,15,0.29,60,10,2025-2026,shl,D,https://www.eliteprospects.com/player/27397/robert-hagg,Robert Hagg
Milton Oscarson (C/W),Örebro HK,52,10,9,19,0.37,20,-5,2025-2026,shl,C/W,https://www.eliteprospects.com/player/425317/milton-oscarson,Milton Oscarson
Max Lindholm (LW/RW),Frölunda HC,52,17,16,33,0.63,22,12,2025-2026,shl,LW/RW,https://www.eliteprospects.com/player/212660/max-lindholm,Max Lindholm
Henrik Tömmernes (D),Frölunda HC,52,6,29,35,0.67,20,12,2025-2026,shl,D,https://www.eliteprospects.com/player/10018/henrik-tommernes,Henrik Tommernes
Albin Sundsvik (C/W),Rögle BK,52,6,11,17,0.33,10,-6,2025-2026,shl,C/W,https://www.eliteprospects.com/player/344692/albin-sundsvik,Albin Sundsvik
Axel Bergkvist (D),Färjestad BK,52,7,18,25,0.48,12,9,2025-2026,shl,D,https://www.eliteprospects.com/player/289485/axel-bergkvist,Axel Bergkvist
Topi Niemelä (D),Malmö Redhawks,52,4,14,18,0.35,14,-7,2025-2026,shl,D,https://www.eliteprospects.com/player/499424/topi-niemela,Topi Niemela
Viktor Grahn (D),Skellefteå AIK,52,3,15,18,0.35,6,10,2025-2026,shl,D,https://www.eliteprospects.com/player/241613/viktor-grahn,Viktor Grahn
Linus Öberg (RW),Malmö Redhawks,52,13,5,18,0.35,14,-4,2025-2026,shl,RW,https://www.eliteprospects.com/player/313352/linus-oberg,Linus Oberg
Olle Strandell (D),Leksands IF,52,5,14,19,0.37,10,-6,2025-2026,shl,D,https://www.eliteprospects.com/player/287855/olle-strandell,Olle Strandell
Petter Granberg (D),Växjö Lakers HC,52,1,8,9,0.17,24,5,2025-2026,shl,D,https://www.eliteprospects.com/player/13901/petter-granberg,Petter Granberg
Hugo Fransson (D),HV71,52,11,15,26,0.5,14,-8,2025-2026,shl,D,https://www.eliteprospects.com/player/647763/hugo-fransson,Hugo Fransson
Noah Steen (LW/RW),Örebro HK,52,12,10,22,0.42,18,6,2025-2026,shl,LW/RW,https://www.eliteprospects.com/player/607471/noah-steen,Noah Steen
Dylan McLaughlin (C),Växjö Lakers HC,52,11,11,22,0.42,4,12,2025-2026,shl,C,https://www.eliteprospects.com/player/116983/dylan-mclaughlin,Dylan Mclaughlin
Christoffer Ehn (C/LW),Linköping HC,52,9,13,22,0.42,8,-11,2025-2026,shl,C/LW,https://www.eliteprospects.com/player/115020/christoffer-ehn,Christoffer Ehn
Filip Eriksson (C/W),Luleå HF,52,15,14,29,0.56,6,9,2025-2026,shl,C/W,https://www.eliteprospects.com/player/634747/filip-eriksson,Filip Eriksson
Jonathan Johnson (C),Skellefteå AIK,52,9,21,30,0.58,14,-3,2025-2026,shl,C,https://www.eliteprospects.com/player/21816/jonathan-johnson,Jonathan Johnson
Joona Ikonen (RW),Malmö Redhawks,52,2,6,8,0.15,14,-7,2025-2026,shl,RW,https://www.eliteprospects.com/player/284831/joona-ikonen,Joona Ikonen
Gustav Backström (D),Örebro HK,52,4,4,8,0.15,14,-7,2025-2026,shl,D,https://www.eliteprospects.com/player/32195/gustav-backstrom,Gustav Backstrom
Félix Robert (C/W),Växjö Lakers HC,52,16,8,24,0.46,34,0,2025-2026,shl,C/W,https://www.eliteprospects.com/player/301394/felix-robert,Felix Robert
Joe Snively (LW/RW),Djurgårdens IF,52,15,24,39,0.75,18,-7,2025-2026,shl,LW/RW,https://www.eliteprospects.com/player/193445/joe-snively,Joe Snively
Robin Salo (D),Malmö Redhawks,52,7,33,40,0.77,16,-3,2025-2026,shl,D,https://www.eliteprospects.com/player/197821/robin-salo,Robin Salo
Magnus Pääjärvi (LW/RW),Timrå IK,52,0,2,2,0.04,4,-16,2025-2026,shl,LW/RW,https://www.eliteprospects.com/player/6014/magnus-paajarvi,Magnus Paajarvi
Felix Nilsson (C/W),Rögle BK,52,14,26,40,0.77,14,18,2025-2026,shl,C/W,https://www.eliteprospects.com/player/702288/felix-nilsson,Felix Nilsson
Zion Nybeck (W/C),Linköping HC,52,5,7,12,0.23,6,-7,2025-2026,shl,W/C,https://www.eliteprospects.com/player/470015/zion-nybeck,Zion Nybeck
Adam Ollas Mattsson (D),Färjestad BK,52,1,12,13,0.25,22,-2,2025-2026,shl,D,https://www.eliteprospects.com/player/114812/adam-ollas-mattsson,Adam Ollas Mattsson
Nikola Pasic (LW/RW),HV71,52,3,10,13,0.25,10,-16,2025-2026,shl,LW/RW,https://www.eliteprospects.com/player/259121/nikola-pasic,Nikola Pasic
Theodor Niederbach (C),Frölunda HC,52,13,19,32,0.62,16,10,2025-2026,shl,C,https://www.eliteprospects.com/player/394717/theodor-niederbach,Theodor Niederbach
Lukas Rousek (C/W),HV71,52,3,28,31,0.6,10,2,2025-2026,shl,C/W,https://www.eliteprospects.com/player/236358/lukas-rousek,Lukas Rousek
Glenn Gustafsson (LW/RW),Örebro HK,52,4,5,9,0.17,18,-6,2025-2026,shl,LW/RW,https://www.eliteprospects.com/player/273529/glenn-gustafsson,Glenn Gustafsson
Jesper Sellgren (D),Luleå HF,52,3,14,17,0.33,8,6,2025-2026,shl,D,https://www.eliteprospects.com/player/244673/jesper-sellgren,Jesper Sellgren
Andreas Johnsson (LW/RW),Skellefteå AIK,52,13,12,25,0.48,32,9,2025-2026,shl,LW/RW,https://www.eliteprospects.com/player/43991/andreas-johnsson,Andreas Johnsson
Karson Kuhlman (C/RW),Rögle BK,52,13,12,25,0.48,8,7,2025-2026,shl,C/RW,https://www.eliteprospects.com/player/118663/karson-kuhlman,Karson Kuhlman
Lucas Ekeståhl Jonsson (D),Rögle BK,52,7,19,26,0.5,22,-3,2025-2026,shl,D,https://www.eliteprospects.com/player/113517/lucas-ekestahl-jonsson,Lucas Ekestahl Jonsson
Jonathan Ang (RW/C),HV71,52,21,25,46,0.88,38,-10,2025-2026,shl,RW/C,https://www.eliteprospects.com/player/251447/jonathan-ang,Jonathan Ang
Axel Jonsson-Fjällby (LW/RW),Brynäs IF,52,6,10,16,0.31,14,3,2025-2026,shl,LW/RW,https://www.eliteprospects.com/player/246070/axel-jonsson-fjallby,Axel Jonssonfjallby
David Quenneville (D),Örebro HK,52,16,28,44,0.85,14,3,2025-2026,shl,D,https://www.eliteprospects.com/player/166662/david-quenneville,David Quenneville
Joakim Nygård (LW),Färjestad BK,52,10,10,20,0.38,4,1,2025-2026,shl,LW,https://www.eliteprospects.com/player/25858/joakim-nygard,Joakim Nygard
Johan Södergran (LW/RW),Linköping HC,52,5,5,10,0.19,8,-11,2025-2026,shl,LW/RW,https://www.eliteprospects.com/player/246437/johan-sodergran,Johan Sodergran
Jakob Silfverberg (RW/LW),Brynäs IF,52,20,23,43,0.83,44,8,2025-2026,shl,RW/LW,https://www.eliteprospects.com/player/6562/jakob-silfverberg,Jakob Silfverberg
Fredrik Olofsson (C),Rögle BK,52,12,26,38,0.73,12,29,2025-2026,shl,C,https://www.eliteprospects.com/player/195218/fredrik-olofsson,Fredrik Olofsson
Kieffer Bellows (LW/RW),Brynäs IF,52,15,15,30,0.58,33,9,2025-2026,shl,LW/RW,https://www.eliteprospects.com/player/247945/kieffer-bellows,Kieffer Bellows
Pontus Johansson (D),Skellefteå AIK,51,6,19,25,0.49,26,15,2025-2026,shl,D,https://www.eliteprospects.com/player/246029/pontus-johansson,Pontus Johansson
Linus Ölund (C),Brynäs IF,51,8,9,17,0.33,37,13,2025-2026,shl,C,https://www.eliteprospects.com/player/146700/linus-olund,Linus Olund
Markus Nurmi (RW),Luleå HF,51,15,17,32,0.63,50,3,2025-2026,shl,RW,https://www.eliteprospects.com/player/158967/markus-nurmi,Markus Nurmi
Ludvig Rensfeldt (C),Djurgårdens IF,51,2,2,4,0.08,8,-14,2025-2026,shl,C,https://www.eliteprospects.com/player/13161/ludvig-rensfeldt,Ludvig Rensfeldt
Isac Heens (D),Frölunda HC,51,1,10,11,0.22,12,13,2025-2026,shl,D,https://www.eliteprospects.com/player/331170/isac-heens,Isac Heens
Per Åslund (LW/RW),Färjestad BK,51,16,11,27,0.53,61,18,2025-2026,shl,LW/RW,https://www.eliteprospects.com/player/3885/per-aslund,Per Aslund
Marian Studenic (LW/RW),Färjestad BK,51,8,19,27,0.53,65,-6,2025-2026,shl,LW/RW,https://www.eliteprospects.com/player/305485/marian-studenic,Marian Studenic
Lukas Vejdemo (C),Leksands IF,51,18,8,26,0.51,36,13,2025-2026,shl,C,https://www.eliteprospects.com/player/142243/lukas-vejdemo,Lukas Vejdemo
Simon Forsmark (D),Timrå IK,51,3,11,14,0.27,6,-8,2025-2026,shl,D,https://www.eliteprospects.com/player/420272/simon-forsmark,Simon Forsmark
Lucas Elvenes (LW/RW),Växjö Lakers HC,51,12,38,50,0.98,14,3,2025-2026,shl,LW/RW,https://www.eliteprospects.com/player/290074/lucas-elvenes,Lucas Elvenes
Tyler Vesel (C),Brynäs IF,51,3,6,9,0.18,6,0,2025-2026,shl,C,https://www.eliteprospects.com/player/121879/tyler-vesel,Tyler Vesel
Fredrik Händemark (C),Malmö Redhawks,51,18,11,29,0.57,28,-6,2025-2026,shl,C,https://www.eliteprospects.com/player/27259/fredrik-handemark,Fredrik Handemark
Colby Sissons (D),Djurgårdens IF,51,4,21,25,0.49,28,8,2025-2026,shl,D,https://www.eliteprospects.com/player/198405/colby-sissons,Colby Sissons
Albin Sundin (D),Timrå IK,51,4,5,9,0.18,20,-1,2025-2026,shl,D,https://www.eliteprospects.com/player/552611/albin-sundin,Albin Sundin
Emil Pettersson (W/C),Timrå IK,51,15,31,46,0.9,22,8,2025-2026,shl,W/C,https://www.eliteprospects.com/player/27331/emil-pettersson,Emil Pettersson
Eskild Bakke Olsen (C),Linköping HC,51,11,21,32,0.63,10,2,2025-2026,shl,C,manual_eskild_bakke_olsen_c,Eskild Bakke Olsen
Petter Vesterheim (C/W),Malmö Redhawks,51,4,9,13,0.25,8,-13,2025-2026,shl,C/W,https://www.eliteprospects.com/player/535858/petter-vesterheim,Petter Vesterheim
Peetro Seppälä (D),Örebro HK,51,1,9,10,0.2,14,-6,2025-2026,shl,D,https://www.eliteprospects.com/player/318157/peetro-seppala,Peetro Seppala
Oskar Vuollet (C/LW),Skellefteå AIK,51,3,4,7,0.14,6,3,2025-2026,shl,C/LW,https://www.eliteprospects.com/player/648368/oskar-vuollet,Oskar Vuollet
Jesper Pettersson (D),Djurgårdens IF,51,3,7,10,0.2,30,-3,2025-2026,shl,D,https://www.eliteprospects.com/player/28988/jesper-pettersson,Jesper Pettersson
Alexander Lundqvist (D),Leksands IF,51,4,6,10,0.2,32,2,2025-2026,shl,D,https://www.eliteprospects.com/player/343874/alexander-lundqvist,Alexander Lundqvist
Johannes Kinnvall (D),Brynäs IF,51,12,29,41,0.8,16,11,2025-2026,shl,D,https://www.eliteprospects.com/player/227531/johannes-kinnvall,Johannes Kinnvall
Lauri Pajuniemi (RW),Malmö Redhawks,51,16,22,38,0.75,54,-4,2025-2026,shl,RW,https://www.eliteprospects.com/player/285894/lauri-pajuniemi,Lauri Pajuniemi
Johan Larsson (C),Brynäs IF,51,12,18,30,0.59,48,6,2025-2026,shl,C,https://www.eliteprospects.com/player/9009/johan-larsson,Johan Larsson
Joey LaLeggia (D),Djurgårdens IF,50,13,27,40,0.8,10,-16,2025-2026,shl,D,https://www.eliteprospects.com/player/46961/joey-laleggia,Joey Laleggia
Frédéric Allard (D),Luleå HF,50,7,25,32,0.64,51,6,2025-2026,shl,D,https://www.eliteprospects.com/player/213473/frederic-allard,Frederic Allard
David Blomgren (RW/LW),Djurgårdens IF,50,6,6,12,0.24,12,0,2025-2026,shl,RW/LW,manual_david_blomgren_rw,David Blomgren
Linus Arnesson (D),Örebro HK,50,4,9,13,0.26,16,7,2025-2026,shl,D,https://www.eliteprospects.com/player/33350/linus-arnesson,Linus Arnesson
Mikkel Aagaard (W/C),Skellefteå AIK,50,20,23,43,0.86,14,12,2025-2026,shl,W/C,https://www.eliteprospects.com/player/46502/mikkel-aagaard,Mikkel Aagaard
Lucas Forsell (RW),Färjestad BK,50,5,5,10,0.2,20,0,2025-2026,shl,RW,https://www.eliteprospects.com/player/553744/lucas-forsell,Lucas Forsell
Bobby Trivigno (LW),Brynäs IF,50,8,17,25,0.5,22,18,2025-2026,shl,LW,https://www.eliteprospects.com/player/312328/bobby-trivigno,Bobby Trivigno
Robin Kovács (LW/RW),Linköping HC,50,23,24,47,0.94,49,2,2025-2026,shl,LW/RW,https://www.eliteprospects.com/player/85693/robin-kovacs,Robin Kovacs
Heikki Liedes (C/W),Luleå HF,50,2,5,7,0.14,22,3,2025-2026,shl,C/W,https://www.eliteprospects.com/player/44176/heikki-liedes,Heikki Liedes
Jonathan Dahlén (LW),Timrå IK,50,30,25,55,1.1,16,9,2025-2026,shl,LW,https://www.eliteprospects.com/player/212368/jonathan-dahlen,Jonathan Dahlen
Justin Kloos (C/RW),HV71,50,10,15,25,0.5,12,-1,2025-2026,shl,C/RW,https://www.eliteprospects.com/player/113322/justin-kloos,Justin Kloos
Matt Caito (D),Leksands IF,50,4,7,11,0.22,30,-23,2025-2026,shl,D,https://www.eliteprospects.com/player/121842/matt-caito,Matt Caito
Eetu Koivistoinen (C),Luleå HF,50,5,6,11,0.22,33,5,2025-2026,shl,C,https://www.eliteprospects.com/player/50674/eetu-koivistoinen,Eetu Koivistoinen
Brian O'Neill (C),Luleå HF,50,11,25,36,0.72,18,12,2025-2026,shl,C,https://www.eliteprospects.com/player/16709/brian-o-neill,Brian Oneill
Anton Lander (C),Timrå IK,50,10,12,22,0.44,18,-9,2025-2026,shl,C,https://www.eliteprospects.com/player/6016/anton-lander,Anton Lander
Filip Cederqvist (LW/RW),Frölunda HC,50,15,14,29,0.58,14,10,2025-2026,shl,LW/RW,https://www.eliteprospects.com/player/328238/filip-cederqvist,Filip Cederqvist
Olle Alsing (D),HV71,50,1,8,9,0.18,12,-14,2025-2026,shl,D,https://www.eliteprospects.com/player/139080/olle-alsing,Olle Alsing
Nick Shore (C),Linköping HC,50,11,17,28,0.56,12,-1,2025-2026,shl,C,https://www.eliteprospects.com/player/20724/nick-shore,Nick Shore
Luke Martin (D),Örebro HK,50,7,16,23,0.46,41,-1,2025-2026,shl,D,https://www.eliteprospects.com/player/272217/luke-martin,Luke Martin
Oscar Engsund (D),Luleå HF,50,0,3,3,0.06,16,5,2025-2026,shl,D,https://www.eliteprospects.com/player/38386/oscar-engsund,Oscar Engsund
Arvid Lundberg (D),Skellefteå AIK,50,8,13,21,0.42,16,16,2025-2026,shl,D,https://www.eliteprospects.com/player/39021/arvid-lundberg,Arvid Lundberg
Valter Lindberg (C),Skellefteå AIK,50,5,12,17,0.34,8,6,2025-2026,shl,C,https://www.eliteprospects.com/player/725771/valter-lindberg,Valter Lindberg
Erik Walli Walterholm (RW),Timrå IK,50,5,11,16,0.32,47,-15,2025-2026,shl,RW,https://www.eliteprospects.com/player/246501/erik-walli-walterholm,Erik Walli Walterholm
Nicklas Lasu (C),Frölunda HC,50,7,12,19,0.38,22,11,2025-2026,shl,C,https://www.eliteprospects.com/player/5016/nicklas-lasu,Nicklas Lasu
Martin Schreiber (D),Malmö Redhawks,50,0,3,3,0.06,43,-17,2025-2026,shl,D,https://www.eliteprospects.com/player/412008/martin-schreiber,Martin Schreiber
Egor Polin (LW),Örebro HK,50,10,11,21,0.42,8,11,2025-2026,shl,LW,https://www.eliteprospects.com/player/643959/egor-polin,Egor Polin
Arttu Ruotsalainen (C),Frölunda HC,50,15,21,36,0.72,18,11,2025-2026,shl,C,https://www.eliteprospects.com/player/152112/arttu-ruotsalainen,Arttu Ruotsalainen
Kalle Kratz (C/RW),Växjö Lakers HC,50,5,2,7,0.14,9,-7,2025-2026,shl,C/RW,manual_kalle_kratz_c,Kalle Kratz
Patrik Puistola (LW/RW),Örebro HK,50,14,22,36,0.72,19,-3,2025-2026,shl,LW/RW,https://www.eliteprospects.com/player/397004/patrik-puistola,Patrik Puistola
William Wikman (LW/RW),Örebro HK,49,5,8,13,0.27,4,-1,2025-2026,shl,LW/RW,https://www.eliteprospects.com/player/180159/william-wikman,William Wikman
Karl Henriksson (C),Växjö Lakers HC,49,12,7,19,0.39,49,9,2025-2026,shl,C,https://www.eliteprospects.com/player/376987/karl-henriksson,Karl Henriksson
Philip Holm (D),Djurgårdens IF,49,5,8,13,0.27,20,3,2025-2026,shl,D,https://www.eliteprospects.com/player/11070/philip-holm,Philip Holm
Andro Kaderli (RW),Leksands IF,49,4,9,13,0.27,76,-4,2025-2026,shl,RW,https://www.eliteprospects.com/player/781049/andro-kaderli,Andro Kaderli
Oskar Lindblom (LW),Brynäs IF,49,13,9,22,0.45,10,-8,2025-2026,shl,LW,https://www.eliteprospects.com/player/86181/oskar-lindblom,Oskar Lindblom
Erik Gustafsson (D),Luleå HF,49,8,15,23,0.47,18,7,2025-2026,shl,D,https://www.eliteprospects.com/player/15372/erik-gustafsson,Erik Gustafsson
Carl Persson (LW/RW),Malmö Redhawks,49,23,18,41,0.84,22,4,2025-2026,shl,LW/RW,https://www.eliteprospects.com/player/63012/carl-persson,Carl Persson
Reid Gardiner (RW),Växjö Lakers HC,49,15,15,30,0.61,12,-4,2025-2026,shl,RW,https://www.eliteprospects.com/player/120199/reid-gardiner,Reid Gardiner
Axel Sundberg (RW),Malmö Redhawks,49,14,20,34,0.69,10,-6,2025-2026,shl,RW,https://www.eliteprospects.com/player/246660/axel-sundberg,Axel Sundberg
Leon Bristedt (LW),Rögle BK,49,14,15,29,0.59,74,2,2025-2026,shl,LW,https://www.eliteprospects.com/player/38714/leon-bristedt,Leon Bristedt
Viktor Lodin (C/W),Färjestad BK,49,12,34,46,0.94,44,-1,2025-2026,shl,C/W,https://www.eliteprospects.com/player/287856/viktor-lodin,Viktor Lodin
Marcus Westfält (C),Timrå IK,49,4,2,6,0.12,14,-13,2025-2026,shl,C,https://www.eliteprospects.com/player/290973/marcus-westfalt,Marcus Westfalt
Isac Hedqvist (C/W),Luleå HF,49,10,10,20,0.41,22,13,2025-2026,shl,C/W,https://www.eliteprospects.com/player/534827/isac-hedqvist,Isac Hedqvist
Anton Heikkinen (LW/RW),Timrå IK,49,8,9,17,0.35,6,0,2025-2026,shl,LW/RW,https://www.eliteprospects.com/player/344126/anton-heikkinen,Anton Heikkinen
Anton Levtchi (LW/RW),Luleå HF,49,7,11,18,0.37,18,0,2025-2026,shl,LW/RW,https://www.eliteprospects.com/player/92085/anton-levtchi,Anton Levtchi
Nolan Stevens (C),Leksands IF,49,7,11,18,0.37,16,-21,2025-2026,shl,C,https://www.eliteprospects.com/player/146116/nolan-stevens,Nolan Stevens
Linus Sandin (RW),Rögle BK,49,9,9,18,0.37,17,-5,2025-2026,shl,RW,https://www.eliteprospects.com/player/139091/linus-sandin,Linus Sandin
Isac Born (LW),Multiple Teams,49,0,4,4,0.08,6,3,2025-2026,shl,LW,https://www.eliteprospects.com/player/448936/isac-born,Isac Born
David Lilja (LW/C),Timrå IK,49,2,5,7,0.14,8,-8,2025-2026,shl,LW/C,https://www.eliteprospects.com/player/287721/david-lilja,David Lilja
Zeb Forsfjäll (C),Skellefteå AIK,49,3,4,7,0.14,8,7,2025-2026,shl,C,https://www.eliteprospects.com/player/648365/zeb-forsfjall,Zeb Forsfjall
Håvard Østrem Salsten (C/W),Djurgårdens IF,49,7,6,13,0.27,33,-8,2025-2026,shl,C/W,manual_havard_strem_salsten_c,Havard Strem Salsten
Niklas Hansson (D),HV71,49,1,15,16,0.33,22,-4,2025-2026,shl,D,https://www.eliteprospects.com/player/86135/niklas-hansson,Niklas Hansson
Oskar Lang (LW/RW),Leksands IF,49,8,7,15,0.31,39,-5,2025-2026,shl,LW/RW,https://www.eliteprospects.com/player/139612/oskar-lang,Oskar Lang
Calle Själin (D),Rögle BK,48,7,28,35,0.73,32,16,2025-2026,shl,D,https://www.eliteprospects.com/player/266116/calle-sjalin,Calle Sjalin
Brogan Rafferty (D),Växjö Lakers HC,48,12,24,36,0.75,6,-5,2025-2026,shl,D,https://www.eliteprospects.com/player/248525/brogan-rafferty,Brogan Rafferty
Jere Innala (LW),Frölunda HC,48,22,18,40,0.83,16,20,2025-2026,shl,LW,https://www.eliteprospects.com/player/277079/jere-innala,Jere Innala
Christoffer Jansson (C),Färjestad BK,48,4,8,12,0.25,8,-2,2025-2026,shl,C,https://www.eliteprospects.com/player/270160/christoffer-jansson,Christoffer Jansson
Riley Woods (LW),HV71,48,16,15,31,0.65,10,8,2025-2026,shl,LW,https://www.eliteprospects.com/player/200913/riley-woods,Riley Woods
Mattias Norlinder (D),Brynäs IF,48,4,9,13,0.27,8,9,2025-2026,shl,D,https://www.eliteprospects.com/player/344235/mattias-norlinder,Mattias Norlinder
Stefan Milosevic (D),Leksands IF,48,1,4,5,0.1,35,-3,2025-2026,shl,D,https://www.eliteprospects.com/player/486911/stefan-milosevic,Stefan Milosevic
Anton Rödin (RW/LW),Brynäs IF,48,11,23,34,0.71,26,3,2025-2026,shl,RW/LW,https://www.eliteprospects.com/player/7084/anton-rodin,Anton Rodin
Dennis Everberg (RW/LW),Rögle BK,48,9,7,16,0.33,18,1,2025-2026,shl,RW/LW,https://www.eliteprospects.com/player/13549/dennis-everberg,Dennis Everberg
Noah Dower-Nilsson (C/W),Frölunda HC,48,6,10,16,0.33,10,7,2025-2026,shl,C/W,https://www.eliteprospects.com/player/644921/noah-dower-nilsson,Noah Dowernilsson
Mathias Emilio Pettersen (C/LW),Djurgårdens IF,48,4,17,21,0.44,47,-3,2025-2026,shl,C/LW,https://www.eliteprospects.com/player/274219/mathias-emilio-pettersen,Mathias Emilio Pettersen
Rasmus Rissanen (D),Linköping HC,48,1,8,9,0.19,24,-4,2025-2026,shl,D,https://www.eliteprospects.com/player/17287/rasmus-rissanen,Rasmus Rissanen
Didrik Strömberg (D),Timrå IK,48,3,12,15,0.31,38,10,2025-2026,shl,D,https://www.eliteprospects.com/player/38728/didrik-stromberg,Didrik Stromberg
Linus Högberg (D),Frölunda HC,48,8,16,24,0.5,10,15,2025-2026,shl,D,https://www.eliteprospects.com/player/244643/linus-hogberg,Linus Hogberg
Mattias Tedenby (LW),HV71,48,8,2,10,0.21,14,-3,2025-2026,shl,LW,https://www.eliteprospects.com/player/6013/mattias-tedenby,Mattias Tedenby
Jonathan Myrenberg (D),Linköping HC,48,2,4,6,0.13,10,-5,2025-2026,shl,D,https://www.eliteprospects.com/player/394729/jonathan-myrenberg,Jonathan Myrenberg
Jonathan Pudas (D),Skellefteå AIK,48,16,31,47,0.98,36,11,2025-2026,shl,D,https://www.eliteprospects.com/player/33114/jonathan-pudas,Jonathan Pudas
Janne Kuokkanen (C),Malmö Redhawks,48,13,32,45,0.94,51,-2,2025-2026,shl,C,https://www.eliteprospects.com/player/209426/janne-kuokkanen,Janne Kuokkanen
Joel Persson (D),Växjö Lakers HC,48,8,36,44,0.92,28,10,2025-2026,shl,D,https://www.eliteprospects.com/player/63003/joel-persson,Joel Persson
Tinus Luc Koblar (C),Leksands IF,47,8,6,14,0.3,24,-15,2025-2026,shl,C,manual_tinus_luc_koblar_c,Tinus Luc Koblar
Ludvig Nilsson (LW/RW),Växjö Lakers HC,47,4,4,8,0.17,16,-9,2025-2026,shl,LW/RW,https://www.eliteprospects.com/player/67174/ludvig-nilsson,Ludvig Nilsson
Lars Bryggman (LW/RW),Skellefteå AIK,47,10,11,21,0.45,22,12,2025-2026,shl,LW/RW,https://www.eliteprospects.com/player/17002/lars-bryggman,Lars Bryggman
Paul LaDue (D),Rögle BK,47,6,12,18,0.38,12,7,2025-2026,shl,D,https://www.eliteprospects.com/player/90101/paul-ladue,Paul Ladue
Magnus Nygren (D),Färjestad BK,47,6,11,17,0.36,16,1,2025-2026,shl,D,https://www.eliteprospects.com/player/10538/magnus-nygren,Magnus Nygren
Daniel Zaar (RW/LW),Rögle BK,47,10,12,22,0.47,20,5,2025-2026,shl,RW/LW,https://www.eliteprospects.com/player/39009/daniel-zaar,Daniel Zaar
Seth Barton (D),Malmö Redhawks,47,4,12,16,0.34,18,8,2025-2026,shl,D,https://www.eliteprospects.com/player/299929/seth-barton,Seth Barton
Mark Friedman (D),Rögle BK,47,3,12,15,0.32,68,7,2025-2026,shl,D,https://www.eliteprospects.com/player/107113/mark-friedman,Mark Friedman
Greg Scott (C/RW),Brynäs IF,47,4,3,7,0.15,8,-5,2025-2026,shl,C/RW,https://www.eliteprospects.com/player/15395/greg-scott,Greg Scott
Radim Zohorna (C/W),Färjestad BK,47,9,18,27,0.57,22,5,2025-2026,shl,C/W,https://www.eliteprospects.com/player/190526/radim-zohorna,Radim Zohorna
Pär Lindholm (C),Skellefteå AIK,47,6,18,24,0.51,18,22,2025-2026,shl,C,https://www.eliteprospects.com/player/13091/par-lindholm,Par Lindholm
Dominik Egli (D),Frölunda HC,46,3,17,20,0.43,24,11,2025-2026,shl,D,https://www.eliteprospects.com/player/262443/dominik-egli,Dominik Egli
Albert Wikman (D),Färjestad BK,46,3,2,5,0.11,6,-11,2025-2026,shl,D,https://www.eliteprospects.com/player/649581/albert-wikman,Albert Wikman
Pontus Själin (D),Luleå HF,46,0,5,5,0.11,12,6,2025-2026,shl,D,https://www.eliteprospects.com/player/86227/pontus-sjalin,Pontus Sjalin
Jakub Vrána (LW/RW),Linköping HC,46,12,16,28,0.61,66,8,2025-2026,shl,LW/RW,https://www.eliteprospects.com/player/101250/jakub-vrana,Jakub Vrana
Gabriel Carlsson (D),Färjestad BK,46,2,7,9,0.2,28,-1,2025-2026,shl,D,https://www.eliteprospects.com/player/187919/gabriel-carlsson,Gabriel Carlsson
Linus Nässén (D),Timrå IK,46,4,7,11,0.24,8,-10,2025-2026,shl,D,https://www.eliteprospects.com/player/240064/linus-nassen,Linus Nassen
Calvin de Haan (D),Rögle BK,46,3,13,16,0.35,47,18,2025-2026,shl,D,https://www.eliteprospects.com/player/23814/calvin-de-haan,Calvin De Haan
Lubos Horky (RW/LW),Rögle BK,46,12,10,22,0.48,2,18,2025-2026,shl,RW/LW,https://www.eliteprospects.com/player/195151/lubos-horky,Lubos Horky
Oliver Okuliar (LW/RW),Skellefteå AIK,46,15,14,29,0.63,38,17,2025-2026,shl,LW/RW,https://www.eliteprospects.com/player/331879/oliver-okuliar,Oliver Okuliar
David Bernhardt (D),Linköping HC,46,5,14,19,0.41,10,-23,2025-2026,shl,D,https://www.eliteprospects.com/player/187875/david-bernhardt,David Bernhardt
Gustav Lindström (D),Djurgårdens IF,46,5,9,14,0.3,26,-2,2025-2026,shl,D,https://www.eliteprospects.com/player/212379/gustav-lindstrom,Gustav Lindstrom
Brian Cooper (D),Växjö Lakers HC,45,2,8,10,0.22,77,15,2025-2026,shl,D,https://www.eliteprospects.com/player/45698/brian-cooper,Brian Cooper
Peter Cehlárik (LW),Leksands IF,45,5,19,24,0.53,16,-10,2025-2026,shl,LW,https://www.eliteprospects.com/player/153203/peter-cehlarik,Peter Cehlarik
Jack Kopacka (C/W),Brynäs IF,45,7,7,14,0.31,2,-3,2025-2026,shl,C/W,https://www.eliteprospects.com/player/233512/jack-kopacka,Jack Kopacka
Joel Kellman (C),Färjestad BK,45,10,6,16,0.36,12,-8,2025-2026,shl,C,https://www.eliteprospects.com/player/33719/joel-kellman,Joel Kellman
Emil Alba (LW/RW),Färjestad BK,45,2,7,9,0.2,35,-8,2025-2026,shl,LW/RW,https://www.eliteprospects.com/player/155084/emil-alba,Emil Alba
Fred Nilsson (D),Leksands IF,45,1,6,7,0.16,6,-12,2025-2026,shl,D,https://www.eliteprospects.com/player/468144/fred-nilsson,Fred Nilsson
Wiktor Nilsson (RW),Leksands IF,45,1,5,6,0.13,10,-14,2025-2026,shl,RW,https://www.eliteprospects.com/player/394720/wiktor-nilsson,Wiktor Nilsson
William von Barnekow (C/W),Malmö Redhawks,45,3,5,8,0.18,12,-9,2025-2026,shl,C/W,https://www.eliteprospects.com/player/420445/william-von-barnekow,William Von Barnekow
Nicklas Bäckström (C),Brynäs IF,45,3,27,30,0.67,12,6,2025-2026,shl,C,https://www.eliteprospects.com/player/3682/nicklas-backstrom,Nicklas Backstrom
Isac Nilsson (RW),Malmö Redhawks,44,3,5,8,0.18,0,-1,2025-2026,shl,RW,https://www.eliteprospects.com/player/919261/isac-nilsson,Isac Nilsson
Marcus Karlberg (RW),Leksands IF,44,4,2,6,0.14,12,-8,2025-2026,shl,RW,https://www.eliteprospects.com/player/319507/marcus-karlberg,Marcus Karlberg
Fredrik Karlström (C/W),Linköping HC,44,12,10,22,0.5,6,0,2025-2026,shl,C/W,https://www.eliteprospects.com/player/220059/fredrik-karlstrom,Fredrik Karlstrom
Linus Lindström (C),HV71,44,2,2,4,0.09,8,-7,2025-2026,shl,C,https://www.eliteprospects.com/player/242668/linus-lindstrom,Linus Lindstrom
Mikko Kokkonen (D),Linköping HC,44,0,7,7,0.16,6,4,2025-2026,shl,D,https://www.eliteprospects.com/player/347571/mikko-kokkonen,Mikko Kokkonen
Gabriel Fortier (LW/C),Leksands IF,44,6,10,16,0.36,34,-3,2025-2026,shl,LW/C,https://www.eliteprospects.com/player/335707/gabriel-fortier,Gabriel Fortier
Mathias Bromé (LW/RW),Luleå HF,44,11,11,22,0.5,8,1,2025-2026,shl,LW/RW,https://www.eliteprospects.com/player/89968/mathias-brome,Mathias Brome
Ivar Stenberg (LW/RW),Frölunda HC,43,11,22,33,0.77,6,10,2025-2026,shl,LW/RW,https://www.eliteprospects.com/player/689912/ivar-stenberg,Ivar Stenberg
Kalle Kossila (C),Örebro HK,43,11,23,34,0.79,18,6,2025-2026,shl,C,https://www.eliteprospects.com/player/43563/kalle-kossila,Kalle Kossila
Christian Folin (D),Frölunda HC,43,1,4,5,0.12,14,12,2025-2026,shl,D,https://www.eliteprospects.com/player/9799/christian-folin,Christian Folin
Eddie Genborg (LW/RW),Timrå IK,43,9,16,25,0.58,24,8,2025-2026,shl,LW/RW,https://www.eliteprospects.com/player/794303/eddie-genborg,Eddie Genborg
Lucas Lagerberg Hoen (D),HV71,43,4,4,8,0.19,14,-4,2025-2026,shl,D,https://www.eliteprospects.com/player/487621/lucas-lagerberg-hoen,Lucas Lagerberg Hoen
Ludvig Levinsson (C/W),Timrå IK,43,2,7,9,0.21,10,-2,2025-2026,shl,C/W,manual_ludvig_levinsson_c,Ludvig Levinsson
Anton Frondell (C/LW),Djurgårdens IF,43,20,8,28,0.65,16,15,2025-2026,shl,C/LW,manual_anton_frondell_c,Anton Frondell
Sebastian Hartmann (RW),Timrå IK,43,8,12,20,0.47,22,-3,2025-2026,shl,RW,https://www.eliteprospects.com/player/36626/sebastian-hartmann,Sebastian Hartmann
Emil Djuse (D),Skellefteå AIK,43,0,12,12,0.28,35,10,2025-2026,shl,D,https://www.eliteprospects.com/player/20013/emil-djuse,Emil Djuse
Manuel Ågren (LW/RW),Växjö Lakers HC,43,4,9,13,0.3,20,4,2025-2026,shl,LW/RW,https://www.eliteprospects.com/player/37026/manuel-agren,Manuel Agren
Linus Eriksson (C),Timrå IK,43,2,5,7,0.16,12,-12,2025-2026,shl,C,https://www.eliteprospects.com/player/773314/linus-eriksson,Linus Eriksson
Jacob Peterson (C),Frölunda HC,43,9,10,19,0.44,14,4,2025-2026,shl,C,https://www.eliteprospects.com/player/313350/jacob-peterson,Jacob Peterson
Per Svensson (D),Timrå IK,43,2,5,7,0.16,8,-5,2025-2026,shl,D,https://www.eliteprospects.com/player/5704/per-svensson,Per Svensson
Victor Eklund (RW),Djurgårdens IF,43,6,18,24,0.56,22,8,2025-2026,shl,RW,manual_victor_eklund_rw,Victor Eklund
Hugo Pettersson (LW),HV71,43,12,8,20,0.47,2,-7,2025-2026,shl,LW,https://www.eliteprospects.com/player/647762/hugo-pettersson,Hugo Pettersson
Victor Stjernborg (C/W),Skellefteå AIK,42,5,7,12,0.29,8,0,2025-2026,shl,C/W,https://www.eliteprospects.com/player/472146/victor-stjernborg,Victor Stjernborg
Joonas Lyytinen (D),Leksands IF,42,4,6,10,0.24,26,-3,2025-2026,shl,D,https://www.eliteprospects.com/player/66296/joonas-lyytinen,Joonas Lyytinen
Isac Solberg (W/C),Rögle BK,42,5,2,7,0.17,6,-3,2025-2026,shl,W/C,https://www.eliteprospects.com/player/709121/isac-solberg,Isac Solberg
Viggo Björck (C/RW),Djurgårdens IF,42,6,9,15,0.36,12,5,2025-2026,shl,C/RW,manual_viggo_bjorck_c,Viggo Bjorck
Filip Hasa (D),Frölunda HC,42,2,1,3,0.07,16,5,2025-2026,shl,D,https://www.eliteprospects.com/player/279170/filip-hasa,Filip Hasa
Alfons Freij (D),Timrå IK,42,6,5,11,0.26,14,-6,2025-2026,shl,D,manual_alfons_freij_d,Alfons Freij
Anton Johansson (D),Leksands IF,42,5,12,17,0.4,49,0,2025-2026,shl,D,https://www.eliteprospects.com/player/701870/anton-johansson,Anton Johansson
Marcus Hardegård (D),Timrå IK,41,2,17,19,0.46,16,-9,2025-2026,shl,D,https://www.eliteprospects.com/player/201585/marcus-hardegard,Marcus Hardegard
Axel Andersson (D),Brynäs IF,41,7,10,17,0.41,6,13,2025-2026,shl,D,https://www.eliteprospects.com/player/313354/axel-andersson,Axel Andersson
Lucas Pettersson (C/LW),Brynäs IF,41,10,10,20,0.49,0,7,2025-2026,shl,C/LW,https://www.eliteprospects.com/player/714960/lucas-pettersson,Lucas Pettersson
Jesse Ylönen (RW),Multiple Teams,41,7,7,14,0.34,35,-11,2025-2026,shl,RW,https://www.eliteprospects.com/player/299117/jesse-ylonen,Jesse Ylonen
Oliver Johansson (LW/C),Linköping HC,41,2,2,4,0.1,12,-15,2025-2026,shl,LW/C,https://www.eliteprospects.com/player/448922/oliver-johansson,Oliver Johansson
Oskar Stål Lyrenäs (RW),HV71,41,7,3,10,0.24,4,-10,2025-2026,shl,RW,https://www.eliteprospects.com/player/203936/oskar-stal-lyrenas,Oskar Stal Lyrenas
Kalle Östman (C/LW),Leksands IF,41,6,5,11,0.27,14,-16,2025-2026,shl,C/LW,https://www.eliteprospects.com/player/21380/kalle-ostman,Kalle Ostman
Arvid Eljas (C/LW),Leksands IF,41,3,6,9,0.22,16,-8,2025-2026,shl,C/LW,https://www.eliteprospects.com/player/394737/arvid-eljas,Arvid Eljas
Thomas Berg-Paulsen (LW/C),Malmö Redhawks,40,4,8,12,0.3,14,-4,2025-2026,shl,LW/C,https://www.eliteprospects.com/player/321373/thomas-berg-paulsen,Thomas Bergpaulsen
Jonathan Davidsson (RW),Skellefteå AIK,40,4,6,10,0.25,10,-5,2025-2026,shl,RW,https://www.eliteprospects.com/player/187862/jonathan-davidsson,Jonathan Davidsson
Charles Hudon (LW/RW),Djurgårdens IF,40,15,16,31,0.78,18,-5,2025-2026,shl,LW/RW,https://www.eliteprospects.com/player/76324/charles-hudon,Charles Hudon
Anton Bengtsson (C),Rögle BK,40,5,9,14,0.35,18,0,2025-2026,shl,C,https://www.eliteprospects.com/player/16796/anton-bengtsson,Anton Bengtsson
Rasmus Bergqvist (D),Skellefteå AIK,40,0,4,4,0.1,18,5,2025-2026,shl,D,https://www.eliteprospects.com/player/650935/rasmus-bergqvist,Rasmus Bergqvist
Jack Berglund (C/W),Färjestad BK,40,7,5,12,0.3,26,0,2025-2026,shl,C/W,https://www.eliteprospects.com/player/714281/jack-berglund,Jack Berglund
Simon Zether (C/RW),Rögle BK,40,1,8,9,0.23,12,2,2025-2026,shl,C/RW,https://www.eliteprospects.com/player/534824/simon-zether,Simon Zether
Johan Ivarsson (D),Malmö Redhawks,40,0,1,1,0.03,25,-16,2025-2026,shl,D,https://www.eliteprospects.com/player/67214/johan-ivarsson,Johan Ivarsson
Oskar Steen (C/RW),Färjestad BK,40,6,10,16,0.4,14,-4,2025-2026,shl,C/RW,https://www.eliteprospects.com/player/212666/oskar-steen,Oskar Steen
Ville Svensson (C/W),Växjö Lakers HC,40,2,4,6,0.15,6,-1,2025-2026,shl,C/W,https://www.eliteprospects.com/player/645977/ville-svensson,Ville Svensson
Filip Johansson (D),Rögle BK,40,5,8,13,0.33,10,5,2025-2026,shl,D,https://www.eliteprospects.com/player/316794/filip-johansson,Filip Johansson
Max Véronneau (RW),Leksands IF,40,7,13,20,0.5,2,-6,2025-2026,shl,RW,https://www.eliteprospects.com/player/206777/max-veronneau,Max Veronneau
Marcus Krüger (C),Djurgårdens IF,40,5,10,15,0.38,8,-1,2025-2026,shl,C,https://www.eliteprospects.com/player/8311/marcus-kruger,Marcus Kruger
Robin Hanzl (C),Malmö Redhawks,39,7,19,26,0.67,18,-4,2025-2026,shl,C,https://www.eliteprospects.com/player/24429/robin-hanzl,Robin Hanzl
Michal Kempný (D),Brynäs IF,39,7,8,15,0.38,18,6,2025-2026,shl,D,https://www.eliteprospects.com/player/18088/michal-kempny,Michal Kempny
David Granberg (C),Luleå HF,39,1,4,5,0.13,4,-1,2025-2026,shl,C,https://www.eliteprospects.com/player/741431/david-granberg,David Granberg
Elias Rosén (D),Växjö Lakers HC,39,0,5,5,0.13,4,4,2025-2026,shl,D,https://www.eliteprospects.com/player/287862/elias-rosen,Elias Rosen
Lukas Pilö (D),Timrå IK,39,0,4,4,0.1,6,-3,2025-2026,shl,D,https://www.eliteprospects.com/player/279101/lukas-pilo,Lukas Pilo
Morgan Anderberg (LW/C),Växjö Lakers HC,39,2,1,3,0.08,0,7,2025-2026,shl,LW/C,https://www.eliteprospects.com/player/855448/morgan-anderberg,Morgan Anderberg
Max Krogdahl (D),Skellefteå AIK,39,2,9,11,0.28,67,12,2025-2026,shl,D,manual_max_krogdahl_d,Max Krogdahl
Jon Knuts (C),Leksands IF,39,4,1,5,0.13,4,-12,2025-2026,shl,C,https://www.eliteprospects.com/player/22034/jon-knuts,Jon Knuts
Erik Norén (D),Linköping HC,38,0,0,0,0.0,18,-1,2025-2026,shl,D,https://www.eliteprospects.com/player/349490/erik-noren,Erik Noren
Tom Nilsson (D),Frölunda HC,38,2,8,10,0.26,14,12,2025-2026,shl,D,https://www.eliteprospects.com/player/33189/tom-nilsson,Tom Nilsson
Zach Giuttari (D),Växjö Lakers HC,38,0,4,4,0.11,4,-8,2025-2026,shl,D,https://www.eliteprospects.com/player/298885/zach-giuttari,Zach Giuttari
Gregor Biber (D),Rögle BK,38,1,1,2,0.05,12,-2,2025-2026,shl,D,https://www.eliteprospects.com/player/795409/gregor-biber,Gregor Biber
Filip Berglund (D),Örebro HK,37,2,7,9,0.24,22,-8,2025-2026,shl,D,https://www.eliteprospects.com/player/113834/filip-berglund,Filip Berglund
Albin Grewe (LW/RW),Djurgårdens IF,37,2,4,6,0.16,29,-7,2025-2026,shl,LW/RW,https://www.eliteprospects.com/player/342488/albin-grewe,Albin Grewe
Melvin Fernström (RW),Örebro HK,36,3,1,4,0.11,6,-10,2025-2026,shl,RW,https://www.eliteprospects.com/player/619006/melvin-fernstrom,Melvin Fernstrom
Eemeli Suomi (C/LW),Växjö Lakers HC,36,6,8,14,0.39,18,-2,2025-2026,shl,C/LW,https://www.eliteprospects.com/player/92125/eemeli-suomi,Eemeli Suomi
Erik Andersson (W/C),Växjö Lakers HC,36,1,4,5,0.14,4,-6,2025-2026,shl,W/C,https://www.eliteprospects.com/player/34229/erik-andersson,Erik Andersson
Sebastian Strandberg (C),Växjö Lakers HC,36,6,7,13,0.36,8,7,2025-2026,shl,C,https://www.eliteprospects.com/player/11085/sebastian-strandberg,Sebastian Strandberg
Josh Dickinson (C),Rögle BK,36,9,5,14,0.39,20,-3,2025-2026,shl,C,https://www.eliteprospects.com/player/238743/josh-dickinson,Josh Dickinson
Hugo Blixt (D),Djurgårdens IF,36,1,1,2,0.06,32,-3,2025-2026,shl,D,manual_hugo_blixt_d,Hugo Blixt
Linus Johansson (C),Färjestad BK,35,4,11,15,0.43,22,6,2025-2026,shl,C,https://www.eliteprospects.com/player/16658/linus-johansson,Linus Johansson
Andreas Borgman (D),HV71,35,3,7,10,0.29,32,-11,2025-2026,shl,D,https://www.eliteprospects.com/player/85683/andreas-borgman,Andreas Borgman
Santeri Hatakka (D),HV71,34,1,8,9,0.26,26,3,2025-2026,shl,D,https://www.eliteprospects.com/player/397011/santeri-hatakka,Santeri Hatakka
Brendan Shinnimin (LW),Luleå HF,34,5,6,11,0.32,28,12,2025-2026,shl,LW,https://www.eliteprospects.com/player/37254/brendan-shinnimin,Brendan Shinnimin
Ronald Knot (D),Färjestad BK,33,2,2,4,0.12,6,-2,2025-2026,shl,D,https://www.eliteprospects.com/player/100443/ronald-knot,Ronald Knot
Linus Sjödin (C/W),Rögle BK,33,3,4,7,0.21,6,3,2025-2026,shl,C/W,https://www.eliteprospects.com/player/471614/linus-sjodin,Linus Sjodin
Linus Weissbach (LW),Frölunda HC,33,5,12,17,0.52,2,-2,2025-2026,shl,LW,https://www.eliteprospects.com/player/230472/linus-weissbach,Linus Weissbach
Victor Laz (C/W),Multiple Teams,33,1,3,4,0.12,0,-4,2025-2026,shl,C/W,https://www.eliteprospects.com/player/86064/victor-laz,Victor Laz
Leo Sahlin Wallenius (D),Växjö Lakers HC,32,3,10,13,0.41,14,3,2025-2026,shl,D,https://www.eliteprospects.com/player/618999/leo-sahlin-wallenius,Leo Sahlin Wallenius
Ben Tardif (LW),Luleå HF,32,10,4,14,0.44,4,0,2025-2026,shl,LW,https://www.eliteprospects.com/player/335694/ben-tardif,Ben Tardif
Otto Leskinen (D),Luleå HF,32,3,6,9,0.28,12,11,2025-2026,shl,D,https://www.eliteprospects.com/player/150242/otto-leskinen,Otto Leskinen
Anton Wedin (LW/RW),Timrå IK,32,5,7,12,0.38,2,-6,2025-2026,shl,LW/RW,https://www.eliteprospects.com/player/27461/anton-wedin,Anton Wedin
Sean Malone (C),Örebro HK,31,1,8,9,0.29,8,-7,2025-2026,shl,C,https://www.eliteprospects.com/player/118664/sean-malone,Sean Malone
Michael Lindqvist (RW),Leksands IF,31,6,19,25,0.81,20,6,2025-2026,shl,RW,https://www.eliteprospects.com/player/37048/michael-lindqvist,Michael Lindqvist
Casper Juustovaara Karlsson (C/LW),Luleå HF,31,4,2,6,0.19,6,3,2025-2026,shl,C/LW,manual_casper_juustovaara_karlsson_c,Casper Juustovaara Karlsson
Felix Carell (D),Malmö Redhawks,31,0,0,0,0.0,4,-5,2025-2026,shl,D,manual_felix_carell_d,Felix Carell
Jacob Josefson (C),Djurgårdens IF,31,5,12,17,0.55,12,-3,2025-2026,shl,C,https://www.eliteprospects.com/player/7655/jacob-josefson,Jacob Josefson
William Nilsson Ignberg (RW),HV71,31,3,2,5,0.16,16,-2,2025-2026,shl,RW,https://www.eliteprospects.com/player/381306/william-nilsson-ignberg,William Nilsson Ignberg
Frans Haara (D),Skellefteå AIK,30,3,4,7,0.23,4,-7,2025-2026,shl,D,https://www.eliteprospects.com/player/596398/frans-haara,Frans Haara
Joona Luoto (LW/RW),HV71,30,4,5,9,0.3,12,-1,2025-2026,shl,LW/RW,https://www.eliteprospects.com/player/157201/joona-luoto,Joona Luoto
Ty Rattie (RW),Linköping HC,30,5,1,6,0.2,11,-18,2025-2026,shl,RW,https://www.eliteprospects.com/player/26385/ty-rattie,Ty Rattie
Valtteri Pulli (D),Djurgårdens IF,30,1,3,4,0.13,6,-7,2025-2026,shl,D,https://www.eliteprospects.com/player/397096/valtteri-pulli,Valtteri Pulli
Loke Krantz (RW),Linköping HC,30,1,1,2,0.07,16,-9,2025-2026,shl,RW,manual_loke_krantz_rw,Loke Krantz
Arvid Costmar (C),Djurgårdens IF,29,0,1,1,0.03,12,-11,2025-2026,shl,C,https://www.eliteprospects.com/player/348012/arvid-costmar,Arvid Costmar
Niklas Nilsson (D),Örebro HK,29,0,1,1,0.03,4,-3,2025-2026,shl,D,https://www.eliteprospects.com/player/568901/niklas-nilsson,Niklas Nilsson
Kalle Hemström (C),Malmö Redhawks,29,1,0,1,0.03,4,-3,2025-2026,shl,C,manual_kalle_hemstrom_c,Kalle Hemstrom
Teemu Turunen (LW/RW),Örebro HK,29,7,7,14,0.48,6,-6,2025-2026,shl,LW/RW,https://www.eliteprospects.com/player/66909/teemu-turunen,Teemu Turunen
Linus Omark (LW),Luleå HF,29,5,11,16,0.55,12,3,2025-2026,shl,LW,https://www.eliteprospects.com/player/4008/linus-omark,Linus Omark
Victor Hedin Raftheim (D),Brynäs IF,28,0,0,0,0.0,4,-1,2025-2026,shl,D,manual_victor_hedin_raftheim_d,Victor Hedin Raftheim
Juuso Vainio (D),Örebro HK,28,0,2,2,0.07,4,-7,2025-2026,shl,D,https://www.eliteprospects.com/player/60915/juuso-vainio,Juuso Vainio
Aleksi Heponiemi (C/W),HV71,28,6,12,18,0.64,4,-7,2025-2026,shl,C/W,https://www.eliteprospects.com/player/284816/aleksi-heponiemi,Aleksi Heponiemi
Oskari Laaksonen (D),Luleå HF,28,5,11,16,0.57,18,7,2025-2026,shl,D,https://www.eliteprospects.com/player/372926/oskari-laaksonen,Oskari Laaksonen
Luke Witkowski (D/RW),Brynäs IF,27,0,2,2,0.07,8,1,2025-2026,shl,D/RW,https://www.eliteprospects.com/player/19227/luke-witkowski,Luke Witkowski
Gustav Hillström (C),Brynäs IF,27,0,1,1,0.04,0,-5,2025-2026,shl,C,https://www.eliteprospects.com/player/801290/gustav-hillstrom,Gustav Hillstrom
Malte Gustafsson (D),HV71,27,0,3,3,0.11,4,-8,2025-2026,shl,D,manual_malte_gustafsson_d,Malte Gustafsson
Filip Björkman (RW/LW),Malmö Redhawks,27,2,2,4,0.15,12,-3,2025-2026,shl,RW/LW,manual_filip_bjorkman_rw,Filip Bjorkman
Mattias Göransson (D),Rögle BK,27,0,6,6,0.22,8,9,2025-2026,shl,D,https://www.eliteprospects.com/player/38710/mattias-goransson,Mattias Goransson
Simon Bertilsson (D),Brynäs IF,26,0,3,3,0.12,6,-4,2025-2026,shl,D,https://www.eliteprospects.com/player/11173/simon-bertilsson,Simon Bertilsson
Svante Sjödin (C),Örebro HK,26,0,2,2,0.08,0,-3,2025-2026,shl,C,https://www.eliteprospects.com/player/637581/svante-sjodin,Svante Sjodin
Maximilian Eisenmenger (C/W),Malmö Redhawks,26,0,0,0,0.0,8,-8,2025-2026,shl,C/W,https://www.eliteprospects.com/player/240731/maximilian-eisenmenger,Maximilian Eisenmenger
Jeremy Boyce (C/LW),Timrå IK,25,1,1,2,0.08,2,-5,2025-2026,shl,C/LW,https://www.eliteprospects.com/player/22021/jeremy-boyce,Jeremy Boyce
Oliver Kylington (D),Djurgårdens IF,25,2,6,8,0.32,10,-2,2025-2026,shl,D,https://www.eliteprospects.com/player/142238/oliver-kylington,Oliver Kylington
Martin Johnsen (C),HV71,25,2,4,6,0.24,8,-6,2025-2026,shl,C,https://www.eliteprospects.com/player/585832/martin-johnsen,Martin Johnsen
Johan Johnsson (C/LW),Linköping HC,24,0,2,2,0.08,8,-5,2025-2026,shl,C/LW,https://www.eliteprospects.com/player/16813/johan-johnsson,Johan Johnsson
Rocky Langvardt (D),Leksands IF,24,0,1,1,0.04,8,-2,2025-2026,shl,D,manual_rocky_langvardt_d,Rocky Langvardt
Daniel Brodin (RW),Djurgårdens IF,24,1,0,1,0.04,0,-8,2025-2026,shl,RW,https://www.eliteprospects.com/player/10051/daniel-brodin,Daniel Brodin
August Berg (D),Djurgårdens IF,23,2,0,2,0.09,6,-5,2025-2026,shl,D,https://www.eliteprospects.com/player/239233/august-berg,August Berg
Felix Öhrqvist (D),Linköping HC,23,0,1,1,0.04,6,-12,2025-2026,shl,D,https://www.eliteprospects.com/player/619008/felix-ohrqvist,Felix Ohrqvist
Anton Lundmark (RW),Timrå IK,23,2,3,5,0.22,2,-5,2025-2026,shl,RW,https://www.eliteprospects.com/player/350424/anton-lundmark,Anton Lundmark
William Håkansson (D),Luleå HF,22,0,2,2,0.09,8,1,2025-2026,shl,D,https://www.eliteprospects.com/player/689901/william-hakansson,William Hakansson
Jamiro Reber (C/LW),HV71,22,3,0,3,0.14,4,-10,2025-2026,shl,C/LW,https://www.eliteprospects.com/player/732963/jamiro-reber,Jamiro Reber
Kasper Kotkansalo (D),Luleå HF,21,0,0,0,0.0,6,-9,2025-2026,shl,D,https://www.eliteprospects.com/player/221328/kasper-kotkansalo,Kasper Kotkansalo
Erik Thorell (LW),Frölunda HC,20,4,12,16,0.8,0,6,2025-2026,shl,LW,https://www.eliteprospects.com/player/13038/erik-thorell,Erik Thorell
Hampus Eriksson (C/W),HV71,20,2,2,4,0.2,10,-2,2025-2026,shl,C/W,https://www.eliteprospects.com/player/118779/hampus-eriksson,Hampus Eriksson
Elia Pedrotti (D),Malmö Redhawks,20,0,2,2,0.1,4,0,2025-2026,shl,D,manual_elia_pedrotti_d,Elia Pedrotti
Zaki Crookes (RW),Leksands IF,20,1,3,4,0.2,4,1,2025-2026,shl,RW,https://www.eliteprospects.com/player/724987/zaki-crookes,Zaki Crookes
Melvin Nilsson (D),Linköping HC,20,0,1,1,0.05,0,-2,2025-2026,shl,D,manual_melvin_nilsson_d,Melvin Nilsson
Wille Magnertoft (C),HV71,20,0,1,1,0.05,2,3,2025-2026,shl,C,https://www.eliteprospects.com/player/748961/wille-magnertoft,Wille Magnertoft
Dennis Altörn (LW),Leksands IF,19,0,0,0,0.0,0,-1,2025-2026,shl,LW,https://www.eliteprospects.com/player/534826/dennis-altorn,Dennis Altorn
Einar Emanuelsson (RW),Luleå HF,19,0,2,2,0.11,0,-1,2025-2026,shl,RW,https://www.eliteprospects.com/player/147279/einar-emanuelsson,Einar Emanuelsson
David Tomasek (C/RW),Färjestad BK,19,8,11,19,1.0,10,1,2025-2026,shl,C/RW,https://www.eliteprospects.com/player/205549/david-tomasek,David Tomasek
Wille Johansson (C),Färjestad BK,18,0,0,0,0.0,2,-3,2025-2026,shl,C,https://www.eliteprospects.com/player/668049/wille-johansson,Wille Johansson
Max Westergård (LW),Frölunda HC,18,0,0,0,0.0,2,-4,2025-2026,shl,LW,https://www.eliteprospects.com/player/864764/max-westergard,Max Westergard
Theodor Lennström (D),Linköping HC,18,0,7,7,0.39,62,-11,2025-2026,shl,D,https://www.eliteprospects.com/player/19767/theodor-lennstrom,Theodor Lennstrom
Hugo Gustafsson (C/W),Växjö Lakers HC,18,5,4,9,0.5,2,3,2025-2026,shl,C/W,https://www.eliteprospects.com/player/342238/hugo-gustafsson,Hugo Gustafsson
Oula Palve (C),Djurgårdens IF,18,3,7,10,0.56,12,-12,2025-2026,shl,C,https://www.eliteprospects.com/player/43555/oula-palve,Oula Palve
Christian Djoos (D),Brynäs IF,18,0,3,3,0.17,2,-10,2025-2026,shl,D,https://www.eliteprospects.com/player/33201/christian-djoos,Christian Djoos
Karl Annborn (D),HV71,17,0,0,0,0.0,4,2,2025-2026,shl,D,https://www.eliteprospects.com/player/871865/karl-annborn,Karl Annborn
Kalle Miketinac (C/LW),Örebro HK,17,0,2,2,0.12,0,-2,2025-2026,shl,C/LW,https://www.eliteprospects.com/player/265830/kalle-miketinac,Kalle Miketinac
Liam Danielsson (RW/LW),Örebro HK,17,0,2,2,0.12,2,-1,2025-2026,shl,RW/LW,https://www.eliteprospects.com/player/781295/liam-danielsson,Liam Danielsson
Jakob Ihs-Wozniak (RW),Luleå HF,17,2,0,2,0.12,2,-4,2025-2026,shl,RW,https://www.eliteprospects.com/player/866571/jakob-ihs-wozniak,Jakob Ihswozniak
Sampo Ranta (LW/RW),Örebro HK,16,3,3,6,0.38,10,-7,2025-2026,shl,LW/RW,https://www.eliteprospects.com/player/375954/sampo-ranta,Sampo Ranta
Oskar Wahlberg (D),Frölunda HC,16,0,0,0,0.0,2,-1,2025-2026,shl,D,https://www.eliteprospects.com/player/643683/oskar-wahlberg,Oskar Wahlberg
Måns Toresson (C),Frölunda HC,16,0,0,0,0.0,0,0,2025-2026,shl,C,https://www.eliteprospects.com/player/711548/mans-toresson,Mans Toresson
Niklas Aaram-Olsen (RW/LW),Örebro HK,16,0,0,0,0.0,0,-2,2025-2026,shl,RW/LW,manual_niklas_aaramolsen_rw,Niklas Aaramolsen
Isak Norlin (D),Rögle BK,16,0,0,0,0.0,0,0,2025-2026,shl,D,manual_isak_norlin_d,Isak Norlin
Theo Stockselius (C/LW),Djurgårdens IF,16,0,1,1,0.06,6,-2,2025-2026,shl,C/LW,manual_theo_stockselius_c,Theo Stockselius
Joseph Berger (D),Malmö Redhawks,15,0,0,0,0.0,4,0,2025-2026,shl,D,https://www.eliteprospects.com/player/288460/joseph-berger,Joseph Berger
Mikkel Eriksen (C),Färjestad BK,15,0,0,0,0.0,0,-2,2025-2026,shl,C,manual_mikkel_eriksen_c,Mikkel Eriksen
Marwin Jarbsjö (RW),Rögle BK,15,1,0,1,0.07,2,0,2025-2026,shl,RW,https://www.eliteprospects.com/player/725051/marwin-jarbsjo,Marwin Jarbsjo
Oscar Davidsson (LW/C),HV71,15,0,1,1,0.07,0,-2,2025-2026,shl,LW/C,https://www.eliteprospects.com/player/715940/oscar-davidsson,Oscar Davidsson
August Lissel (C),Leksands IF,14,0,0,0,0.0,2,-2,2025-2026,shl,C,https://www.eliteprospects.com/player/795542/august-lissel,August Lissel
Aron Dahlqvist (D),Brynäs IF,14,0,0,0,0.0,4,1,2025-2026,shl,D,https://www.eliteprospects.com/player/805267/aron-dahlqvist,Aron Dahlqvist
Noel Fransén (D),Färjestad BK,13,1,1,2,0.15,6,0,2025-2026,shl,D,https://www.eliteprospects.com/player/668048/noel-fransen,Noel Fransen
Viktor Klingsell (LW),Skellefteå AIK,12,1,0,1,0.08,0,-2,2025-2026,shl,LW,https://www.eliteprospects.com/player/802841/viktor-klingsell,Viktor Klingsell
David Thomasson (C),Luleå HF,12,0,0,0,0.0,0,0,2025-2026,shl,C,manual_david_thomasson_c,David Thomasson
Michal Svrcek (LW/RW),Brynäs IF,12,0,0,0,0.0,0,-2,2025-2026,shl,LW/RW,https://www.eliteprospects.com/player/690467/michal-svrcek,Michal Svrcek
Oscar Holmertz (C),Linköping HC,11,0,0,0,0.0,0,-1,2025-2026,shl,C,manual_oscar_holmertz_c,Oscar Holmertz
Leo Sundqvist (RW),Brynäs IF,11,0,0,0,0.0,0,-2,2025-2026,shl,RW,https://www.eliteprospects.com/player/880546/leo-sundqvist,Leo Sundqvist
Samuel Johannesson (D),Frölunda HC,11,2,2,4,0.36,4,0,2025-2026,shl,D,https://www.eliteprospects.com/player/342865/samuel-johannesson,Samuel Johannesson
Edvin Hammarlund (D),Multiple Teams,11,0,0,0,0.0,0,-2,2025-2026,shl,D,manual_edvin_hammarlund_d,Edvin Hammarlund
Ludvig Larsson (C),Linköping HC,10,0,0,0,0.0,0,-3,2025-2026,shl,C,https://www.eliteprospects.com/player/45020/ludvig-larsson,Ludvig Larsson
Oscar Fantenberg (D),Linköping HC,10,2,10,12,1.2,20,4,2025-2026,shl,D,https://www.eliteprospects.com/player/13743/oscar-fantenberg,Oscar Fantenberg
Victor Johansson (D),Leksands IF,10,0,3,3,0.3,2,-3,2025-2026,shl,D,https://www.eliteprospects.com/player/855201/victor-johansson,Victor Johansson
Martin Lundberg (W/C),Skellefteå AIK,9,0,0,0,0.0,4,3,2025-2026,shl,W/C,https://www.eliteprospects.com/player/7074/martin-lundberg,Martin Lundberg
Isac Brännström (LW/RW),HV71,9,1,1,2,0.22,25,-4,2025-2026,shl,LW/RW,https://www.eliteprospects.com/player/237839/isac-brannstrom,Isac Brannstrom
Nick Leivermann (D),Färjestad BK,9,0,3,3,0.33,4,3,2025-2026,shl,D,https://www.eliteprospects.com/player/344081/nick-leivermann,Nick Leivermann
Linus Klasen (LW),Djurgårdens IF,9,0,1,1,0.11,4,1,2025-2026,shl,LW,https://www.eliteprospects.com/player/2295/linus-klasen,Linus Klasen
Samuel Solem (LW),Djurgårdens IF,8,0,0,0,0.0,2,-6,2025-2026,shl,LW,https://www.eliteprospects.com/player/287761/samuel-solem,Samuel Solem
Edwin Annerstedt (F),Timrå IK,8,0,0,0,0.0,0,-1,2025-2026,shl,F,manual_edwin_annerstedt_f,Edwin Annerstedt
Eric Norin (D),Frölunda HC,8,0,0,0,0.0,0,0,2025-2026,shl,D,https://www.eliteprospects.com/player/14150/eric-norin,Eric Norin
Love Gath (C),Rögle BK,8,0,0,0,0.0,0,-1,2025-2026,shl,C,https://www.eliteprospects.com/player/638756/love-gath,Love Gath
Marcus Nordmark (LW),Djurgårdens IF,8,0,1,1,0.13,2,-1,2025-2026,shl,LW,manual_marcus_nordmark_lw,Marcus Nordmark
Theodor Hallquisth (D),Örebro HK,8,0,1,1,0.13,2,0,2025-2026,shl,D,https://www.eliteprospects.com/player/871043/theodor-hallquisth,Theodor Hallquisth
Theo Landström (C),Skellefteå AIK,7,0,0,0,0.0,0,0,2025-2026,shl,C,manual_theo_landstrom_c,Theo Landstrom
Måns Forsfjäll (D),Skellefteå AIK,7,0,1,1,0.14,2,2,2025-2026,shl,D,https://www.eliteprospects.com/player/422034/mans-forsfjall,Mans Forsfjall
Remi Elie (C/LW),Linköping HC,7,4,0,4,0.57,4,1,2025-2026,shl,C/LW,manual_remi_elie_c,Remi Elie
Noel Skarby (LW),HV71,6,0,0,0,0.0,2,-1,2025-2026,shl,LW,manual_noel_skarby_lw,Noel Skarby
Axel Elofsson (D),Örebro HK,6,0,0,0,0.0,0,0,2025-2026,shl,D,manual_axel_elofsson_d,Axel Elofsson
Oscar Lawner (LW/RW),Linköping HC,6,0,0,0,0.0,2,0,2025-2026,shl,LW/RW,https://www.eliteprospects.com/player/349939/oscar-lawner,Oscar Lawner
August Tornberg (D),Färjestad BK,6,1,1,2,0.33,2,1,2025-2026,shl,D,https://www.eliteprospects.com/player/15796/august-tornberg,August Tornberg
Alexander Command (C),Örebro HK,6,0,0,0,0.0,0,0,2025-2026,shl,C,manual_alexander_command_c,Alexander Command
William Sörbrand (C/W),Timrå IK,5,0,0,0,0.0,0,0,2025-2026,shl,C/W,manual_william_sorbrand_c,William Sorbrand
Olle Karlsson (F),Växjö Lakers HC,5,0,0,0,0.0,2,1,2025-2026,shl,F,manual_olle_karlsson_f,Olle Karlsson
Ola Palme (D),Växjö Lakers HC,5,0,0,0,0.0,0,0,2025-2026,shl,D,manual_ola_palme_d,Ola Palme
Nils Bartholdsson (RW),Rögle BK,5,0,0,0,0.0,0,-2,2025-2026,shl,RW,manual_nils_bartholdsson_rw,Nils Bartholdsson
Neo Hirsch (D),Luleå HF,5,0,0,0,0.0,0,0,2025-2026,shl,D,manual_neo_hirsch_d,Neo Hirsch
Wilhelm Hasselhuhn (D),Linköping HC,5,0,0,0,0.0,0,0,2025-2026,shl,D,manual_wilhelm_hasselhuhn_d,Wilhelm Hasselhuhn
Otto Koivula (C),Växjö Lakers HC,5,1,1,2,0.4,2,-1,2025-2026,shl,C,manual_otto_koivula_c,Otto Koivula
Gian Meier (D),Frölunda HC,5,0,1,1,0.2,4,-2,2025-2026,shl,D,https://www.eliteprospects.com/player/805745/gian-meier,Gian Meier
Patrik Norén (D),Malmö Redhawks,4,0,0,0,0.0,0,-5,2025-2026,shl,D,https://www.eliteprospects.com/player/20384/patrik-noren,Patrik Noren
Joe Wahlund (D),Färjestad BK,4,0,0,0,0.0,0,0,2025-2026,shl,D,manual_joe_wahlund_d,Joe Wahlund
Viktor Olofsson (LW),Malmö Redhawks,4,0,0,0,0.0,0,-1,2025-2026,shl,LW,https://www.eliteprospects.com/player/719785/viktor-olofsson,Viktor Olofsson
William Proos (LW),Linköping HC,4,0,0,0,0.0,0,-1,2025-2026,shl,LW,manual_william_proos_lw,William Proos
Elias Eriksson (F),Färjestad BK,4,0,0,0,0.0,0,0,2025-2026,shl,F,manual_elias_eriksson_f,Elias Eriksson
Johannes Neumann (F),Rögle BK,3,0,0,0,0.0,0,1,2025-2026,shl,F,https://www.eliteprospects.com/player/619086/johannes-neumann,Johannes Neumann
Milton Carpenhammar (C),Linköping HC,3,0,0,0,0.0,0,0,2025-2026,shl,C,manual_milton_carpenhammar_c,Milton Carpenhammar
Hampus Karlsson (C),HV71,3,0,0,0,0.0,0,1,2025-2026,shl,C,https://www.eliteprospects.com/player/470040/hampus-karlsson,Hampus Karlsson
Olle Därth (F),Timrå IK,3,0,0,0,0.0,0,0,2025-2026,shl,F,manual_olle_darth_f,Olle Darth
Max Isaksson (C),Växjö Lakers HC,3,0,0,0,0.0,0,0,2025-2026,shl,C,manual_max_isaksson_c,Max Isaksson
Sebastian Wännström (RW),Malmö Redhawks,3,0,0,0,0.0,0,-2,2025-2026,shl,RW,https://www.eliteprospects.com/player/9782/sebastian-wannstrom,Sebastian Wannstrom
Freddie Larsson (RW),Malmö Redhawks,3,0,0,0,0.0,0,0,2025-2026,shl,RW,https://www.eliteprospects.com/player/641402/freddie-larsson,Freddie Larsson
Vashek Blanár (D),HV71,3,0,0,0,0.0,0,0,2025-2026,shl,D,manual_vashek_blanar_d,Vashek Blanar
Albin Laksonen (LW),Växjö Lakers HC,2,0,0,0,0.0,0,0,2025-2026,shl,LW,manual_albin_laksonen_lw,Albin Laksonen
Eddie Levin (C/W),HV71,2,1,2,3,1.5,0,2,2025-2026,shl,C/W,https://www.eliteprospects.com/player/328002/eddie-levin,Eddie Levin
Jonas Lagerberg Hoen (RW),Leksands IF,2,0,0,0,0.0,0,0,2025-2026,shl,RW,manual_jonas_lagerberg_hoen_rw,Jonas Lagerberg Hoen
Oliver Marcelius (C),Färjestad BK,2,0,0,0,0.0,0,0,2025-2026,shl,C,manual_oliver_marcelius_c,Oliver Marcelius
Viggo Nordlund (LW),Skellefteå AIK,2,0,0,0,0.0,0,0,2025-2026,shl,LW,https://www.eliteprospects.com/player/619005/viggo-nordlund,Viggo Nordlund
Pax Kleffner (C/W),Leksands IF,2,0,0,0,0.0,0,0,2025-2026,shl,C/W,manual_pax_kleffner_c,Pax Kleffner
Mads Kongsbak Klyvø (LW),Frölunda HC,2,0,0,0,0.0,0,0,2025-2026,shl,LW,https://www.eliteprospects.com/player/873210/mads-kongsbak-klyvo,Mads Kongsbak Klyv
William Wiå (LW/RW),Djurgårdens IF,2,0,1,1,0.5,0,0,2025-2026,shl,LW/RW,https://www.eliteprospects.com/player/289768/william-wia,William Wia
Arvid Degerstedt (C/W),HV71,2,0,0,0,0.0,0,-1,2025-2026,shl,C/W,https://www.eliteprospects.com/player/234246/arvid-degerstedt,Arvid Degerstedt
Zeb Lindgren (D),Skellefteå AIK,2,0,0,0,0.0,0,0,2025-2026,shl,D,https://www.eliteprospects.com/player/803208/zeb-lindgren,Zeb Lindgren
Adrian Thun-Hansson (D),Timrå IK,2,0,0,0,0.0,0,0,2025-2026,shl,D,https://www.eliteprospects.com/player/746927/adrian-thun-hansson,Adrian Thunhansson
Bosse Meijer (C),Frölunda HC,2,0,0,0,0.0,0,0,2025-2026,shl,C,manual_bosse_meijer_c,Bosse Meijer
Oscar Söderström (D),HV71,2,0,0,0,0.0,0,0,2025-2026,shl,D,manual_oscar_soderstrom_d,Oscar Soderstrom
Ludvig Andersson (C/RW),Örebro HK,2,0,0,0,0.0,0,0,2025-2026,shl,C/RW,manual_ludvig_andersson_c,Ludvig Andersson
Liam Pettersson (D),Växjö Lakers HC,2,0,0,0,0.0,0,-1,2025-2026,shl,D,https://www.eliteprospects.com/player/689902/liam-pettersson,Liam Pettersson
Felix Färhammar (D),Örebro HK,2,0,0,0,0.0,0,0,2025-2026,shl,D,https://www.eliteprospects.com/player/904549/felix-farhammar,Felix Farhammar
Sigge Lindh (D),HV71,2,0,0,0,0.0,0,0,2025-2026,shl,D,manual_sigge_lindh_d,Sigge Lindh
Oscar Emvall (LW),Linköping HC,1,0,0,0,0.0,0,0,2025-2026,shl,LW,https://www.eliteprospects.com/player/718194/oscar-emvall,Oscar Emvall
Elliot Ölund (F),Skellefteå AIK,1,0,0,0,0.0,0,0,2025-2026,shl,F,manual_elliot_olund_f,Elliot Olund
Hampus Plato (RW),Färjestad BK,1,0,0,0,0.0,0,0,2025-2026,shl,RW,manual_hampus_plato_rw,Hampus Plato
Samuel Eriksson (D),Färjestad BK,1,0,0,0,0.0,0,0,2025-2026,shl,D,manual_samuel_eriksson_d,Samuel Eriksson
Elias Lindgren (D),Växjö Lakers HC,1,0,0,0,0.0,0,0,2025-2026,shl,D,manual_elias_lindgren_d,Elias Lindgren
Emon Kulmala (LW),Växjö Lakers HC,1,0,0,0,0.0,0,0,2025-2026,shl,LW,https://www.eliteprospects.com/player/709268/emon-kulmala,Emon Kulmala
Alfred Persson (D),Frölunda HC,1,0,0,0,0.0,0,0,2025-2026,shl,D,manual_alfred_persson_d,Alfred Persson
Rasmus Röing (C),Färjestad BK,1,0,0,0,0.0,0,0,2025-2026,shl,C,manual_rasmus_roing_c,Rasmus Roing
Marcus Limpar Lantz (C),HV71,1,0,0,0,0.0,0,0,2025-2026,shl,C,https://www.eliteprospects.com/player/394734/marcus-limpar-lantz,Marcus Limpar Lantz
Åke Stakkestad (C),Färjestad BK,1,0,0,0,0.0,0,1,2025-2026,shl,C,https://www.eliteprospects.com/player/424843/ake-stakkestad,Ake Stakkestad
Tim Lindfors (RW),HV71,1,0,0,0,0.0,0,0,2025-2026,shl,RW,https://www.eliteprospects.com/player/472149/tim-lindfors,Tim Lindfors
Carl-Johan Lerby (D),Malmö Redhawks,1,0,0,0,0.0,0,-1,2025-2026,shl,D,https://www.eliteprospects.com/player/212714/carl-johan-lerby,Carljohan Lerby
Olle Tideman (D),Växjö Lakers HC,1,0,0,0,0.0,0,0,2025-2026,shl,D,manual_olle_tideman_d,Olle Tideman
Gustav Olhaver (C/LW),HV71,1,0,0,0,0.0,0,-1,2025-2026,shl,C/LW,https://www.eliteprospects.com/player/212720/gustav-olhaver,Gustav Olhaver
Oliver Rosvall (D),Malmö Redhawks,1,0,0,0,0.0,0,0,2025-2026,shl,D,manual_oliver_rosvall_d,Oliver Rosvall
Philip Larsson (RW/LW),Örebro HK,1,0,0,0,0.0,0,0,2025-2026,shl,RW/LW,manual_philip_larsson_rw,Philip Larsson
Arvid Drott (RW),Djurgårdens IF,1,0,0,0,0.0,0,-1,2025-2026,shl,RW,manual_arvid_drott_rw,Arvid Drott
Albin Udd (D),Brynäs IF,1,0,0,0,0.0,0,0,2025-2026,shl,D,manual_albin_udd_d,Albin Udd
Fred Nord (D),Djurgårdens IF,1,0,0,0,0.0,0,0,2025-2026,shl,D,manual_fred_nord_d,Fred Nord
Måns Gudmundsson (D),Färjestad BK,1,0,0,0,0.0,0,0,2025-2026,shl,D,manual_mans_gudmundsson_d,Mans Gudmundsson
Axel Brøngel-Larsson (D),Frölunda HC,1,0,0,0,0.0,0,0,2025-2026,shl,D,https://www.eliteprospects.com/player/876955/axel-brongel-larsson,Axel Brngellarsson
Tim Erixon (D),Timrå IK,0,0,0,0,0.0,0,0,2025-2026,shl,D,https://www.eliteprospects.com/player/6051/tim-erixon,Tim Erixon
Gustav Rydahl (C),Frölunda HC,0,0,0,0,0.0,0,0,2025-2026,shl,C,https://www.eliteprospects.com/player/33357/gustav-rydahl,Gustav Rydahl
Vilgot Lidén (D),Leksands IF,0,0,0,0,0.0,0,0,2025-2026,shl,D,manual_vilgot_liden_d,Vilgot Liden
Jonas Berglund (C),Luleå HF,0,0,0,0,0.0,0,0,2025-2026,shl,C,https://www.eliteprospects.com/player/9860/jonas-berglund,Jonas Berglund
Isac Pagels (D),Malmö Redhawks,0,0,0,0,0.0,0,0,2025-2026,shl,D,manual_isac_pagels_d,Isac Pagels
Oliwer Sjöström (D),Luleå HF,0,0,0,0,0.0,0,0,2025-2026,shl,D,https://www.eliteprospects.com/player/689899/oliwer-sjostrom,Oliwer Sjostrom
Andrej Krajcovic (F),HK Dukla Trencin,54,5,8,13,0.24,14,-7,2025-2026,slovakia,F,https://www.eliteprospects.com/player/552395/andrej-krajcovic,Andrej Krajcovic
Lukas Lalik (D),HK 32 Liptovsky Mikulas,54,3,10,13,0.24,28,-8,2025-2026,slovakia,D,https://www.eliteprospects.com/player/473349/lukas-lalik,Lukas Lalik
Oleksandr Plokhotnik (F),HC Kosice,54,5,6,11,0.2,8,-2,2025-2026,slovakia,F,https://www.eliteprospects.com/player/467716/oleksandr-plokhotnik,Oleksandr Plokhotnik
Robert Varga (LW),HC Slovan Bratislava,54,18,19,37,0.69,53,16,2025-2026,slovakia,LW,https://www.eliteprospects.com/player/98776/robert-varga,Robert Varga
Zach Osburn (D),HK Nitra,54,7,30,37,0.69,32,10,2025-2026,slovakia,D,https://www.eliteprospects.com/player/186312/zach-osburn,Zach Osburn
Marek Valach (LW/RW),HC Banska Bystrica,54,19,17,36,0.67,22,2,2025-2026,slovakia,LW/RW,https://www.eliteprospects.com/player/235509/marek-valach,Marek Valach
Alex Výhonský (RW/C),HK Poprad,54,8,10,18,0.33,42,10,2025-2026,slovakia,RW/C,https://www.eliteprospects.com/player/195813/alex-vyhonsky,Alex Vyhonsky
Markus Suchý (C/RW),HK Poprad,54,8,9,17,0.31,37,9,2025-2026,slovakia,C/RW,https://www.eliteprospects.com/player/561721/markus-suchy,Markus Suchy
Martin Nemcik (D),HK Poprad,54,1,8,9,0.17,128,5,2025-2026,slovakia,D,https://www.eliteprospects.com/player/96786/martin-nemcik,Martin Nemcik
Andrej Hatala (D),HK Dukla Trencin,54,1,5,6,0.11,37,-6,2025-2026,slovakia,D,https://www.eliteprospects.com/player/158000/andrej-hatala,Andrej Hatala
Patrik Stevuliak (LW),HK Spisska Nova Ves,54,3,11,14,0.26,53,-11,2025-2026,slovakia,LW,https://www.eliteprospects.com/player/177033/patrik-stevuliak,Patrik Stevuliak
Denis Hudec (RW),HK Dukla Trencin,54,7,6,13,0.24,14,-8,2025-2026,slovakia,RW,https://www.eliteprospects.com/player/97523/denis-hudec,Denis Hudec
Aurel Naus (RW),HK Poprad,54,9,22,31,0.57,22,19,2025-2026,slovakia,RW,https://www.eliteprospects.com/player/249707/aurel-naus,Aurel Naus
Jakub Lacka (LW),HK Nitra,54,12,16,28,0.52,26,18,2025-2026,slovakia,LW,https://www.eliteprospects.com/player/249863/jakub-lacka,Jakub Lacka
Matej Macek (RW),HKM Zvolen,54,17,10,27,0.5,10,-10,2025-2026,slovakia,RW,https://www.eliteprospects.com/player/275737/matej-macek,Matej Macek
Robby Jackson (LW/C),HK Nitra,54,20,17,37,0.69,12,10,2025-2026,slovakia,LW/C,https://www.eliteprospects.com/player/199954/robby-jackson,Robby Jackson
Martin Bucko (D),HC Kosice,54,0,20,20,0.37,20,13,2025-2026,slovakia,D,https://www.eliteprospects.com/player/275257/martin-bucko,Martin Bucko
Radovan Bondra (LW/RW),HC Slovan Bratislava,54,8,11,19,0.35,42,3,2025-2026,slovakia,LW/RW,https://www.eliteprospects.com/player/157407/radovan-bondra,Radovan Bondra
Marek Sramaty (C/W),HKM Zvolen,54,7,16,23,0.43,22,-2,2025-2026,slovakia,C/W,https://www.eliteprospects.com/player/557446/marek-sramaty,Marek Sramaty
Patrik Rogon (RW),HC Kosice,54,12,8,20,0.37,18,15,2025-2026,slovakia,RW,https://www.eliteprospects.com/player/196244/patrik-rogon,Patrik Rogon
Erik Flood (D),HK 32 Liptovsky Mikulas,54,1,23,24,0.44,52,1,2025-2026,slovakia,D,manual_erik_flood_d,Erik Flood
Dawson Tritt (C),HK 32 Liptovsky Mikulas,54,15,25,40,0.74,42,0,2025-2026,slovakia,C,manual_dawson_tritt_c,Dawson Tritt
Carter Robertson (D),HK 32 Liptovsky Mikulas,54,9,29,38,0.7,52,-7,2025-2026,slovakia,D,https://www.eliteprospects.com/player/360914/carter-robertson,Carter Robertson
Andrew Calof (RW),HK Poprad,54,20,28,48,0.89,16,16,2025-2026,slovakia,RW,https://www.eliteprospects.com/player/40211/andrew-calof,Andrew Calof
Ryan Sproul (D),HK Poprad,54,13,31,44,0.81,20,31,2025-2026,slovakia,D,https://www.eliteprospects.com/player/62407/ryan-sproul,Ryan Sproul
Josh Passolt (LW),HK Nitra,54,19,22,41,0.76,24,24,2025-2026,slovakia,LW,https://www.eliteprospects.com/player/346691/josh-passolt,Josh Passolt
Cole Cassels (C),HKM Zvolen,54,7,42,49,0.91,20,-11,2025-2026,slovakia,C,https://www.eliteprospects.com/player/118659/cole-cassels,Cole Cassels
Adam Cracknell (RW/C),HK Poprad,53,24,34,58,1.09,72,27,2025-2026,slovakia,RW/C,https://www.eliteprospects.com/player/14459/adam-cracknell,Adam Cracknell
Marek Vankus (C),HK 32 Liptovsky Mikulas,53,11,7,18,0.34,18,-10,2025-2026,slovakia,C,https://www.eliteprospects.com/player/269668/marek-vankus,Marek Vankus
Adrian Valigura (LW/RW),HC Presov,53,8,9,17,0.32,47,-20,2025-2026,slovakia,LW/RW,https://www.eliteprospects.com/player/473389/adrian-valigura,Adrian Valigura
Martin Bodak (D),HK Poprad,53,7,13,20,0.38,84,14,2025-2026,slovakia,D,https://www.eliteprospects.com/player/275038/martin-bodak,Martin Bodak
Jakub Kolenic (RW),Vlci Zilina,53,11,16,27,0.51,48,12,2025-2026,slovakia,RW,https://www.eliteprospects.com/player/473352/jakub-kolenic,Jakub Kolenic
Sena Acolatse (D/RW),HC Slovan Bratislava,53,9,16,25,0.47,34,8,2025-2026,slovakia,D/RW,https://www.eliteprospects.com/player/33574/sena-acolatse,Sena Acolatse
Jake Virtanen (RW/LW),HK Dukla Michalovce,53,30,25,55,1.04,87,-4,2025-2026,slovakia,RW/LW,https://www.eliteprospects.com/player/120197/jake-virtanen,Jake Virtanen
Christian Michalcin (D),HC Banska Bystrica,53,1,9,10,0.19,43,11,2025-2026,slovakia,D,https://www.eliteprospects.com/player/252416/christian-michalcin,Christian Michalcin
Jakub Ferenc (D),HC Kosice,53,1,9,10,0.19,63,-5,2025-2026,slovakia,D,https://www.eliteprospects.com/player/163271/jakub-ferenc,Jakub Ferenc
Jan Petriska (RW),HC Slovan Bratislava,53,3,6,9,0.17,100,-4,2025-2026,slovakia,RW,https://www.eliteprospects.com/player/473343/jan-petriska,Jan Petriska
Adam Varga (RW),HK Dukla Michalovce,53,8,3,11,0.21,14,1,2025-2026,slovakia,RW,https://www.eliteprospects.com/player/295858/adam-varga,Adam Varga
Patrik Maier (D),HC Slovan Bratislava,53,0,6,6,0.11,55,3,2025-2026,slovakia,D,https://www.eliteprospects.com/player/166425/patrik-maier,Patrik Maier
Simon Groch (D),HK Spisska Nova Ves,53,2,3,5,0.09,12,1,2025-2026,slovakia,D,https://www.eliteprospects.com/player/542962/simon-groch,Simon Groch
Jordy Bellerive (C/LW),HK Dukla Trencin,53,18,12,30,0.57,36,-23,2025-2026,slovakia,C/LW,https://www.eliteprospects.com/player/201684/jordy-bellerive,Jordy Bellerive
Andrej Kudrna (RW/LW),HKM Zvolen,53,15,15,30,0.57,6,-15,2025-2026,slovakia,RW/LW,https://www.eliteprospects.com/player/19372/andrej-kudrna,Andrej Kudrna
Max Ferkodic (RW),HK 32 Liptovsky Mikulas,53,13,14,27,0.51,8,-2,2025-2026,slovakia,RW,https://www.eliteprospects.com/player/657674/max-ferkodic,Max Ferkodic
Jakub Nespala (RW),HK 32 Liptovsky Mikulas,53,9,10,19,0.36,37,-8,2025-2026,slovakia,RW,https://www.eliteprospects.com/player/388202/jakub-nespala,Jakub Nespala
Andrej Kukuca (RW/C),HC Banska Bystrica,53,13,10,23,0.43,45,-5,2025-2026,slovakia,RW/C,https://www.eliteprospects.com/player/331880/andrej-kukuca,Andrej Kukuca
Sebastian Cederle (W/C),HK Nitra,53,13,19,32,0.6,10,12,2025-2026,slovakia,W/C,https://www.eliteprospects.com/player/328488/sebastian-cederle,Sebastian Cederle
Jakub Sukel (RW),HK 32 Liptovsky Mikulas,53,17,18,35,0.66,61,-3,2025-2026,slovakia,RW,https://www.eliteprospects.com/player/177053/jakub-sukel,Jakub Sukel
Ryan Dmowski (LW/C),HC Slovan Bratislava,53,29,17,46,0.87,14,17,2025-2026,slovakia,LW/C,https://www.eliteprospects.com/player/248424/ryan-dmowski,Ryan Dmowski
Tomas Mikus (C/LW),HC Kosice,53,23,19,42,0.79,24,-1,2025-2026,slovakia,C/LW,https://www.eliteprospects.com/player/95703/tomas-mikus,Tomas Mikus
Andrew Lucas (D),HC Banska Bystrica,53,3,38,41,0.77,16,-3,2025-2026,slovakia,D,https://www.eliteprospects.com/player/300613/andrew-lucas,Andrew Lucas
Alexei Dakhnovsky (D),HC Kosice,52,2,1,3,0.06,18,-9,2025-2026,slovakia,D,https://www.eliteprospects.com/player/730680/alexei-dakhnovsky,Alexei Dakhnovsky
Mislav Rosandic (D),HC Kosice,52,4,38,42,0.81,38,12,2025-2026,slovakia,D,https://www.eliteprospects.com/player/106384/mislav-rosandic,Mislav Rosandic
Patrik Marcinek (C/LW),HKM Zvolen,52,20,28,48,0.92,41,15,2025-2026,slovakia,C/LW,https://www.eliteprospects.com/player/275218/patrik-marcinek,Patrik Marcinek
Marko Stacha (D),HK Nitra,52,6,7,13,0.25,63,15,2025-2026,slovakia,D,https://www.eliteprospects.com/player/477207/marko-stacha,Marko Stacha
David Romanak (D),HK Spisska Nova Ves,52,2,10,12,0.23,20,7,2025-2026,slovakia,D,https://www.eliteprospects.com/player/423666/david-romanak,David Romanak
Matus Havrila (C),HC Kosice,52,9,10,19,0.37,40,9,2025-2026,slovakia,C,https://www.eliteprospects.com/player/313739/matus-havrila,Matus Havrila
Matus Vojtech (RW),HK 32 Liptovsky Mikulas,52,18,17,35,0.67,44,-1,2025-2026,slovakia,RW,https://www.eliteprospects.com/player/729672/matus-vojtech,Matus Vojtech
Joona Jääskeläinen (LW/RW),HKM Zvolen,52,18,16,34,0.65,8,-13,2025-2026,slovakia,LW/RW,https://www.eliteprospects.com/player/152190/joona-jaaskelainen,Joona Jaaskelainen
Ryder Korczak (C/RW),Vlci Zilina,52,21,23,44,0.85,69,10,2025-2026,slovakia,C/RW,https://www.eliteprospects.com/player/201839/ryder-korczak,Ryder Korczak
Peter Sandor (LW),HK 32 Liptovsky Mikulas,52,7,13,20,0.38,12,-6,2025-2026,slovakia,LW,https://www.eliteprospects.com/player/423767/peter-sandor,Peter Sandor
Tomas Kralovic (D),HC Slovan Bratislava,52,6,25,31,0.6,71,17,2025-2026,slovakia,D,https://www.eliteprospects.com/player/731595/tomas-kralovic,Tomas Kralovic
Olivier Galipeau (D),HC Banska Bystrica,52,3,25,28,0.54,24,7,2025-2026,slovakia,D,https://www.eliteprospects.com/player/156090/olivier-galipeau,Olivier Galipeau
Daniel Gachulinec (D),Vlci Zilina,52,6,13,19,0.37,32,14,2025-2026,slovakia,D,https://www.eliteprospects.com/player/157656/daniel-gachulinec,Daniel Gachulinec
Samuel Krajc (RW/LW),HK Dukla Trencin,52,4,9,13,0.25,10,-6,2025-2026,slovakia,RW/LW,https://www.eliteprospects.com/player/513360/samuel-krajc,Samuel Krajc
Marek Korencik (D),Vlci Zilina,52,6,6,12,0.23,18,5,2025-2026,slovakia,D,https://www.eliteprospects.com/player/275731/marek-korencik,Marek Korencik
Marc-Olivier Roy (C/W),HK Dukla Michalovce,51,14,43,57,1.12,38,9,2025-2026,slovakia,C/W,https://www.eliteprospects.com/player/97663/marc-olivier-roy,Marcolivier Roy
Carter Turnbull (RW/C),HC Banska Bystrica,51,32,33,65,1.27,14,22,2025-2026,slovakia,RW/C,https://www.eliteprospects.com/player/247050/carter-turnbull,Carter Turnbull
Oleksii Myklukha (C),HC Banska Bystrica,51,17,38,55,1.08,0,17,2025-2026,slovakia,C,https://www.eliteprospects.com/player/553480/oleksii-myklukha,Oleksii Myklukha
Juraj Majdan (LW/RW),HK Poprad,51,7,9,16,0.31,26,-2,2025-2026,slovakia,LW/RW,https://www.eliteprospects.com/player/34754/juraj-majdan,Juraj Majdan
Michal Laurencik (D),Multiple Teams,51,0,4,4,0.08,6,-16,2025-2026,slovakia,D,https://www.eliteprospects.com/player/479340/michal-laurencik,Michal Laurencik
Jan Blasko (RW/LW),Multiple Teams,51,1,3,4,0.08,22,-11,2025-2026,slovakia,RW/LW,https://www.eliteprospects.com/player/273265/jan-blasko,Jan Blasko
Matej Paulovic (LW/RW),HK Nitra,51,22,21,43,0.84,18,24,2025-2026,slovakia,LW/RW,https://www.eliteprospects.com/player/93903/matej-paulovic,Matej Paulovic
Justin Lee (D),HC Banska Bystrica,51,5,14,19,0.37,99,-5,2025-2026,slovakia,D,https://www.eliteprospects.com/player/284854/justin-lee,Justin Lee
Antonin Bartos (D),HC Kosice,51,0,19,19,0.37,49,13,2025-2026,slovakia,D,https://www.eliteprospects.com/player/561832/antonin-bartos,Antonin Bartos
Marek Hecl (RW),HKM Zvolen,51,23,16,39,0.76,4,5,2025-2026,slovakia,RW,https://www.eliteprospects.com/player/225466/marek-hecl,Marek Hecl
Brendan Ranford (C/LW),Vlci Zilina,51,19,32,51,1.0,65,18,2025-2026,slovakia,C/LW,https://www.eliteprospects.com/player/24082/brendan-ranford,Brendan Ranford
Martin Vitalos (D),HK Nitra,51,3,8,11,0.22,49,11,2025-2026,slovakia,D,https://www.eliteprospects.com/player/388174/martin-vitalos,Martin Vitalos
Adam Ziak (D),HK Spisska Nova Ves,51,3,13,16,0.31,14,-3,2025-2026,slovakia,D,https://www.eliteprospects.com/player/334889/adam-ziak,Adam Ziak
Boris Zabka (D),HC Banska Bystrica,50,1,3,4,0.08,28,-5,2025-2026,slovakia,D,https://www.eliteprospects.com/player/579277/boris-zabka,Boris Zabka
Samuel Barcik (D),Multiple Teams,50,1,2,3,0.06,22,-4,2025-2026,slovakia,D,https://www.eliteprospects.com/player/653084/samuel-barcik,Samuel Barcik
Filip Vasas (RW),Vlci Zilina,50,11,4,15,0.3,2,7,2025-2026,slovakia,RW,https://www.eliteprospects.com/player/249543/filip-vasas,Filip Vasas
Tomas Török (RW/LW),HK Poprad,50,10,20,30,0.6,53,20,2025-2026,slovakia,RW/LW,https://www.eliteprospects.com/player/95413/tomas-torok,Tomas Torok
Peter Bjaloncik (C),HK Poprad,50,18,26,44,0.88,28,27,2025-2026,slovakia,C,https://www.eliteprospects.com/player/234779/peter-bjaloncik,Peter Bjaloncik
Jordan Martel (RW/LW),HK Dukla Michalovce,50,27,31,58,1.16,52,4,2025-2026,slovakia,RW/LW,https://www.eliteprospects.com/player/256553/jordan-martel,Jordan Martel
Miroslav Mucha (RW),Vlci Zilina,50,8,16,24,0.48,12,-13,2025-2026,slovakia,RW,https://www.eliteprospects.com/player/235654/miroslav-mucha,Miroslav Mucha
Matus Spodniak (C/LW),HK Dukla Michalovce,50,24,11,35,0.7,61,4,2025-2026,slovakia,C/LW,https://www.eliteprospects.com/player/177050/matus-spodniak,Matus Spodniak
Michal Beno (D),HKM Zvolen,50,4,16,20,0.4,20,-15,2025-2026,slovakia,D,https://www.eliteprospects.com/player/473320/michal-beno,Michal Beno
Jonas Peterek (C/RW),HC Slovan Bratislava,50,9,11,20,0.4,2,-1,2025-2026,slovakia,C/RW,https://www.eliteprospects.com/player/290467/jonas-peterek,Jonas Peterek
Oliver Jokel (LW),HC Presov,50,2,7,9,0.18,18,-20,2025-2026,slovakia,LW,https://www.eliteprospects.com/player/19363/oliver-jokel,Oliver Jokel
Nerijus Alisauskas (D),HK Spisska Nova Ves,50,2,5,7,0.14,20,-4,2025-2026,slovakia,D,https://www.eliteprospects.com/player/49559/nerijus-alisauskas,Nerijus Alisauskas
Robert Baco (RW),Multiple Teams,50,5,4,9,0.18,32,-18,2025-2026,slovakia,RW,https://www.eliteprospects.com/player/553948/robert-baco,Robert Baco
Alex Sotek (LW/RW),HK Poprad,49,9,20,29,0.59,12,3,2025-2026,slovakia,LW/RW,https://www.eliteprospects.com/player/485146/alex-sotek,Alex Sotek
Daniil Fominykh (RW),HK Dukla Michalovce,49,10,14,24,0.49,18,-4,2025-2026,slovakia,RW,https://www.eliteprospects.com/player/332213/daniil-fominykh,Daniil Fominykh
Tomas Zaborsky (LW/C),Multiple Teams,49,8,15,23,0.47,41,-10,2025-2026,slovakia,LW/C,https://www.eliteprospects.com/player/10610/tomas-zaborsky,Tomas Zaborsky
Robert Dzugan (LW/C),HK Spisska Nova Ves,49,6,14,20,0.41,12,5,2025-2026,slovakia,LW/C,https://www.eliteprospects.com/player/335793/robert-dzugan,Robert Dzugan
Eduard Sedivy (D),HC Kosice,49,0,17,17,0.35,28,7,2025-2026,slovakia,D,https://www.eliteprospects.com/player/48066/eduard-sedivy,Eduard Sedivy
Peter Galambos (C/LW),Vlci Zilina,49,4,19,23,0.47,6,8,2025-2026,slovakia,C/LW,https://www.eliteprospects.com/player/45936/peter-galambos,Peter Galambos
Turner Elson (C/LW),HC Slovan Bratislava,49,12,27,39,0.8,78,21,2025-2026,slovakia,C/LW,https://www.eliteprospects.com/player/45522/turner-elson,Turner Elson
Simon Petras (RW),HC Kosice,49,26,24,50,1.02,16,10,2025-2026,slovakia,RW,https://www.eliteprospects.com/player/166024/simon-petras,Simon Petras
Samuel Fereta (D),HK Poprad,49,0,5,5,0.1,28,5,2025-2026,slovakia,D,https://www.eliteprospects.com/player/271527/samuel-fereta,Samuel Fereta
Samuel Chalupa (LW),HC Presov,49,4,4,8,0.16,12,-21,2025-2026,slovakia,LW,https://www.eliteprospects.com/player/195101/samuel-chalupa,Samuel Chalupa
Peter Lichanec (C/LW),HK Dukla Michalovce,49,4,8,12,0.24,34,-5,2025-2026,slovakia,C/LW,https://www.eliteprospects.com/player/96028/peter-lichanec,Peter Lichanec
Richard Ondrusek (D/F),HC Banska Bystrica,49,5,2,7,0.14,12,0,2025-2026,slovakia,D/F,https://www.eliteprospects.com/player/230743/richard-ondrusek,Richard Ondrusek
Roman Faith (LW),HC Banska Bystrica,49,16,34,50,1.02,76,18,2025-2026,slovakia,LW,https://www.eliteprospects.com/player/553945/roman-faith,Roman Faith
Michal Uhrík (LW/C),HK 32 Liptovsky Mikulas,49,3,7,10,0.2,43,4,2025-2026,slovakia,LW/C,https://www.eliteprospects.com/player/58003/michal-uhrik,Michal Uhrik
Frederik Fekiac (D),HK 32 Liptovsky Mikulas,49,6,18,24,0.49,48,6,2025-2026,slovakia,D,https://www.eliteprospects.com/player/201647/frederik-fekiac,Frederik Fekiac
Patrik Bacik (D),HC Slovan Bratislava,48,2,7,9,0.19,32,25,2025-2026,slovakia,D,https://www.eliteprospects.com/player/163920/patrik-bacik,Patrik Bacik
Matej Gilak (RW),Multiple Teams,48,9,16,25,0.52,16,-1,2025-2026,slovakia,RW,https://www.eliteprospects.com/player/195816/matej-gilak,Matej Gilak
Adam Lapsansky (LW),HK Dukla Trencin,48,11,3,14,0.29,8,-15,2025-2026,slovakia,LW,https://www.eliteprospects.com/player/15199/adam-lapsansky,Adam Lapsansky
Artur Turansky (LW),Multiple Teams,48,3,13,16,0.33,2,-6,2025-2026,slovakia,LW,manual_artur_turansky_lw,Artur Turansky
Milan Kytnár (C),HK Dukla Michalovce,48,3,8,11,0.23,63,-14,2025-2026,slovakia,C,https://www.eliteprospects.com/player/11850/milan-kytnar,Milan Kytnar
Jakub Melisko (D),HK Dukla Michalovce,48,5,14,19,0.4,34,-6,2025-2026,slovakia,D,https://www.eliteprospects.com/player/168650/jakub-melisko,Jakub Melisko
Dalibor Bortnak (C),Multiple Teams,48,3,3,6,0.13,42,-20,2025-2026,slovakia,C,https://www.eliteprospects.com/player/19356/dalibor-bortnak,Dalibor Bortnak
Filip Krivosik (C/RW),HC Kosice,48,23,22,45,0.94,22,6,2025-2026,slovakia,C/RW,https://www.eliteprospects.com/player/228371/filip-krivosik,Filip Krivosik
Matej Palocko (LW/C),Multiple Teams,48,6,5,11,0.23,8,-6,2025-2026,slovakia,LW/C,https://www.eliteprospects.com/player/191363/matej-palocko,Matej Palocko
Simon Jellus (C/LW),HC Kosice,48,9,20,29,0.6,24,6,2025-2026,slovakia,C/LW,manual_simon_jellus_c,Simon Jellus
Jozef Balaz (C/LW),Vlci Zilina,48,8,13,21,0.44,16,-5,2025-2026,slovakia,C/LW,https://www.eliteprospects.com/player/272987/jozef-balaz,Jozef Balaz
Peter Zuzin (C/LW),HKM Zvolen,47,15,21,36,0.77,36,8,2025-2026,slovakia,C/LW,https://www.eliteprospects.com/player/93317/peter-zuzin,Peter Zuzin
Jan Marcinko (D),HK Dukla Michalovce,47,1,10,11,0.23,43,9,2025-2026,slovakia,D,https://www.eliteprospects.com/player/561835/jan-marcinko,Jan Marcinko
Elias Carmichael (D),HK Nitra,47,4,2,6,0.13,16,19,2025-2026,slovakia,D,manual_elias_carmichael_d,Elias Carmichael
Ryan O'Connor (D),HC Slovan Bratislava,47,11,24,35,0.74,18,-4,2025-2026,slovakia,D,https://www.eliteprospects.com/player/23662/ryan-o-connor,Ryan Oconnor
Jakub Urbanek (C/RW),HK Poprad,47,19,14,33,0.7,67,16,2025-2026,slovakia,C/RW,https://www.eliteprospects.com/player/275263/jakub-urbanek,Jakub Urbanek
David Soltes (LW/RW),HC Banska Bystrica,47,18,16,34,0.72,59,5,2025-2026,slovakia,LW/RW,https://www.eliteprospects.com/player/102975/david-soltes,David Soltes
Patrik Lamper (LW/RW),HC Kosice,46,17,6,23,0.5,55,1,2025-2026,slovakia,LW/RW,https://www.eliteprospects.com/player/89373/patrik-lamper,Patrik Lamper
Lukas Lunter (LW/RW),HKM Zvolen,46,6,7,13,0.28,10,-7,2025-2026,slovakia,LW/RW,https://www.eliteprospects.com/player/274252/lukas-lunter,Lukas Lunter
Michal Kristof (C/W),HK Nitra,46,14,27,41,0.89,4,22,2025-2026,slovakia,C/W,https://www.eliteprospects.com/player/51191/michal-kristof,Michal Kristof
Dominik Jendek (C/RW),HC Slovan Bratislava,46,6,5,11,0.24,12,-4,2025-2026,slovakia,C/RW,https://www.eliteprospects.com/player/473321/dominik-jendek,Dominik Jendek
Milos Bubela (C/RW),Multiple Teams,46,12,12,24,0.52,38,0,2025-2026,slovakia,C/RW,https://www.eliteprospects.com/player/96761/milos-bubela,Milos Bubela
Samuel Takac (LW),HC Slovan Bratislava,46,16,33,49,1.07,20,19,2025-2026,slovakia,LW,https://www.eliteprospects.com/player/34758/samuel-takac,Samuel Takac
Ondrej Molnár (LW),HK Nitra,46,5,13,18,0.39,43,9,2025-2026,slovakia,LW,https://www.eliteprospects.com/player/595293/ondrej-molnar,Ondrej Molnar
Jakub Pobezal (D),Vlci Zilina,46,1,5,6,0.13,6,6,2025-2026,slovakia,D,https://www.eliteprospects.com/player/561860/jakub-pobezal,Jakub Pobezal
Rastislav Dej (LW/C),Vlci Zilina,46,2,5,7,0.15,14,-2,2025-2026,slovakia,LW/C,https://www.eliteprospects.com/player/22643/rastislav-dej,Rastislav Dej
Matus Holenda (D),Vlci Zilina,45,2,6,8,0.18,16,3,2025-2026,slovakia,D,https://www.eliteprospects.com/player/153194/matus-holenda,Matus Holenda
Samuel Hain (D),Multiple Teams,45,4,3,7,0.16,20,-15,2025-2026,slovakia,D,https://www.eliteprospects.com/player/229186/samuel-hain,Samuel Hain
Samuel Hrabcak (F/D),HK Dukla Michalovce,45,3,2,5,0.11,31,-4,2025-2026,slovakia,F/D,https://www.eliteprospects.com/player/393536/samuel-hrabcak,Samuel Hrabcak
Marek Viedensky (C),HK Spisska Nova Ves,45,8,16,24,0.53,10,0,2025-2026,slovakia,C,https://www.eliteprospects.com/player/17752/marek-viedensky,Marek Viedensky
Juraj Valach (D),HKM Zvolen,45,6,15,21,0.47,28,6,2025-2026,slovakia,D,https://www.eliteprospects.com/player/9294/juraj-valach,Juraj Valach
Martin Lefebvre (D),HK Poprad,44,10,22,32,0.73,12,29,2025-2026,slovakia,D,https://www.eliteprospects.com/player/37480/martin-lefebvre,Martin Lefebvre
Branislav Rapac (RW/LW),HK Spisska Nova Ves,44,9,18,27,0.61,16,1,2025-2026,slovakia,RW/LW,https://www.eliteprospects.com/player/98032/branislav-rapac,Branislav Rapac
Viktor Fekiac (C),HKM Zvolen,44,3,11,14,0.32,4,-9,2025-2026,slovakia,C,https://www.eliteprospects.com/player/95708/viktor-fekiac,Viktor Fekiac
Patrik Koys (RW/LW),Vlci Zilina,44,8,24,32,0.73,20,19,2025-2026,slovakia,RW/LW,https://www.eliteprospects.com/player/60605/patrik-koys,Patrik Koys
Adam Drgon (D),HK Dukla Trencin,44,1,6,7,0.16,18,-14,2025-2026,slovakia,D,https://www.eliteprospects.com/player/43798/adam-drgon,Adam Drgon
Connor Welsh (D),HK Dukla Michalovce,44,6,26,32,0.73,26,7,2025-2026,slovakia,D,https://www.eliteprospects.com/player/194946/connor-welsh,Connor Welsh
Michal Juscak (C),Vlci Zilina,44,2,5,7,0.16,31,-1,2025-2026,slovakia,C,https://www.eliteprospects.com/player/270588/michal-juscak,Michal Juscak
Adam Stripai (D/F),HK Dukla Michalovce,44,1,3,4,0.09,26,-8,2025-2026,slovakia,D/F,https://www.eliteprospects.com/player/528278/adam-stripai,Adam Stripai
Hugo Kovac (RW),HK Nitra,44,2,5,7,0.16,47,-1,2025-2026,slovakia,RW,https://www.eliteprospects.com/player/473430/hugo-kovac,Hugo Kovac
Tomas Chrenko (C),HK Nitra,44,9,22,31,0.7,10,11,2025-2026,slovakia,C,https://www.eliteprospects.com/player/752381/tomas-chrenko,Tomas Chrenko
Tomas Starosta (D),HK Dukla Trencin,43,1,3,4,0.09,8,-3,2025-2026,slovakia,D,https://www.eliteprospects.com/player/12451/tomas-starosta,Tomas Starosta
Juraj Bezuch (C/LW),HK Dukla Trencin,43,6,8,14,0.33,8,-6,2025-2026,slovakia,C/LW,https://www.eliteprospects.com/player/100459/juraj-bezuch,Juraj Bezuch
Adam Goljer (D),HK Dukla Trencin,43,4,7,11,0.26,40,-17,2025-2026,slovakia,D,https://www.eliteprospects.com/player/879380/adam-goljer,Adam Goljer
Lubomir Malina (D),HK Poprad,43,3,8,11,0.26,8,18,2025-2026,slovakia,D,https://www.eliteprospects.com/player/57949/lubomir-malina,Lubomir Malina
Matej Baca (D),HK Nitra,43,1,3,4,0.09,62,3,2025-2026,slovakia,D,https://www.eliteprospects.com/player/177047/matej-baca,Matej Baca
Adam Kalman (D),HK Nitra,43,2,5,7,0.16,6,4,2025-2026,slovakia,D,https://www.eliteprospects.com/player/752380/adam-kalman,Adam Kalman
Alexander Avtsin (RW/LW),Multiple Teams,43,14,14,28,0.65,20,-19,2025-2026,slovakia,RW/LW,https://www.eliteprospects.com/player/38656/alexander-avtsin,Alexander Avtsin
Samuel Solenský (C/RW),HC Slovan Bratislava,43,2,3,5,0.12,4,1,2025-2026,slovakia,C/RW,https://www.eliteprospects.com/player/191362/samuel-solensky,Samuel Solensky
Kristofers Bindulis (D),HK Dukla Michalovce,42,1,7,8,0.19,18,4,2025-2026,slovakia,D,https://www.eliteprospects.com/player/137502/kristofers-bindulis,Kristofers Bindulis
Liam Pecararo (LW/RW),HC Slovan Bratislava,42,20,29,49,1.17,28,11,2025-2026,slovakia,LW/RW,https://www.eliteprospects.com/player/98229/liam-pecararo,Liam Pecararo
Damien Giroux (C/LW),HK Spisska Nova Ves,42,10,16,26,0.62,16,-3,2025-2026,slovakia,C/LW,https://www.eliteprospects.com/player/270155/damien-giroux,Damien Giroux
Juraj Mikus (D),HK Dukla Trencin,42,0,11,11,0.26,39,5,2025-2026,slovakia,D,https://www.eliteprospects.com/player/12533/juraj-mikus,Juraj Mikus
Sebastian Smida (C),Multiple Teams,42,5,8,13,0.31,8,-4,2025-2026,slovakia,C,https://www.eliteprospects.com/player/214935/sebastian-smida,Sebastian Smida
Peter Kundrik (LW/C),HK Poprad,42,3,0,3,0.07,8,1,2025-2026,slovakia,LW/C,https://www.eliteprospects.com/player/275002/peter-kundrik,Peter Kundrik
Vojtech Zelenak (D),Multiple Teams,41,1,5,6,0.15,16,9,2025-2026,slovakia,D,https://www.eliteprospects.com/player/252412/vojtech-zelenak,Vojtech Zelenak
Gabriel Chicoine (D),Vlci Zilina,41,12,21,33,0.8,32,11,2025-2026,slovakia,D,https://www.eliteprospects.com/player/255583/gabriel-chicoine,Gabriel Chicoine
Xavier Cormier (C),HK 32 Liptovsky Mikulas,41,17,17,34,0.83,60,-4,2025-2026,slovakia,C,https://www.eliteprospects.com/player/472761/xavier-cormier,Xavier Cormier
Daniel Kowalczyk (D),HKM Zvolen,41,2,3,5,0.12,14,-3,2025-2026,slovakia,D,https://www.eliteprospects.com/player/273121/daniel-kowalczyk,Daniel Kowalczyk
Jakub Suja (LW/C),HC Presov,41,3,3,6,0.15,12,-18,2025-2026,slovakia,LW/C,https://www.eliteprospects.com/player/15196/jakub-suja,Jakub Suja
Miroslav Macejko (D),Multiple Teams,41,1,4,5,0.12,22,-12,2025-2026,slovakia,D,https://www.eliteprospects.com/player/70395/miroslav-macejko,Miroslav Macejko
Marek Bartánus (RW/LW),HK Dukla Michalovce,41,4,4,8,0.2,8,2,2025-2026,slovakia,RW/LW,https://www.eliteprospects.com/player/10608/marek-bartanus,Marek Bartanus
Tomas Hrnka (C),HK Nitra,40,12,12,24,0.6,20,2,2025-2026,slovakia,C,https://www.eliteprospects.com/player/93311/tomas-hrnka,Tomas Hrnka
Dominik Jendrol (D),HK 32 Liptovsky Mikulas,40,0,4,4,0.1,37,-14,2025-2026,slovakia,D,https://www.eliteprospects.com/player/187791/dominik-jendrol,Dominik Jendrol
Michal Jasenec (RW),HC Banska Bystrica,39,4,4,8,0.21,10,-12,2025-2026,slovakia,RW,https://www.eliteprospects.com/player/530662/michal-jasenec,Michal Jasenec
Juraj Siska (RW/C),HK Dukla Trencin,39,5,12,17,0.44,18,-11,2025-2026,slovakia,RW/C,https://www.eliteprospects.com/player/152763/juraj-siska,Juraj Siska
Stanislav Gron (F),HC Banska Bystrica,39,3,10,13,0.33,8,4,2025-2026,slovakia,F,https://www.eliteprospects.com/player/732031/stanislav-gron,Stanislav Gron
Oldrich Kotvan (D),Multiple Teams,39,2,6,8,0.21,24,-8,2025-2026,slovakia,D,https://www.eliteprospects.com/player/94229/oldrich-kotvan,Oldrich Kotvan
Sebastian Mitro (D),Multiple Teams,39,0,0,0,0.0,6,-2,2025-2026,slovakia,D,https://www.eliteprospects.com/player/742927/sebastian-mitro,Sebastian Mitro
Jakub Kvietok (LW),HC Kosice,39,2,2,4,0.1,4,-4,2025-2026,slovakia,LW,https://www.eliteprospects.com/player/873581/jakub-kvietok,Jakub Kvietok
Jaedon Descheneau (RW/C),HK Dukla Trencin,39,18,22,40,1.03,42,-3,2025-2026,slovakia,RW/C,https://www.eliteprospects.com/player/64576/jaedon-descheneau,Jaedon Descheneau
Timur Ibragimov (LW),HK 32 Liptovsky Mikulas,39,8,14,22,0.56,4,6,2025-2026,slovakia,LW,https://www.eliteprospects.com/player/392594/timur-ibragimov,Timur Ibragimov
Phil Varone (C/W),HK Dukla Trencin,39,11,31,42,1.08,46,-3,2025-2026,slovakia,C/W,https://www.eliteprospects.com/player/15485/phil-varone,Phil Varone
Brenden Miller (D),Vlci Zilina,39,2,14,16,0.41,86,-5,2025-2026,slovakia,D,https://www.eliteprospects.com/player/154705/brenden-miller,Brenden Miller
Andrej Golian (D),HKM Zvolen,38,0,8,8,0.21,47,-4,2025-2026,slovakia,D,https://www.eliteprospects.com/player/423750/andrej-golian,Andrej Golian
Boris Cesanek (D),HC Banska Bystrica,38,2,9,11,0.29,44,15,2025-2026,slovakia,D,https://www.eliteprospects.com/player/473392/boris-cesanek,Boris Cesanek
Michal Kabac (LW/C),HC Banska Bystrica,37,7,3,10,0.27,63,-5,2025-2026,slovakia,LW/C,https://www.eliteprospects.com/player/177051/michal-kabac,Michal Kabac
Daniel Brejcak (D),HKM Zvolen,37,1,6,7,0.19,53,0,2025-2026,slovakia,D,https://www.eliteprospects.com/player/41793/daniel-brejcak,Daniel Brejcak
Filip Bajtek (RW),HK Nitra,37,1,4,5,0.14,43,-4,2025-2026,slovakia,RW,https://www.eliteprospects.com/player/156007/filip-bajtek,Filip Bajtek
Igor Safaraleyev (LW),HK Dukla Michalovce,37,4,11,15,0.41,2,0,2025-2026,slovakia,LW,https://www.eliteprospects.com/player/123111/igor-safaraleyev,Igor Safaraleyev
Dávid Nátny (D),HC Presov,36,1,3,4,0.11,12,-22,2025-2026,slovakia,D,https://www.eliteprospects.com/player/537886/david-natny,David Natny
Viktor Stas (C),HK Spisska Nova Ves,36,1,3,4,0.11,6,-5,2025-2026,slovakia,C,https://www.eliteprospects.com/player/874238/viktor-stas,Viktor Stas
Martin Kalis (C),HK Dukla Trencin,36,0,0,0,0.0,4,0,2025-2026,slovakia,C,https://www.eliteprospects.com/player/690462/martin-kalis,Martin Kalis
Martin Semanak (D),HC Presov,35,1,2,3,0.09,12,-17,2025-2026,slovakia,D,https://www.eliteprospects.com/player/484685/martin-semanak,Martin Semanak
Andrej Fabus (D),HC Slovan Bratislava,35,2,5,7,0.2,6,5,2025-2026,slovakia,D,https://www.eliteprospects.com/player/806030/andrej-fabus,Andrej Fabus
Michal Chovan (LW/C),HC Kosice,35,2,20,22,0.63,39,1,2025-2026,slovakia,LW/C,https://www.eliteprospects.com/player/23657/michal-chovan,Michal Chovan
Kevin Gabor (C/LW),HK Poprad,35,2,2,4,0.11,4,-1,2025-2026,slovakia,C/LW,https://www.eliteprospects.com/player/343376/kevin-gabor,Kevin Gabor
Fabian Licko (D),HC Slovan Bratislava,35,0,5,5,0.14,0,6,2025-2026,slovakia,D,manual_fabian_licko_d,Fabian Licko
Ross MacDougall (D),HC Presov,35,2,12,14,0.4,16,-24,2025-2026,slovakia,D,https://www.eliteprospects.com/player/296145/ross-macdougall,Ross Macdougall
Ivan Matta (F),HK Dukla Michalovce,34,4,3,7,0.21,0,0,2025-2026,slovakia,F,https://www.eliteprospects.com/player/875244/ivan-matta,Ivan Matta
Branislav Kubka (D),HK Dukla Michalovce,34,1,8,9,0.26,6,6,2025-2026,slovakia,D,https://www.eliteprospects.com/player/56384/branislav-kubka,Branislav Kubka
David Okolicany (RW),HK Nitra,34,7,7,14,0.41,36,11,2025-2026,slovakia,RW,https://www.eliteprospects.com/player/223454/david-okolicany,David Okolicany
Timotej Varga (C),HC Kosice,34,0,1,1,0.03,6,-8,2025-2026,slovakia,C,manual_timotej_varga_c,Timotej Varga
Daniel V. Tkac (C),Vlci Zilina,34,7,6,13,0.38,6,-5,2025-2026,slovakia,C,https://www.eliteprospects.com/player/337377/daniel-v.-tkac,Daniel V Tkac
Kirill Dyakov (D),Multiple Teams,33,3,15,18,0.55,18,4,2025-2026,slovakia,D,https://www.eliteprospects.com/player/77147/kirill-dyakov,Kirill Dyakov
David Stransky (D),HC Banska Bystrica,33,2,2,4,0.12,4,9,2025-2026,slovakia,D,https://www.eliteprospects.com/player/179173/david-stransky,David Stransky
Jozef Kukos (F),HKM Zvolen,33,1,2,3,0.09,31,-10,2025-2026,slovakia,F,manual_jozef_kukos_f,Jozef Kukos
Patrik Fric (C/LW),HC Presov,33,2,0,2,0.06,2,-12,2025-2026,slovakia,C/LW,https://www.eliteprospects.com/player/337376/patrik-fric,Patrik Fric
Michael Drábek (RW),Multiple Teams,32,0,3,3,0.09,12,-5,2025-2026,slovakia,RW,https://www.eliteprospects.com/player/292692/michael-drabek,Michael Drabek
Michal Liscinsky (F),HC Kosice,32,0,2,2,0.06,0,-3,2025-2026,slovakia,F,manual_michal_liscinsky_f,Michal Liscinsky
Erik Ullman (D),Multiple Teams,32,5,24,29,0.91,12,-9,2025-2026,slovakia,D,https://www.eliteprospects.com/player/142241/erik-ullman,Erik Ullman
Branislav Mezei (D),HK Nitra,32,0,5,5,0.16,18,16,2025-2026,slovakia,D,https://www.eliteprospects.com/player/8653/branislav-mezei,Branislav Mezei
Milan Pisoja (D),HKM Zvolen,32,2,4,6,0.19,34,-8,2025-2026,slovakia,D,https://www.eliteprospects.com/player/653042/milan-pisoja,Milan Pisoja
Adam Kobolka (D),HKM Zvolen,31,0,2,2,0.06,6,-9,2025-2026,slovakia,D,https://www.eliteprospects.com/player/342972/adam-kobolka,Adam Kobolka
Boris Brincko (D),Multiple Teams,31,2,4,6,0.19,4,-11,2025-2026,slovakia,D,https://www.eliteprospects.com/player/334892/boris-brincko,Boris Brincko
Tomas Marcinko (C),HC Slovan Bratislava,31,9,13,22,0.71,26,11,2025-2026,slovakia,C,https://www.eliteprospects.com/player/9292/tomas-marcinko,Tomas Marcinko
Matus Hlavac (D),HK Dukla Trencin,31,2,4,6,0.19,18,-10,2025-2026,slovakia,D,https://www.eliteprospects.com/player/423710/matus-hlavac,Matus Hlavac
Alex Robert Bily (D),HK 32 Liptovsky Mikulas,31,1,5,6,0.19,73,6,2025-2026,slovakia,D,https://www.eliteprospects.com/player/744098/alex-robert-bily,Alex Robert Bily
Michal Roman (D),HK Dukla Michalovce,30,0,4,4,0.13,2,-1,2025-2026,slovakia,D,https://www.eliteprospects.com/player/216167/michal-roman,Michal Roman
Adam Rockwood (C),Multiple Teams,30,8,15,23,0.77,4,-14,2025-2026,slovakia,C,https://www.eliteprospects.com/player/102455/adam-rockwood,Adam Rockwood
Mathias Laferrière (C/RW),Multiple Teams,30,9,6,15,0.5,39,-10,2025-2026,slovakia,C/RW,https://www.eliteprospects.com/player/382160/mathias-laferriere,Mathias Laferriere
Tomas Zigo (LW),HC Banska Bystrica,30,7,8,15,0.5,20,7,2025-2026,slovakia,LW,https://www.eliteprospects.com/player/70401/tomas-zigo,Tomas Zigo
Maxim Kadlubiak (D),HK 32 Liptovsky Mikulas,30,0,1,1,0.03,2,2,2025-2026,slovakia,D,manual_maxim_kadlubiak_d,Maxim Kadlubiak
Lukas Kozak (D),Multiple Teams,30,1,3,4,0.13,16,-3,2025-2026,slovakia,D,https://www.eliteprospects.com/player/34743/lukas-kozak,Lukas Kozak
Patrik Svitana (RW),HK Dukla Michalovce,30,2,8,10,0.33,20,-8,2025-2026,slovakia,RW,https://www.eliteprospects.com/player/23889/patrik-svitana,Patrik Svitana
Michael Vandas (RW),Multiple Teams,30,3,1,4,0.13,60,-5,2025-2026,slovakia,RW,https://www.eliteprospects.com/player/34757/michael-vandas,Michael Vandas
Eduard Simun (C),HC Slovan Bratislava,30,5,6,11,0.37,4,2,2025-2026,slovakia,C,https://www.eliteprospects.com/player/151739/eduard-simun,Eduard Simun
Michal Stancek (LW),HK Poprad,29,1,1,2,0.07,12,-2,2025-2026,slovakia,LW,https://www.eliteprospects.com/player/561720/michal-stancek,Michal Stancek
Lukas Tomka (F),HC Banska Bystrica,29,2,3,5,0.17,6,-2,2025-2026,slovakia,F,https://www.eliteprospects.com/player/811993/lukas-tomka,Lukas Tomka
Mário Lunter (LW/RW),HC Kosice,29,10,8,18,0.62,18,9,2025-2026,slovakia,LW/RW,https://www.eliteprospects.com/player/89437/mario-lunter,Mario Lunter
Dmitri Kostenko (D),HK Nitra,29,4,14,18,0.62,16,11,2025-2026,slovakia,D,https://www.eliteprospects.com/player/568044/dmitri-kostenko,Dmitri Kostenko
Michal Chatrnuch (D),HC Presov,29,1,3,4,0.14,39,-7,2025-2026,slovakia,D,https://www.eliteprospects.com/player/341456/michal-chatrnuch,Michal Chatrnuch
Tobias Faith (C/W),Multiple Teams,29,0,0,0,0.0,4,-5,2025-2026,slovakia,C/W,https://www.eliteprospects.com/player/725442/tobias-faith,Tobias Faith
Martin Bellus (RW),HK Spisska Nova Ves,29,1,3,4,0.14,64,-1,2025-2026,slovakia,RW,https://www.eliteprospects.com/player/95000/martin-bellus,Martin Bellus
Karol Csányi (LW),Multiple Teams,29,0,0,0,0.0,0,-1,2025-2026,slovakia,LW,https://www.eliteprospects.com/player/57939/karol-csanyi,Karol Csanyi
Gianni Fairbrother (D),HKM Zvolen,29,2,9,11,0.38,28,-10,2025-2026,slovakia,D,https://www.eliteprospects.com/player/350216/gianni-fairbrother,Gianni Fairbrother
Adam Nemec (F),HK Nitra,28,3,12,15,0.54,8,6,2025-2026,slovakia,F,https://www.eliteprospects.com/player/752383/adam-nemec,Adam Nemec
Mick Messner (C/W),HC Banska Bystrica,28,4,4,8,0.29,8,-11,2025-2026,slovakia,C/W,https://www.eliteprospects.com/player/309375/mick-messner,Mick Messner
Kamil Walega (C),Vlci Zilina,28,12,10,22,0.79,20,7,2025-2026,slovakia,C,https://www.eliteprospects.com/player/472669/kamil-walega,Kamil Walega
Tomas Matousek (LW),HC Banska Bystrica,28,1,1,2,0.07,20,-5,2025-2026,slovakia,LW,https://www.eliteprospects.com/player/66012/tomas-matousek,Tomas Matousek
Filip Ahl (LW/RW),HK Dukla Trencin,28,7,12,19,0.68,32,8,2025-2026,slovakia,LW/RW,https://www.eliteprospects.com/player/162177/filip-ahl,Filip Ahl
Jared McIsaac (D),HK Spisska Nova Ves,28,5,14,19,0.68,18,-2,2025-2026,slovakia,D,https://www.eliteprospects.com/player/266786/jared-mcisaac,Jared Mcisaac
Michal Cunderlik (F),HC Banska Bystrica,27,2,2,4,0.15,4,-5,2025-2026,slovakia,F,https://www.eliteprospects.com/player/874018/michal-cunderlik,Michal Cunderlik
Raimonds Vitolins (C),HK Dukla Trencin,27,2,9,11,0.41,6,-7,2025-2026,slovakia,C,manual_raimonds_vitolins_c,Raimonds Vitolins
Danick Martel (LW/C),HK Spisska Nova Ves,27,25,19,44,1.63,16,7,2025-2026,slovakia,LW/C,https://www.eliteprospects.com/player/129039/danick-martel,Danick Martel
Ondrej Maruna (C),Multiple Teams,26,1,2,3,0.12,2,-6,2025-2026,slovakia,C,https://www.eliteprospects.com/player/806074/ondrej-maruna,Ondrej Maruna
Lukas Vartovnik (C),HK Spisska Nova Ves,26,0,0,0,0.0,2,-4,2025-2026,slovakia,C,https://www.eliteprospects.com/player/9296/lukas-vartovnik,Lukas Vartovnik
Jakub Dubravik (LW/RW),Vlci Zilina,26,5,3,8,0.31,6,1,2025-2026,slovakia,LW/RW,https://www.eliteprospects.com/player/806082/jakub-dubravik,Jakub Dubravik
Andrej Zuscak (RW),HC Kosice,26,0,1,1,0.04,0,-5,2025-2026,slovakia,RW,https://www.eliteprospects.com/player/873976/andrej-zuscak,Andrej Zuscak
Richard Podolinsky (F),Multiple Teams,25,1,1,2,0.08,2,3,2025-2026,slovakia,F,https://www.eliteprospects.com/player/725399/richard-podolinsky,Richard Podolinsky
Josh Wesley (D),HKM Zvolen,25,2,9,11,0.44,6,-2,2025-2026,slovakia,D,https://www.eliteprospects.com/player/189578/josh-wesley,Josh Wesley
Roman Kukumberg (LW/RW),HC Slovan Bratislava,24,0,1,1,0.04,14,0,2025-2026,slovakia,LW/RW,https://www.eliteprospects.com/player/640609/roman-kukumberg,Roman Kukumberg
Olivier Archambault (LW/RW),HK Spisska Nova Ves,24,6,17,23,0.96,10,-7,2025-2026,slovakia,LW/RW,https://www.eliteprospects.com/player/45274/olivier-archambault,Olivier Archambault
Tanner Kaspick (C),Multiple Teams,24,3,3,6,0.25,16,-13,2025-2026,slovakia,C,https://www.eliteprospects.com/player/201245/tanner-kaspick,Tanner Kaspick
Albert Michnac (LW/C),Multiple Teams,24,4,8,12,0.5,36,-9,2025-2026,slovakia,LW/C,https://www.eliteprospects.com/player/188976/albert-michnac,Albert Michnac
Dávid Kohút (C),HC Kosice,23,4,2,6,0.26,4,4,2025-2026,slovakia,C,https://www.eliteprospects.com/player/223845/david-kohut,David Kohut
Alex Rimko (D/F),HK Dukla Michalovce,23,0,0,0,0.0,2,1,2025-2026,slovakia,D/F,manual_alex_rimko_d,Alex Rimko
William Rapuzzi (C/RW),HC Presov,23,11,7,18,0.78,10,-3,2025-2026,slovakia,C/RW,https://www.eliteprospects.com/player/37764/william-rapuzzi,William Rapuzzi
Nicholas Baptiste (C/RW),Multiple Teams,23,2,8,10,0.43,2,-9,2025-2026,slovakia,C/RW,https://www.eliteprospects.com/player/106161/nicholas-baptiste,Nicholas Baptiste
Tomas Vajko (D),Vlci Zilina,23,2,0,2,0.09,2,2,2025-2026,slovakia,D,https://www.eliteprospects.com/player/811990/tomas-vajko,Tomas Vajko
Scott Kosmachuk (RW),Vlci Zilina,23,7,7,14,0.61,53,-10,2025-2026,slovakia,RW,https://www.eliteprospects.com/player/91265/scott-kosmachuk,Scott Kosmachuk
Marko Hrenak (D),HK Dukla Trencin,22,0,2,2,0.09,4,3,2025-2026,slovakia,D,https://www.eliteprospects.com/player/734836/marko-hrenak,Marko Hrenak
Branislav Kotvan (RW/C),Multiple Teams,21,1,1,2,0.1,2,-1,2025-2026,slovakia,RW/C,https://www.eliteprospects.com/player/513510/branislav-kotvan,Branislav Kotvan
Miks Indrasis (LW/RW),HC Presov,21,5,7,12,0.57,8,-10,2025-2026,slovakia,LW/RW,https://www.eliteprospects.com/player/18106/miks-indrasis,Miks Indrasis
Carter Savoie (LW/RW),HK Spisska Nova Ves,21,11,10,21,1.0,4,-2,2025-2026,slovakia,LW/RW,https://www.eliteprospects.com/player/201925/carter-savoie,Carter Savoie
Gavin Hain (C/LW),HK Spisska Nova Ves,20,7,3,10,0.5,14,0,2025-2026,slovakia,C/LW,https://www.eliteprospects.com/player/354061/gavin-hain,Gavin Hain
Martin Bakos (LW/RW),HC Slovan Bratislava,20,5,7,12,0.6,8,2,2025-2026,slovakia,LW/RW,https://www.eliteprospects.com/player/17721/martin-bakos,Martin Bakos
Michal Jakubec (F),HK Dukla Trencin,20,3,2,5,0.25,0,4,2025-2026,slovakia,F,manual_michal_jakubec_f,Michal Jakubec
Denis Toth (D),HK Spisska Nova Ves,20,0,0,0,0.0,0,0,2025-2026,slovakia,D,manual_denis_toth_d,Denis Toth
Martin Réway (LW/C),HK 32 Liptovsky Mikulas,20,1,14,15,0.75,8,-6,2025-2026,slovakia,LW/C,https://www.eliteprospects.com/player/94282/martin-reway,Martin Reway
Jan Brejcak (D),HC Presov,20,0,2,2,0.1,67,-16,2025-2026,slovakia,D,https://www.eliteprospects.com/player/28089/jan-brejcak,Jan Brejcak
Miroslav Preisinger (C),HC Slovan Bratislava,19,0,2,2,0.11,27,-1,2025-2026,slovakia,C,https://www.eliteprospects.com/player/19361/miroslav-preisinger,Miroslav Preisinger
Peter Repcik (C/W),HC Kosice,19,6,8,14,0.74,24,2,2025-2026,slovakia,C/W,https://www.eliteprospects.com/player/642637/peter-repcik,Peter Repcik
Simon Betak (RW/LW),Vlci Zilina,19,1,0,1,0.05,4,-5,2025-2026,slovakia,RW/LW,https://www.eliteprospects.com/player/95416/simon-betak,Simon Betak
Jesse Graham (D),HK Nitra,18,2,13,15,0.83,8,7,2025-2026,slovakia,D,https://www.eliteprospects.com/player/92681/jesse-graham,Jesse Graham
Carter Berger (D),HKM Zvolen,18,5,12,17,0.94,12,4,2025-2026,slovakia,D,https://www.eliteprospects.com/player/299029/carter-berger,Carter Berger
Matej Luptak (LW/RW),HC Slovan Bratislava,18,0,0,0,0.0,8,-1,2025-2026,slovakia,LW/RW,https://www.eliteprospects.com/player/640607/matej-luptak,Matej Luptak
Jonny Tychonick (D),HK Spisska Nova Ves,18,3,6,9,0.5,8,-1,2025-2026,slovakia,D,https://www.eliteprospects.com/player/281730/jonny-tychonick,Jonny Tychonick
Nolan Zajac (D),HK Spisska Nova Ves,17,0,3,3,0.18,2,-8,2025-2026,slovakia,D,https://www.eliteprospects.com/player/39714/nolan-zajac,Nolan Zajac
Michal Sedliacik (F),HC Banska Bystrica,17,0,1,1,0.06,0,1,2025-2026,slovakia,F,https://www.eliteprospects.com/player/824196/michal-sedliacik,Michal Sedliacik
Rihards Bukarts (W),HC Presov,17,5,7,12,0.71,4,-5,2025-2026,slovakia,W,https://www.eliteprospects.com/player/52418/rihards-bukarts,Rihards Bukarts
Tim Danielcak (LW),Multiple Teams,17,0,0,0,0.0,0,-4,2025-2026,slovakia,LW,https://www.eliteprospects.com/player/561719/tim-danielcak,Tim Danielcak
Adrien Bartovič (C/W),Vlci Zilina,17,3,1,4,0.24,6,2,2025-2026,slovakia,C/W,https://www.eliteprospects.com/player/748422/adrien-bartovic,Adrien Bartovic
Lubos Stahon (C/RW),HK Dukla Michalovce,17,1,0,1,0.06,0,-1,2025-2026,slovakia,C/RW,https://www.eliteprospects.com/player/731897/lubos-stahon,Lubos Stahon
Alexander Milan Sejna (RW/C),HK 32 Liptovsky Mikulas,17,0,0,0,0.0,0,-2,2025-2026,slovakia,RW/C,https://www.eliteprospects.com/player/734829/alexander-milan-sejna,Alexander Milan Sejna
Adam Stransky (C),HK Dukla Trencin,16,1,1,2,0.13,0,-2,2025-2026,slovakia,C,https://www.eliteprospects.com/player/552391/adam-stransky,Adam Stransky
Arnaud Durandeau (LW),HKM Zvolen,16,7,5,12,0.75,10,0,2025-2026,slovakia,LW,https://www.eliteprospects.com/player/201536/arnaud-durandeau,Arnaud Durandeau
Alexander Lindelöf (D),HK Dukla Michalovce,16,0,6,6,0.38,2,-2,2025-2026,slovakia,D,https://www.eliteprospects.com/player/115435/alexander-lindelof,Alexander Lindelof
Joshua Lawrence (C/RW),HK Nitra,16,5,8,13,0.81,8,5,2025-2026,slovakia,C/RW,https://www.eliteprospects.com/player/201787/joshua-lawrence,Joshua Lawrence
Hunter Fejes (LW),HC Presov,16,4,7,11,0.69,6,-14,2025-2026,slovakia,LW,https://www.eliteprospects.com/player/106299/hunter-fejes,Hunter Fejes
Martin Sluka (D),Multiple Teams,16,0,1,1,0.06,4,-1,2025-2026,slovakia,D,https://www.eliteprospects.com/player/618987/martin-sluka,Martin Sluka
Erik Rajnoha (D),Multiple Teams,15,0,0,0,0.0,6,-2,2025-2026,slovakia,D,https://www.eliteprospects.com/player/274978/erik-rajnoha,Erik Rajnoha
Michal Frankovic (F),HK Spisska Nova Ves,15,0,0,0,0.0,2,-3,2025-2026,slovakia,F,https://www.eliteprospects.com/player/744171/michal-frankovic,Michal Frankovic
Tomas Dudas (C/LW),HK Dukla Trencin,15,0,1,1,0.07,25,-5,2025-2026,slovakia,C/LW,https://www.eliteprospects.com/player/537894/tomas-dudas,Tomas Dudas
Kristian Kriska (LW/RW/C),HK 32 Liptovsky Mikulas,15,1,1,2,0.13,2,-1,2025-2026,slovakia,LW/RW/C,https://www.eliteprospects.com/player/874252/kristian-kriska,Kristian Kriska
Lukas Kuba (F),Multiple Teams,14,0,0,0,0.0,0,-6,2025-2026,slovakia,F,https://www.eliteprospects.com/player/670926/lukas-kuba,Lukas Kuba
Michael Farren (RW/C),HK 32 Liptovsky Mikulas,14,6,8,14,1.0,10,-1,2025-2026,slovakia,RW/C,https://www.eliteprospects.com/player/299581/michael-farren,Michael Farren
Michal Feranec (RW/C),HC Presov,14,1,1,2,0.14,0,-4,2025-2026,slovakia,RW/C,https://www.eliteprospects.com/player/809575/michal-feranec,Michal Feranec
Sean Josling (RW),HK Dukla Trencin,13,2,4,6,0.46,6,-3,2025-2026,slovakia,RW,https://www.eliteprospects.com/player/273638/sean-josling,Sean Josling
Tommy Cormier (C/LW),HC Presov,13,2,5,7,0.54,4,-6,2025-2026,slovakia,C/LW,https://www.eliteprospects.com/player/485740/tommy-cormier,Tommy Cormier
Jozef Svec (LW),HK Dukla Trencin,13,1,1,2,0.15,4,-4,2025-2026,slovakia,LW,https://www.eliteprospects.com/player/157397/jozef-svec,Jozef Svec
Filips Buncis (C),HC Presov,12,0,3,3,0.25,33,-8,2025-2026,slovakia,C,https://www.eliteprospects.com/player/214275/filips-buncis,Filips Buncis
Miroslav Novota (D),Multiple Teams,12,0,3,3,0.25,2,-3,2025-2026,slovakia,D,https://www.eliteprospects.com/player/554021/miroslav-novota,Miroslav Novota
Peter Valent (D),HK Nitra,12,0,3,3,0.25,0,0,2025-2026,slovakia,D,https://www.eliteprospects.com/player/731637/peter-valent,Peter Valent
Patriks Zabusovs (RW/LW),HC Presov,12,4,1,5,0.42,6,-2,2025-2026,slovakia,RW/LW,https://www.eliteprospects.com/player/498730/patriks-zabusovs,Patriks Zabusovs
Leo Eperjesi (D),HC Presov,12,0,0,0,0.0,8,-2,2025-2026,slovakia,D,manual_leo_eperjesi_d,Leo Eperjesi
Peter Gonda (F),HK Spisska Nova Ves,12,0,0,0,0.0,0,-1,2025-2026,slovakia,F,https://www.eliteprospects.com/player/653118/peter-gonda,Peter Gonda
Ville Leskinen (LW/RW),HK Dukla Trencin,12,6,1,7,0.58,16,-3,2025-2026,slovakia,LW/RW,https://www.eliteprospects.com/player/149333/ville-leskinen,Ville Leskinen
Ostap Safin (RW/LW),HK Dukla Trencin,11,1,2,3,0.27,2,0,2025-2026,slovakia,RW/LW,https://www.eliteprospects.com/player/272770/ostap-safin,Ostap Safin
Kristian Reznicak (F),HK Dukla Trencin,11,0,0,0,0.0,2,-2,2025-2026,slovakia,F,manual_kristian_reznicak_f,Kristian Reznicak
Robert Matula (C),HKM Zvolen,11,0,0,0,0.0,0,0,2025-2026,slovakia,C,manual_robert_matula_c,Robert Matula
Kristian Meszaros (D),HC Banska Bystrica,11,0,0,0,0.0,0,-3,2025-2026,slovakia,D,https://www.eliteprospects.com/player/484687/kristian-meszaros,Kristian Meszaros
Samuel Bucek (LW),HK Nitra,11,6,5,11,1.0,4,1,2025-2026,slovakia,LW,https://www.eliteprospects.com/player/225621/samuel-bucek,Samuel Bucek
Jan Bartos (LW/RW),HC Kosice,11,0,1,1,0.09,0,1,2025-2026,slovakia,LW/RW,https://www.eliteprospects.com/player/605083/jan-bartos,Jan Bartos
Ondrej Tariska (F),HC Kosice,11,0,1,1,0.09,0,-2,2025-2026,slovakia,F,manual_ondrej_tariska_f,Ondrej Tariska
Branden Troock (RW),HKM Zvolen,11,2,6,8,0.73,12,-2,2025-2026,slovakia,RW,https://www.eliteprospects.com/player/51702/branden-troock,Branden Troock
Logan Will (C),HK Spisska Nova Ves,11,2,5,7,0.64,6,-3,2025-2026,slovakia,C,manual_logan_will_c,Logan Will
Danila Kadyrov (D),HC Presov,11,0,3,3,0.27,6,-6,2025-2026,slovakia,D,manual_danila_kadyrov_d,Danila Kadyrov
David Sencak (C/W),HKM Zvolen,11,0,2,2,0.18,2,2,2025-2026,slovakia,C/W,https://www.eliteprospects.com/player/709737/david-sencak,David Sencak
Marek Hudec (D),HC Presov,10,1,0,1,0.1,10,-7,2025-2026,slovakia,D,https://www.eliteprospects.com/player/157998/marek-hudec,Marek Hudec
Roman Karaffa (D/F),Multiple Teams,10,1,0,1,0.1,2,-4,2025-2026,slovakia,D/F,https://www.eliteprospects.com/player/275041/roman-karaffa,Roman Karaffa
Frantisek Dej (C),HC Banska Bystrica,10,1,0,1,0.1,4,1,2025-2026,slovakia,C,https://www.eliteprospects.com/player/640612/frantisek-dej,Frantisek Dej
Matej Kulha (F),HK Poprad,10,0,0,0,0.0,2,1,2025-2026,slovakia,F,manual_matej_kulha_f,Matej Kulha
Samuel Hybsky (F),HKM Zvolen,10,0,0,0,0.0,0,-3,2025-2026,slovakia,F,https://www.eliteprospects.com/player/922688/samuel-hybsky,Samuel Hybsky
Alex Cajkovic (D),HK 32 Liptovsky Mikulas,10,0,2,2,0.2,8,2,2025-2026,slovakia,D,https://www.eliteprospects.com/player/654036/alex-cajkovic,Alex Cajkovic
Ladislav Romancik (D),HK Poprad,9,0,0,0,0.0,4,0,2025-2026,slovakia,D,https://www.eliteprospects.com/player/177062/ladislav-romancik,Ladislav Romancik
Miks Tumānovs (D),HC Presov,9,2,0,2,0.22,6,-3,2025-2026,slovakia,D,https://www.eliteprospects.com/player/476823/miks-tum%C4%81novs,Miks Tumanovs
Pavol Stetka (C),Multiple Teams,9,0,0,0,0.0,0,-4,2025-2026,slovakia,C,https://www.eliteprospects.com/player/561976/pavol-stetka,Pavol Stetka
Filip Mezovský (D),HK 32 Liptovsky Mikulas,9,0,0,0,0.0,4,-9,2025-2026,slovakia,D,https://www.eliteprospects.com/player/102446/filip-mezovsky,Filip Mezovsky
Dante Hannoun (C/RW),HC Presov,9,0,1,1,0.11,4,-9,2025-2026,slovakia,C/RW,https://www.eliteprospects.com/player/245570/dante-hannoun,Dante Hannoun
Alex Novota (RW),HC Presov,9,0,0,0,0.0,2,-3,2025-2026,slovakia,RW,https://www.eliteprospects.com/player/561840/alex-novota,Alex Novota
Brendan Shinnimin (LW),HC Slovan Bratislava,9,1,4,5,0.56,6,3,2025-2026,slovakia,LW,https://www.eliteprospects.com/player/37254/brendan-shinnimin,Brendan Shinnimin
Jeremy Bracco (LW/RW),HK Poprad,9,1,4,5,0.56,2,-6,2025-2026,slovakia,LW/RW,https://www.eliteprospects.com/player/197800/jeremy-bracco,Jeremy Bracco
Zach Taylor (D),HC Presov,9,1,3,4,0.44,8,-3,2025-2026,slovakia,D,https://www.eliteprospects.com/player/299296/zach-taylor,Zach Taylor
Lukas Hamracek (RW),HC Presov,9,3,0,3,0.33,0,-6,2025-2026,slovakia,RW,https://www.eliteprospects.com/player/173173/lukas-hamracek,Lukas Hamracek
Anton Berlyov (C),HC Presov,8,0,1,1,0.13,2,-8,2025-2026,slovakia,C,https://www.eliteprospects.com/player/211730/anton-berlyov,Anton Berlyov
Chad Hillebrand (LW/C),HK Poprad,8,1,3,4,0.5,2,-2,2025-2026,slovakia,LW/C,https://www.eliteprospects.com/player/284070/chad-hillebrand,Chad Hillebrand
Timotej Sille (C/W),HC Presov,8,1,1,2,0.25,2,-1,2025-2026,slovakia,C/W,https://www.eliteprospects.com/player/155114/timotej-sille,Timotej Sille
Joël Teasdale (LW/RW),HK Spisska Nova Ves,8,1,2,3,0.38,4,-3,2025-2026,slovakia,LW/RW,https://www.eliteprospects.com/player/201546/joel-teasdale,Joel Teasdale
Oliver Turan (D),Multiple Teams,8,0,0,0,0.0,2,-1,2025-2026,slovakia,D,https://www.eliteprospects.com/player/388196/oliver-turan,Oliver Turan
Milan Paucik (F),HC Banska Bystrica,7,1,1,2,0.29,0,2,2025-2026,slovakia,F,manual_milan_paucik_f,Milan Paucik
Tanner Dickinson (C/LW),HC Presov,7,0,3,3,0.43,0,-3,2025-2026,slovakia,C/LW,https://www.eliteprospects.com/player/201761/tanner-dickinson,Tanner Dickinson
Samuel Sramaty (RW),HC Slovan Bratislava,7,1,0,1,0.14,0,0,2025-2026,slovakia,RW,manual_samuel_sramaty_rw,Samuel Sramaty
Lauri Sertti (D),HK Dukla Michalovce,6,0,1,1,0.17,4,1,2025-2026,slovakia,D,https://www.eliteprospects.com/player/301326/lauri-sertti,Lauri Sertti
Michal Sulovsky (LW),HKM Zvolen,6,0,1,1,0.17,2,-1,2025-2026,slovakia,LW,https://www.eliteprospects.com/player/388227/michal-sulovsky,Michal Sulovsky
Wyatt McLeod (D),HK Poprad,6,0,1,1,0.17,4,0,2025-2026,slovakia,D,https://www.eliteprospects.com/player/350126/wyatt-mcleod,Wyatt Mcleod
Simon Becar (D),HK Dukla Trencin,6,0,1,1,0.17,0,-1,2025-2026,slovakia,D,https://www.eliteprospects.com/player/561815/simon-becar,Simon Becar
Nathan Dunkley (C/LW),HC Banska Bystrica,6,0,1,1,0.17,2,-3,2025-2026,slovakia,C/LW,https://www.eliteprospects.com/player/345583/nathan-dunkley,Nathan Dunkley
Jakub Linet (C/LW),Multiple Teams,6,0,0,0,0.0,2,-4,2025-2026,slovakia,C/LW,https://www.eliteprospects.com/player/83647/jakub-linet,Jakub Linet
David Buc (C/LW),HC Banska Bystrica,6,0,0,0,0.0,0,0,2025-2026,slovakia,C/LW,https://www.eliteprospects.com/player/10606/david-buc,David Buc
Juraj Rausa (F),HKM Zvolen,6,0,0,0,0.0,0,0,2025-2026,slovakia,F,manual_juraj_rausa_f,Juraj Rausa
Radek Deyl (D),HC Kosice,6,0,0,0,0.0,4,-1,2025-2026,slovakia,D,https://www.eliteprospects.com/player/28087/radek-deyl,Radek Deyl
Samuel Nikmon (D),HK Dukla Trencin,6,0,0,0,0.0,0,-2,2025-2026,slovakia,D,https://www.eliteprospects.com/player/874194/samuel-nikmon,Samuel Nikmon
Matus Ziak (D),HKM Zvolen,6,0,0,0,0.0,0,0,2025-2026,slovakia,D,manual_matus_ziak_d,Matus Ziak
Adrian Dula (F),HK Poprad,6,0,0,0,0.0,0,0,2025-2026,slovakia,F,manual_adrian_dula_f,Adrian Dula
Sebastian Jasecko (D),HC Presov,5,0,0,0,0.0,10,-6,2025-2026,slovakia,D,https://www.eliteprospects.com/player/559572/sebastian-jasecko,Sebastian Jasecko
Tyler Wong (RW/C),HK Poprad,5,0,0,0,0.0,2,-6,2025-2026,slovakia,RW/C,https://www.eliteprospects.com/player/62109/tyler-wong,Tyler Wong
Branislav Ligas (D),HK Dukla Michalovce,5,0,0,0,0.0,0,-6,2025-2026,slovakia,D,https://www.eliteprospects.com/player/336530/branislav-ligas,Branislav Ligas
Roberts Bukarts (LW/RW),HK Dukla Trencin,5,1,1,2,0.4,0,1,2025-2026,slovakia,LW/RW,https://www.eliteprospects.com/player/11842/roberts-bukarts,Roberts Bukarts
Miroslav Kalousek (F),HK 32 Liptovsky Mikulas,5,1,1,2,0.4,2,0,2025-2026,slovakia,F,manual_miroslav_kalousek_f,Miroslav Kalousek
Hudson Elynuik (C/LW),HK 32 Liptovsky Mikulas,5,2,1,3,0.6,25,-4,2025-2026,slovakia,C/LW,https://www.eliteprospects.com/player/107909/hudson-elynuik,Hudson Elynuik
Andrej Stefanik (RW),Vlci Zilina,4,0,0,0,0.0,0,-1,2025-2026,slovakia,RW,manual_andrej_stefanik_rw,Andrej Stefanik
Peter Benjamin Ziak (LW),HC Banska Bystrica,4,0,1,1,0.25,0,0,2025-2026,slovakia,LW,manual_peter_benjamin_ziak_lw,Peter Benjamin Ziak
Marek Slovák (C),Multiple Teams,4,0,1,1,0.25,4,-6,2025-2026,slovakia,C,https://www.eliteprospects.com/player/15192/marek-slovak,Marek Slovak
Peter Hrasko (D),HKM Zvolen,4,0,0,0,0.0,2,2,2025-2026,slovakia,D,https://www.eliteprospects.com/player/34745/peter-hrasko,Peter Hrasko
Jan Nahalka (D),HK Dukla Trencin,4,0,0,0,0.0,0,-1,2025-2026,slovakia,D,https://www.eliteprospects.com/player/269657/jan-nahalka,Jan Nahalka
Frantisek Pulscak (D/C),Multiple Teams,4,0,0,0,0.0,0,-6,2025-2026,slovakia,D/C,https://www.eliteprospects.com/player/250475/frantisek-pulscak,Frantisek Pulscak
Zach Senyshyn (RW),Vlci Zilina,4,0,2,2,0.5,0,3,2025-2026,slovakia,RW,https://www.eliteprospects.com/player/245108/zach-senyshyn,Zach Senyshyn
Logan Nijhoff (C/LW),HC Slovan Bratislava,4,0,2,2,0.5,2,-2,2025-2026,slovakia,C/LW,https://www.eliteprospects.com/player/407063/logan-nijhoff,Logan Nijhoff
Oliver Kolba (F),HK Poprad,3,0,0,0,0.0,0,0,2025-2026,slovakia,F,manual_oliver_kolba_f,Oliver Kolba
Marek Sloboda (LW/RW),HC Presov,3,0,0,0,0.0,0,-3,2025-2026,slovakia,LW/RW,https://www.eliteprospects.com/player/236588/marek-sloboda,Marek Sloboda
Samuel Simon (D),HKM Zvolen,3,0,0,0,0.0,0,0,2025-2026,slovakia,D,https://www.eliteprospects.com/player/824251/samuel-simon,Samuel Simon
Samuel Kizak (F),HK Dukla Michalovce,3,0,0,0,0.0,0,0,2025-2026,slovakia,F,https://www.eliteprospects.com/player/875243/samuel-kizak,Samuel Kizak
Zigmund Zöld (C),HC Presov,3,0,0,0,0.0,0,-1,2025-2026,slovakia,C,https://www.eliteprospects.com/player/653090/zigmund-zold,Zigmund Zold
Patrik Timko (LW),HC Kosice,3,0,0,0,0.0,0,-2,2025-2026,slovakia,LW,manual_patrik_timko_lw,Patrik Timko
Lukas Urdak (LW/RW),Vlci Zilina,3,0,0,0,0.0,0,0,2025-2026,slovakia,LW/RW,manual_lukas_urdak_lw,Lukas Urdak
Oliver Fatul (D),HC Slovan Bratislava,3,0,0,0,0.0,0,0,2025-2026,slovakia,D,https://www.eliteprospects.com/player/292071/oliver-fatul,Oliver Fatul
Tomas Naus (LW/RW),HC Banska Bystrica,3,0,0,0,0.0,0,0,2025-2026,slovakia,LW/RW,https://www.eliteprospects.com/player/477208/tomas-naus,Tomas Naus
Matus Bodnar (LW),Multiple Teams,3,0,0,0,0.0,0,-2,2025-2026,slovakia,LW,https://www.eliteprospects.com/player/271711/matus-bodnar,Matus Bodnar
Anthony Salinitri (C),HK Spisska Nova Ves,3,1,1,2,0.67,0,1,2025-2026,slovakia,C,manual_anthony_salinitri_c,Anthony Salinitri
Jakub Jakubik (D/C),Vlci Zilina,3,0,1,1,0.33,0,0,2025-2026,slovakia,D/C,manual_jakub_jakubik_d,Jakub Jakubik
Michal Pristach (D),HKM Zvolen,2,0,0,0,0.0,0,0,2025-2026,slovakia,D,manual_michal_pristach_d,Michal Pristach
Michal Králik (F),HK Spisska Nova Ves,2,0,0,0,0.0,0,0,2025-2026,slovakia,F,https://www.eliteprospects.com/player/337361/michal-kralik,Michal Kralik
Adam Barcik (LW),Multiple Teams,2,0,0,0,0.0,0,-2,2025-2026,slovakia,LW,https://www.eliteprospects.com/player/657449/adam-barcik,Adam Barcik
Adam Sabadka (F),HK Dukla Trencin,2,0,0,0,0.0,0,0,2025-2026,slovakia,F,manual_adam_sabadka_f,Adam Sabadka
Jan Urban (D),Multiple Teams,2,0,0,0,0.0,0,1,2025-2026,slovakia,D,https://www.eliteprospects.com/player/557417/jan-urban,Jan Urban
Matej Beres (D),HC Slovan Bratislava,2,0,0,0,0.0,0,0,2025-2026,slovakia,D,manual_matej_beres_d,Matej Beres
Peter Melcher (RW/LW),HC Presov,2,0,0,0,0.0,0,0,2025-2026,slovakia,RW/LW,https://www.eliteprospects.com/player/292090/peter-melcher,Peter Melcher
Lucas Novak (F),HC Banska Bystrica,2,0,0,0,0.0,0,0,2025-2026,slovakia,F,manual_lucas_novak_f,Lucas Novak
David Hajnik (LW/RW),HC Presov,2,0,0,0,0.0,0,-3,2025-2026,slovakia,LW/RW,https://www.eliteprospects.com/player/561988/david-hajnik,David Hajnik
Maxim Simko (C),HK Nitra,2,0,1,1,0.5,0,0,2025-2026,slovakia,C,manual_maxim_simko_c,Maxim Simko
Simon Suranyi (D),HK 32 Liptovsky Mikulas,2,0,0,0,0.0,2,-2,2025-2026,slovakia,D,manual_simon_suranyi_d,Simon Suranyi
Kristian Renner (D),HK Poprad,2,0,0,0,0.0,0,0,2025-2026,slovakia,D,manual_kristian_renner_d,Kristian Renner
Klym Luchkin (F),HK Dukla Michalovce,1,0,0,0,0.0,0,0,2025-2026,slovakia,F,manual_klym_luchkin_f,Klym Luchkin
Vojtech Kral (D),HK Spisska Nova Ves,1,0,0,0,0.0,0,0,2025-2026,slovakia,D,manual_vojtech_kral_d,Vojtech Kral
Branislav Barger (D),HC Kosice,1,0,0,0,0.0,0,0,2025-2026,slovakia,D,manual_branislav_barger_d,Branislav Barger
Adam Salon (C),HK Poprad,1,0,0,0,0.0,0,0,2025-2026,slovakia,C,manual_adam_salon_c,Adam Salon
Frederik Balko (F),HK Dukla Trencin,1,0,0,0,0.0,0,0,2025-2026,slovakia,F,manual_frederik_balko_f,Frederik Balko
Tomas Novobilsky (D),HK Poprad,1,0,0,0,0.0,0,0,2025-2026,slovakia,D,manual_tomas_novobilsky_d,Tomas Novobilsky
Frederik Knapik (D),HK Poprad,1,0,0,0,0.0,0,0,2025-2026,slovakia,D,manual_frederik_knapik_d,Frederik Knapik
Simon Kalousek (C),Multiple Teams,1,0,0,0,0.0,2,0,2025-2026,slovakia,C,https://www.eliteprospects.com/player/337348/simon-kalousek,Simon Kalousek
Matej Hasaj (C),HC Slovan Bratislava,1,0,0,0,0.0,0,0,2025-2026,slovakia,C,manual_matej_hasaj_c,Matej Hasaj
Roman Biba (D),HKM Zvolen,1,0,0,0,0.0,0,0,2025-2026,slovakia,D,manual_roman_biba_d,Roman Biba
Jakub Durisin (F),HC Slovan Bratislava,1,0,0,0,0.0,0,0,2025-2026,slovakia,F,manual_jakub_durisin_f,Jakub Durisin
Dominik Drapak (F),HKM Zvolen,1,0,0,0,0.0,0,0,2025-2026,slovakia,F,manual_dominik_drapak_f,Dominik Drapak
Alex Geci (C),HC Slovan Bratislava,1,0,0,0,0.0,0,0,2025-2026,slovakia,C,https://www.eliteprospects.com/player/527492/alex-geci,Alex Geci
Martin Daloga (LW/C),HK 32 Liptovsky Mikulas,1,0,0,0,0.0,0,-1,2025-2026,slovakia,LW/C,https://www.eliteprospects.com/player/95707/martin-daloga,Martin Daloga
Martin Suty (RW/LW),HK Spisska Nova Ves,1,0,0,0,0.0,0,0,2025-2026,slovakia,RW/LW,https://www.eliteprospects.com/player/653115/martin-suty,Martin Suty
Maxim Petras (D),HC Slovan Bratislava,1,0,0,0,0.0,0,0,2025-2026,slovakia,D,manual_maxim_petras_d,Maxim Petras
Samuel Plucinsky (D),HK Poprad,1,0,0,0,0.0,0,-1,2025-2026,slovakia,D,https://www.eliteprospects.com/player/874166/samuel-plucinsky,Samuel Plucinsky
Vaclav Stupka (LW),HKM Zvolen,1,0,0,0,0.0,0,-2,2025-2026,slovakia,LW,https://www.eliteprospects.com/player/53974/vaclav-stupka,Vaclav Stupka
Alex Rene Bartakovics (C),HK Spisska Nova Ves,1,0,0,0,0.0,0,0,2025-2026,slovakia,C,https://www.eliteprospects.com/player/657693/alex-rene-bartakovics,Alex Rene Bartakovics
Oliver Botka (D),HK Nitra,1,0,0,0,0.0,0,0,2025-2026,slovakia,D,manual_oliver_botka_d,Oliver Botka
Marcus Krsak (D),HK Dukla Trencin,1,0,0,0,0.0,0,0,2025-2026,slovakia,D,manual_marcus_krsak_d,Marcus Krsak
Leo Habda (F),HC Slovan Bratislava,1,0,0,0,0.0,0,0,2025-2026,slovakia,F,manual_leo_habda_f,Leo Habda
Damian Kravcak (F),HC Banska Bystrica,1,0,0,0,0.0,0,0,2025-2026,slovakia,F,manual_damian_kravcak_f,Damian Kravcak
Jakub Cibak (D),Multiple Teams,1,0,0,0,0.0,2,0,2025-2026,slovakia,D,https://www.eliteprospects.com/player/304254/jakub-cibak,Jakub Cibak
Lukas Toma (C/LW),HC 19 Humenné,0,0,0,0,0.0,0,0,2025-2026,slovakia,C/LW,https://www.eliteprospects.com/player/230746/lukas-toma,Lukas Toma
Jakub Pisoja (D),HC 19 Humenné,0,0,0,0,0.0,0,0,2025-2026,slovakia,D,manual_jakub_pisoja_d,Jakub Pisoja
Thomas Darcy (D),HK Skalica,0,0,0,0,0.0,0,0,2025-2026,slovakia,D,manual_thomas_darcy_d,Thomas Darcy
Patrik Lusnak (LW/RW),HC 19 Humenné,0,0,0,0,0.0,0,0,2025-2026,slovakia,LW/RW,https://www.eliteprospects.com/player/13840/patrik-lusnak,Patrik Lusnak
Petr Kubicek (D),HK Skalica,0,0,0,0,0.0,0,0,2025-2026,slovakia,D,manual_petr_kubicek_d,Petr Kubicek
Michal Satek (LW),HK Skalica,0,0,0,0,0.0,0,0,2025-2026,slovakia,LW,manual_michal_satek_lw,Michal Satek
Michal Fridel (D),HK Skalica,0,0,0,0,0.0,0,0,2025-2026,slovakia,D,https://www.eliteprospects.com/player/561894/michal-fridel,Michal Fridel
Juraj Jurík (RW/C),HK Skalica,0,0,0,0,0.0,0,0,2025-2026,slovakia,RW/C,https://www.eliteprospects.com/player/93320/juraj-jurik,Juraj Jurik
Peter Novajovsky (D),HK Skalica,0,0,0,0,0.0,0,0,2025-2026,slovakia,D,https://www.eliteprospects.com/player/15191/peter-novajovsky,Peter Novajovsky
Ondrej Janik (D),HK Skalica,0,0,0,0,0.0,0,0,2025-2026,slovakia,D,manual_ondrej_janik_d,Ondrej Janik
Patrik Filip (F),HK Skalica,0,0,0,0,0.0,0,0,2025-2026,slovakia,F,manual_patrik_filip_f,Patrik Filip
Lukas Dudas (LW/C),HK Skalica,0,0,0,0,0.0,0,0,2025-2026,slovakia,LW/C,manual_lukas_dudas_lw,Lukas Dudas
Petr Obdrzalek (LW),HK Skalica,0,0,0,0,0.0,0,0,2025-2026,slovakia,LW,https://www.eliteprospects.com/player/35859/petr-obdrzalek,Petr Obdrzalek
Danila Sachkov (F),HK Skalica,0,0,0,0,0.0,0,0,2025-2026,slovakia,F,manual_danila_sachkov_f,Danila Sachkov
Jakub Hudec (D),HC Kosice,0,0,0,0,0.0,0,0,2025-2026,slovakia,D,https://www.eliteprospects.com/player/642628/jakub-hudec,Jakub Hudec
Jakub Fungac (C),HK Skalica,0,0,0,0,0.0,0,0,2025-2026,slovakia,C,manual_jakub_fungac_c,Jakub Fungac
Lukas Knapik (LW),HK Poprad,0,0,0,0,0.0,0,0,2025-2026,slovakia,LW,manual_lukas_knapik_lw,Lukas Knapik
Patrik Rychlik (F),HK Poprad,0,0,0,0,0.0,0,0,2025-2026,slovakia,F,manual_patrik_rychlik_f,Patrik Rychlik
Jakub Ragan (LW),HC 19 Humenné,0,0,0,0,0.0,0,0,2025-2026,slovakia,LW,https://www.eliteprospects.com/player/473373/jakub-ragan,Jakub Ragan
Vsevolod Kurovskyi (RW/LW),HC 19 Humenné,0,0,0,0,0.0,0,0,2025-2026,slovakia,RW/LW,https://www.eliteprospects.com/player/734398/vsevolod-kurovskyi,Vsevolod Kurovskyi
Jakub Strban (D),HK 32 Liptovsky Mikulas,0,0,0,0,0.0,0,0,2025-2026,slovakia,D,https://www.eliteprospects.com/player/872678/jakub-strban,Jakub Strban
Samuel Rehák (C),HK 32 Liptovsky Mikulas,0,0,0,0,0.0,0,0,2025-2026,slovakia,C,https://www.eliteprospects.com/player/484682/samuel-rehak,Samuel Rehak
Ty Prefontaine (D),HC Presov,0,0,0,0,0.0,0,0,2025-2026,slovakia,D,manual_ty_prefontaine_d,Ty Prefontaine
Radovan Pulis (RW/C),HKM Zvolen,0,0,0,0,0.0,0,0,2025-2026,slovakia,RW/C,https://www.eliteprospects.com/player/19367/radovan-pulis,Radovan Pulis
Patrik Vavercak (D),HK Spisska Nova Ves,0,0,0,0,0.0,0,0,2025-2026,slovakia,D,https://www.eliteprospects.com/player/731639/patrik-vavercak,Patrik Vavercak
Frantisek Ridzon (RW/LW),HC Slovan Bratislava,0,0,0,0,0.0,0,0,2025-2026,slovakia,RW/LW,https://www.eliteprospects.com/player/595305/frantisek-ridzon,Frantisek Ridzon
Parker Gavlas (D),HC Presov,0,0,0,0,0.0,0,0,2025-2026,slovakia,D,https://www.eliteprospects.com/player/201554/parker-gavlas,Parker Gavlas
Lubomir Skapik (D),HK Skalica,0,0,0,0,0.0,0,0,2025-2026,slovakia,D,manual_lubomir_skapik_d,Lubomir Skapik
Richard Nemec (C/RW),HK Skalica,0,0,0,0,0.0,0,0,2025-2026,slovakia,C/RW,https://www.eliteprospects.com/player/484686/richard-nemec,Richard Nemec
Michal Bulik (C),HK Skalica,0,0,0,0,0.0,0,0,2025-2026,slovakia,C,https://www.eliteprospects.com/player/709738/michal-bulik,Michal Bulik
Patrik Sokoli (LW/RW),HC 19 Humenné,0,0,0,0,0.0,0,0,2025-2026,slovakia,LW/RW,https://www.eliteprospects.com/player/542975/patrik-sokoli,Patrik Sokoli
Roman Zitny (RW/LW),HC 19 Humenné,0,0,0,0,0.0,0,0,2025-2026,slovakia,RW/LW,https://www.eliteprospects.com/player/223456/roman-zitny,Roman Zitny
Yevgeni Rymarev (RW/LW),HC 19 Humenné,0,0,0,0,0.0,0,0,2025-2026,slovakia,RW/LW,https://www.eliteprospects.com/player/15278/yevgeni-rymarev,Yevgeni Rymarev
Roman Jurák (RW/C),HK Skalica,0,0,0,0,0.0,0,0,2025-2026,slovakia,RW/C,https://www.eliteprospects.com/player/48063/roman-jurak,Roman Jurak
Rastislav Spirko (C/LW),HK Skalica,0,0,0,0,0.0,0,0,2025-2026,slovakia,C/LW,https://www.eliteprospects.com/player/9646/rastislav-spirko,Rastislav Spirko
Martin Krajnak (C),HC 19 Humenné,0,0,0,0,0.0,0,0,2025-2026,slovakia,C,https://www.eliteprospects.com/player/208867/martin-krajnak,Martin Krajnak
Dominik Borov (C),HC 19 Humenné,0,0,0,0,0.0,0,0,2025-2026,slovakia,C,https://www.eliteprospects.com/player/342374/dominik-borov,Dominik Borov
Filip Vrabel (C/LW),HC 19 Humenné,0,0,0,0,0.0,0,0,2025-2026,slovakia,C/LW,https://www.eliteprospects.com/player/223462/filip-vrabel,Filip Vrabel
Filip Vasko (LW/RW),HC 19 Humenné,0,0,0,0,0.0,0,0,2025-2026,slovakia,LW/RW,https://www.eliteprospects.com/player/66015/filip-vasko,Filip Vasko
Artyom Zhelezkov (C),HC 19 Humenné,0,0,0,0,0.0,0,0,2025-2026,slovakia,C,https://www.eliteprospects.com/player/238265/artyom-zhelezkov,Artyom Zhelezkov
Branislav Pavúk (D),HC 19 Humenné,0,0,0,0,0.0,0,0,2025-2026,slovakia,D,https://www.eliteprospects.com/player/166369/branislav-pavuk,Branislav Pavuk
Matej Jacko (D),HC 19 Humenné,0,0,0,0,0.0,0,0,2025-2026,slovakia,D,https://www.eliteprospects.com/player/556418/matej-jacko,Matej Jacko
Alexander Zekucia (D),HC 19 Humenné,0,0,0,0,0.0,0,0,2025-2026,slovakia,D,https://www.eliteprospects.com/player/335790/alexander-zekucia,Alexander Zekucia
Viktor Shakhvorostov (LW),HC 19 Humenné,0,0,0,0,0.0,0,0,2025-2026,slovakia,LW,https://www.eliteprospects.com/player/108662/viktor-shakhvorostov,Viktor Shakhvorostov
Roderik Cernak (D),HC Slovan Bratislava,0,0,0,0,0.0,0,0,2025-2026,slovakia,D,manual_roderik_cernak_d,Roderik Cernak
Lukas Janca (C/W),HC Slovan Bratislava,0,0,0,0,0.0,0,0,2025-2026,slovakia,C/W,manual_lukas_janca_c,Lukas Janca
